date,BBDC3
2025-10-03,14.71
2025-10-02,14.71
2025-10-01,14.93
2025-09-30,15.23
2025-09-29,15.28
2025-09-26,15.09
2025-09-25,15.01
2025-09-24,15.17
2025-09-23,15.3
2025-09-22,15.17
2025-09-19,15.13
2025-09-18,14.88
2025-09-17,15.04
2025-09-16,14.6
2025-09-15,14.6
2025-09-12,14.41
2025-09-11,14.57
2025-09-10,14.42
2025-09-09,14.54
2025-09-08,14.64
2025-09-05,14.71
2025-09-04,14.39
2025-09-03,14.09
2025-09-02,14.07
2025-09-01,14.34
2025-08-29,14.44
2025-08-28,14.38
2025-08-27,14.05
2025-08-26,14.03
2025-08-25,14.01
2025-08-22,13.96
2025-08-21,13.56
2025-08-20,13.6
2025-08-19,13.54
2025-08-18,14.0
2025-08-15,13.79
2025-08-14,13.8
2025-08-13,13.82
2025-08-12,13.97
2025-08-11,13.68
2025-08-08,13.71
2025-08-07,13.59
2025-08-06,13.52
2025-08-05,13.52
2025-08-04,13.49
2025-08-01,13.38
2025-07-31,13.4
2025-07-30,13.46
2025-07-29,13.27
2025-07-28,13.27
2025-07-25,13.38
2025-07-24,13.49
2025-07-23,13.63
2025-07-22,13.41
2025-07-21,13.48
2025-07-18,13.45
2025-07-17,13.77
2025-07-16,13.77
2025-07-15,13.83
2025-07-14,13.82
2025-07-11,13.83
2025-07-10,13.88
2025-07-09,14.06
2025-07-08,14.21
2025-07-07,14.24
2025-07-04,14.41
2025-07-03,14.42
2025-07-02,14.12
2025-07-01,14.35
2025-06-30,14.51
2025-06-27,14.28
2025-06-26,14.31
2025-06-25,14.19
2025-06-24,14.26
2025-06-23,14.19
2025-06-20,14.29
2025-06-18,14.45
2025-06-17,14.5
2025-06-16,14.37
2025-06-13,14.11
2025-06-12,14.28
2025-06-11,14.08
2025-06-10,13.71
2025-06-09,13.69
2025-06-06,13.78
2025-06-05,13.79
2025-06-04,14.18
2025-06-03,14.18
2025-06-02,14.02
2025-05-30,13.98
2025-05-29,13.9
2025-05-28,14.04
2025-05-27,13.8
2025-05-26,13.61
2025-05-23,13.53
2025-05-22,13.42
2025-05-21,13.4
2025-05-20,13.71
2025-05-19,13.48
2025-05-16,13.5
2025-05-15,13.4
2025-05-14,13.31
2025-05-13,13.39
2025-05-12,13.13
2025-05-09,13.26
2025-05-08,13.4
2025-05-07,11.75
2025-05-06,11.85
2025-05-05,11.96
2025-05-02,12.04
2025-04-30,12.23
2025-04-29,12.1
2025-04-28,11.94
2025-04-25,11.97
2025-04-24,11.91
2025-04-23,11.69
2025-04-22,11.36
2025-04-17,11.42
2025-04-16,11.41
2025-04-15,11.38
2025-04-14,11.36
2025-04-11,11.18
2025-04-10,11.09
2025-04-09,11.1
2025-04-08,10.75
2025-04-07,11.03
2025-04-04,11.17
2025-04-03,11.39
2025-04-02,11.18
2025-04-01,11.23
2025-03-31,11.35
2025-03-28,11.62
2025-03-27,11.69
2025-03-26,11.79
2025-03-25,11.59
2025-03-24,11.5
2025-03-21,11.36
2025-03-20,11.18
2025-03-19,11.35
2025-03-18,11.22
2025-03-17,11.28
2025-03-14,11.09
2025-03-13,10.68
2025-03-12,10.56
2025-03-11,10.51
2025-03-10,10.62
2025-03-07,10.74
2025-03-06,10.62
2025-03-05,10.55
2025-02-28,10.36
2025-02-27,10.58
2025-02-26,10.65
2025-02-25,10.78
2025-02-24,10.69
2025-02-21,10.88
2025-02-20,10.91
2025-02-19,10.9
2025-02-18,11.11
2025-02-17,11.14
2025-02-14,11.11
2025-02-13,10.83
2025-02-12,10.64
2025-02-11,11.05
2025-02-10,10.97
2025-02-07,10.88
2025-02-06,11.23
2025-02-05,11.11
2025-02-04,10.95
2025-02-03,11.01
2025-01-31,11.02
2025-01-30,11.05
2025-01-29,10.58
2025-01-28,10.64
2025-01-27,10.7
2025-01-24,10.42
2025-01-23,10.48
2025-01-22,10.63
2025-01-21,10.75
2025-01-20,10.73
2025-01-17,10.65
2025-01-16,10.79
2025-01-15,10.92
2025-01-14,10.55
2025-01-13,10.33
2025-01-10,10.31
2025-01-09,10.42
2025-01-08,10.4
2025-01-07,10.6
2025-01-06,10.48
2025-01-03,10.32
2025-01-02,10.48
2024-12-30,10.64
2024-12-27,10.65
2024-12-26,10.73
2024-12-23,10.61
2024-12-20,10.78
2024-12-19,10.54
2024-12-18,10.48
2024-12-17,10.93
2024-12-16,10.85
2024-12-13,11.06
2024-12-12,11.19
2024-12-11,11.55
2024-12-10,11.29
2024-12-09,11.11
2024-12-06,11.12
2024-12-05,11.29
2024-12-04,11.12
2024-12-03,10.98
2024-12-02,10.98
2024-11-29,11.13
2024-11-28,11.23
2024-11-27,11.66
2024-11-26,12.05
2024-11-25,11.96
2024-11-22,12.14
2024-11-21,12.08
2024-11-19,12.17
2024-11-18,12.13
2024-11-14,12.02
2024-11-13,11.96
2024-11-12,11.91
2024-11-11,11.99
2024-11-08,12.04
2024-11-07,12.17
2024-11-06,12.28
2024-11-05,12.45
2024-11-04,12.48
2024-11-01,12.52
2024-10-31,12.74
2024-10-30,13.19
2024-10-29,13.15
2024-10-28,13.33
2024-10-25,13.11
2024-10-24,13.26
2024-10-23,13.2
2024-10-22,13.24
2024-10-21,13.31
2024-10-18,13.34
2024-10-17,13.29
2024-10-16,13.23
2024-10-15,13.2
2024-10-14,13.17
2024-10-11,12.99
2024-10-10,13.17
2024-10-09,13.06
2024-10-08,13.37
2024-10-07,13.3
2024-10-04,13.29
2024-10-03,13.25
2024-10-02,13.38
2024-10-01,12.98
2024-09-30,13.09
2024-09-27,13.24
2024-09-26,13.16
2024-09-25,12.89
2024-09-24,12.87
2024-09-23,12.93
2024-09-20,13.25
2024-09-19,13.48
2024-09-18,13.62
2024-09-17,13.78
2024-09-16,13.88
2024-09-13,13.95
2024-09-12,13.94
2024-09-11,14.03
2024-09-10,14.25
2024-09-09,14.21
2024-09-06,14.17
2024-09-05,14.38
2024-09-04,14.29
2024-09-03,14.21
2024-09-02,14.02
2024-08-30,14.14
2024-08-29,14.1
2024-08-28,14.17
2024-08-27,13.99
2024-08-26,14.13
2024-08-23,14.2
2024-08-22,14.03
2024-08-21,14.04
2024-08-20,14.06
2024-08-19,14.09
2024-08-16,13.34
2024-08-15,13.56
2024-08-14,13.39
2024-08-13,13.31
2024-08-12,13.16
2024-08-09,13.03
2024-08-08,12.78
2024-08-07,12.66
2024-08-06,12.69
2024-08-05,12.27
2024-08-02,11.33
2024-08-01,11.35
2024-07-31,11.23
2024-07-30,11.24
2024-07-29,11.33
2024-07-26,11.33
2024-07-25,11.23
2024-07-24,11.37
2024-07-23,11.39
2024-07-22,11.54
2024-07-19,11.46
2024-07-18,11.5
2024-07-17,11.72
2024-07-16,11.58
2024-07-15,11.5
2024-07-12,11.56
2024-07-11,11.59
2024-07-10,11.55
2024-07-09,11.35
2024-07-08,11.34
2024-07-05,11.32
2024-07-04,11.24
2024-07-03,11.21
2024-07-02,11.13
2024-07-01,11.11
2024-06-28,11.19
2024-06-27,11.17
2024-06-26,11.15
2024-06-25,11.17
2024-06-24,11.23
2024-06-21,11.14
2024-06-20,11.07
2024-06-19,11.04
2024-06-18,10.98
2024-06-17,11.42
2024-06-14,11.38
2024-06-13,11.28
2024-06-12,11.31
2024-06-11,11.54
2024-06-10,11.49
2024-06-07,11.48
2024-06-06,11.57
2024-06-05,11.4
2024-06-04,11.48
2024-06-03,11.47
2024-05-31,11.45
2024-05-29,11.5
2024-05-28,11.62
2024-05-27,11.65
2024-05-24,11.65
2024-05-23,11.64
2024-05-22,11.75
2024-05-21,11.99
2024-05-20,11.99
2024-05-17,12.02
2024-05-16,11.93
2024-05-15,11.93
2024-05-14,11.99
2024-05-13,11.92
2024-05-10,11.95
2024-05-09,11.96
2024-05-08,12.28
2024-05-07,12.36
2024-05-06,12.32
2024-05-03,12.49
2024-05-02,12.39
2024-04-30,12.36
2024-04-29,12.39
2024-04-26,12.2
2024-04-25,12.01
2024-04-24,12.03
2024-04-23,12.06
2024-04-22,12.03
2024-04-19,12.07
2024-04-18,12.16
2024-04-17,12.26
2024-04-16,12.3
2024-04-15,12.43
2024-04-12,12.55
2024-04-11,12.74
2024-04-10,12.81
2024-04-09,13.1
2024-04-08,12.96
2024-04-05,12.89
2024-04-04,12.95
2024-04-03,12.92
2024-04-02,12.63
2024-04-01,12.57
2024-03-28,12.74
2024-03-27,12.81
2024-03-26,12.63
2024-03-25,12.47
2024-03-22,12.52
2024-03-21,12.76
2024-03-20,12.88
2024-03-19,12.63
2024-03-18,12.68
2024-03-15,12.53
2024-03-14,12.6
2024-03-13,12.6
2024-03-12,12.48
2024-03-11,12.31
2024-03-08,12.22
2024-03-07,12.18
2024-03-06,12.25
2024-03-05,12.32
2024-03-04,12.19
2024-03-01,12.4
2024-02-29,12.3
2024-02-28,12.47
2024-02-27,12.52
2024-02-26,12.41
2024-02-23,12.45
2024-02-22,12.47
2024-02-21,12.5
2024-02-20,12.59
2024-02-19,12.31
2024-02-16,12.28
2024-02-15,12.22
2024-02-14,12.24
2024-02-09,12.4
2024-02-08,12.52
2024-02-07,12.63
2024-02-06,14.52
2024-02-05,13.91
2024-02-02,13.64
2024-02-01,13.74
2024-01-31,13.68
2024-01-30,13.64
2024-01-29,13.7
2024-01-26,13.75
2024-01-25,13.7
2024-01-24,13.73
2024-01-23,13.8
2024-01-22,13.78
2024-01-19,13.85
2024-01-18,13.98
2024-01-17,14.14
2024-01-16,14.12
2024-01-15,14.35
2024-01-12,14.3
2024-01-11,14.43
2024-01-10,14.45
2024-01-09,14.7
2024-01-08,15.1
2024-01-05,15.15
2024-01-04,14.9
2024-01-03,15.1
2024-01-02,15.11
2023-12-28,15.28
2023-12-27,15.22
2023-12-26,15.11
2023-12-22,15.05
2023-12-21,15.46
2023-12-20,15.47
2023-12-19,15.69
2023-12-18,15.57
2023-12-15,15.5
2023-12-14,15.31
2023-12-13,14.96
2023-12-12,14.46
2023-12-11,14.42
2023-12-08,14.51
2023-12-07,14.36
2023-12-06,14.32
2023-12-05,14.5
2023-12-04,14.39
2023-12-01,14.36
2023-11-30,14.28
2023-11-29,14.15
2023-11-28,14.23
2023-11-27,14.16
2023-11-24,14.29
2023-11-23,14.2
2023-11-22,13.94
2023-11-21,13.69
2023-11-20,13.73
2023-11-17,13.74
2023-11-16,13.79
2023-11-14,13.42
2023-11-13,13.11
2023-11-10,13.31
2023-11-09,13.48
2023-11-08,13.44
2023-11-07,13.35
2023-11-06,13.08
2023-11-03,13.05
2023-11-01,12.46
2023-10-31,12.29
2023-10-30,12.39
2023-10-27,12.49
2023-10-26,12.7
2023-10-25,12.41
2023-10-24,12.49
2023-10-23,12.46
2023-10-20,12.45
2023-10-19,12.61
2023-10-18,12.53
2023-10-17,12.67
2023-10-16,12.81
2023-10-13,12.67
2023-10-11,12.86
2023-10-10,12.74
2023-10-09,12.64
2023-10-06,12.64
2023-10-05,12.63
2023-10-04,12.6
2023-10-03,12.26
2023-10-02,12.46
2023-09-29,12.66
2023-09-28,12.54
2023-09-27,12.27
2023-09-26,12.27
2023-09-25,12.45
2023-09-22,12.51
2023-09-21,12.5
2023-09-20,13.06
2023-09-19,13.04
2023-09-18,13.15
2023-09-15,13.13
2023-09-14,13.2
2023-09-13,13.15
2023-09-12,13.11
2023-09-11,12.98
2023-09-08,12.8
2023-09-06,12.8
2023-09-05,12.98
2023-09-04,13.14
2023-09-01,13.21
2023-08-31,13.24
2023-08-30,13.4
2023-08-29,13.58
2023-08-28,13.47
2023-08-25,13.21
2023-08-24,13.28
2023-08-23,13.55
2023-08-22,13.4
2023-08-21,13.31
2023-08-18,13.38
2023-08-17,13.27
2023-08-16,13.52
2023-08-15,13.72
2023-08-14,13.8
2023-08-11,13.81
2023-08-10,13.88
2023-08-09,13.73
2023-08-08,13.83
2023-08-07,13.88
2023-08-04,13.97
2023-08-03,14.67
2023-08-02,14.82
2023-08-01,14.8
2023-07-31,14.85
2023-07-28,14.75
2023-07-27,14.55
2023-07-26,14.88
2023-07-25,14.76
2023-07-24,14.84
2023-07-21,15.1
2023-07-20,14.68
2023-07-19,14.59
2023-07-18,14.63
2023-07-17,14.69
2023-07-14,14.52
2023-07-13,14.58
2023-07-12,14.29
2023-07-11,14.38
2023-07-10,14.51
2023-07-07,14.5
2023-07-06,14.35
2023-07-05,14.69
2023-07-04,14.67
2023-07-03,14.83
2023-06-30,14.64
2023-06-29,14.49
2023-06-28,14.31
2023-06-27,14.5
2023-06-26,14.66
2023-06-23,14.66
2023-06-22,14.7
2023-06-21,14.97
2023-06-20,14.86
2023-06-19,14.84
2023-06-16,14.54
2023-06-15,14.54
2023-06-14,14.47
2023-06-13,14.43
2023-06-12,14.4
2023-06-09,14.54
2023-06-07,14.22
2023-06-06,14.18
2023-06-05,13.89
2023-06-02,13.38
2023-06-01,13.38
2023-05-31,13.27
2023-05-30,13.41
2023-05-29,13.66
2023-05-26,13.67
2023-05-25,13.69
2023-05-24,13.46
2023-05-23,13.75
2023-05-22,13.66
2023-05-19,13.72
2023-05-18,13.56
2023-05-17,13.53
2023-05-16,13.4
2023-05-15,13.53
2023-05-12,13.36
2023-05-11,13.39
2023-05-10,13.3
2023-05-09,13.26
2023-05-08,13.13
2023-05-05,12.86
2023-05-04,12.41
2023-05-03,12.13
2023-05-02,12.1
2023-04-28,12.42
2023-04-27,12.26
2023-04-26,12.09
2023-04-25,12.31
2023-04-24,12.12
2023-04-20,12.22
2023-04-19,12.08
2023-04-18,12.32
2023-04-17,12.38
2023-04-14,12.4
2023-04-13,12.39
2023-04-12,12.27
2023-04-11,12.19
2023-04-10,11.71
2023-04-06,11.65
2023-04-05,11.76
2023-04-04,11.74
2023-04-03,11.58
2023-03-31,11.85
2023-03-30,11.93
2023-03-29,11.62
2023-03-28,11.49
2023-03-27,11.55
2023-03-24,11.4
2023-03-23,11.24
2023-03-22,11.49
2023-03-21,11.58
2023-03-20,11.62
2023-03-17,11.66
2023-03-16,12.04
2023-03-15,11.86
2023-03-14,11.64
2023-03-13,11.72
2023-03-10,11.82
2023-03-09,12.14
2023-03-08,12.2
2023-03-07,11.89
2023-03-06,11.72
2023-03-03,11.38
2023-03-02,11.42
2023-03-01,11.62
2023-02-28,11.64
2023-02-27,11.78
2023-02-24,11.79
2023-02-23,12.04
2023-02-22,12.02
2023-02-17,12.21
2023-02-16,12.22
2023-02-15,12.13
2023-02-14,11.9
2023-02-13,11.93
2023-02-10,11.59
2023-02-09,12.34
2023-02-08,12.63
2023-02-07,12.19
2023-02-06,12.27
2023-02-03,12.25
2023-02-02,12.52
2023-02-01,12.46
2023-01-31,12.62
2023-01-30,12.35
2023-01-27,12.32
2023-01-26,12.58
2023-01-25,12.61
2023-01-24,12.59
2023-01-23,12.45
2023-01-20,12.86
2023-01-19,13.11
2023-01-18,13.05
2023-01-17,12.91
2023-01-16,12.82
2023-01-13,13.11
2023-01-12,13.06
2023-01-11,13.33
2023-01-10,13.19
2023-01-09,12.92
2023-01-06,13.42
2023-01-05,13.07
2023-01-04,12.66
2023-01-03,12.55
2023-01-02,13.19
2022-12-29,13.47
2022-12-28,13.53
2022-12-27,13.13
2022-12-26,13.05
2022-12-23,13.36
2022-12-22,13.18
2022-12-21,13.14
2022-12-20,13.06
2022-12-19,12.65
2022-12-16,12.4
2022-12-15,12.33
2022-12-14,12.49
2022-12-13,12.2
2022-12-12,12.57
2022-12-09,12.81
2022-12-08,12.9
2022-12-07,13.14
2022-12-06,13.21
2022-12-05,13.02
2022-12-02,13.37
2022-12-01,13.42
2022-11-30,13.76
2022-11-29,13.34
2022-11-28,13.13
2022-11-25,13.18
2022-11-24,13.35
2022-11-23,13.12
2022-11-22,13.17
2022-11-21,13.15
2022-11-18,13.26
2022-11-17,13.2
2022-11-16,13.01
2022-11-14,13.1
2022-11-11,13.0
2022-11-10,12.85
2022-11-09,13.27
2022-11-08,15.8
2022-11-07,15.89
2022-11-04,16.32
2022-11-03,16.36
2022-11-01,16.71
2022-10-31,16.64
2022-10-28,16.23
2022-10-27,16.11
2022-10-26,15.8
2022-10-25,16.44
2022-10-24,16.56
2022-10-21,17.37
2022-10-20,16.92
2022-10-19,16.7
2022-10-18,16.58
2022-10-17,16.43
2022-10-14,16.31
2022-10-13,16.38
2022-10-11,16.6
2022-10-10,16.76
2022-10-07,16.92
2022-10-06,17.34
2022-10-05,17.56
2022-10-04,17.29
2022-10-03,17.39
2022-09-30,16.31
2022-09-29,16.26
2022-09-28,16.09
2022-09-27,16.03
2022-09-26,16.15
2022-09-23,16.52
2022-09-22,16.87
2022-09-21,16.54
2022-09-20,16.65
2022-09-19,16.06
2022-09-16,15.68
2022-09-15,15.84
2022-09-14,15.91
2022-09-13,16.0
2022-09-12,16.23
2022-09-09,16.0
2022-09-08,15.85
2022-09-06,15.91
2022-09-05,16.06
2022-09-02,15.93
2022-09-01,15.84
2022-08-31,15.84
2022-08-30,16.13
2022-08-29,16.14
2022-08-26,16.09
2022-08-25,16.17
2022-08-24,16.06
2022-08-23,16.12
2022-08-22,16.03
2022-08-19,16.21
2022-08-18,16.43
2022-08-17,16.36
2022-08-16,16.3
2022-08-15,16.02
2022-08-12,16.22
2022-08-11,15.93
2022-08-10,15.85
2022-08-09,15.6
2022-08-08,15.36
2022-08-05,15.32
2022-08-04,15.18
2022-08-03,14.82
2022-08-02,14.64
2022-08-01,14.44
2022-07-29,14.47
2022-07-28,14.42
2022-07-27,14.36
2022-07-26,14.28
2022-07-25,14.31
2022-07-22,14.16
2022-07-21,14.27
2022-07-20,14.1
2022-07-19,14.33
2022-07-18,13.86
2022-07-15,13.75
2022-07-14,13.63
2022-07-13,13.94
2022-07-12,14.21
2022-07-11,14.25
2022-07-08,14.47
2022-07-07,14.42
2022-07-06,14.24
2022-07-05,14.29
2022-07-04,14.24
2022-07-01,14.41
2022-06-30,14.38
2022-06-29,14.72
2022-06-28,14.94
2022-06-27,15.08
2022-06-24,14.95
2022-06-23,14.97
2022-06-22,15.34
2022-06-21,15.42
2022-06-20,15.71
2022-06-17,15.4
2022-06-15,15.65
2022-06-14,15.54
2022-06-13,15.66
2022-06-10,15.91
2022-06-09,16.12
2022-06-08,16.1
2022-06-07,16.28
2022-06-06,16.42
2022-06-03,16.5
2022-06-02,16.6
2022-06-01,16.6
2022-05-31,16.88
2022-05-30,16.67
2022-05-27,16.8
2022-05-26,16.68
2022-05-25,16.61
2022-05-24,16.77
2022-05-23,16.45
2022-05-20,16.29
2022-05-19,15.98
2022-05-18,16.01
2022-05-17,16.31
2022-05-16,16.0
2022-05-13,15.66
2022-05-12,15.44
2022-05-11,15.36
2022-05-10,15.11
2022-05-09,15.07
2022-05-06,14.85
2022-05-05,14.56
2022-05-04,15.01
2022-05-03,14.84
2022-05-02,14.78
2022-04-29,14.91
2022-04-28,15.02
2022-04-27,15.16
2022-04-26,15.16
2022-04-25,15.76
2022-04-22,15.84
2022-04-20,16.08
2022-04-19,16.13
2022-04-18,18.07
2022-04-14,17.73
2022-04-13,17.68
2022-04-12,17.51
2022-04-11,17.63
2022-04-08,17.6
2022-04-07,17.51
2022-04-06,17.45
2022-04-05,17.59
2022-04-04,18.07
2022-04-01,18.15
2022-03-31,18.27
2022-03-30,18.47
2022-03-29,18.55
2022-03-28,18.32
2022-03-25,18.4
2022-03-24,18.16
2022-03-23,17.95
2022-03-22,18.05
2022-03-21,17.83
2022-03-18,17.5
2022-03-17,17.5401
2022-03-16,17.41
2022-03-15,17.12
2022-03-14,17.2101
2022-03-11,17.04
2022-03-10,17.19
2022-03-09,17.35
2022-03-08,16.41
2022-03-07,16.27
2022-03-04,16.79
2022-03-03,17.12
2022-03-02,16.92
2022-02-25,17.06
2022-02-24,17.01
2022-02-23,17.4
2022-02-22,17.61
2022-02-21,17.61
2022-02-18,17.91
2022-02-17,17.83
2022-02-16,18.01
2022-02-15,17.86
2022-02-14,17.66
2022-02-11,17.53
2022-02-10,17.35
2022-02-09,17.2101
2022-02-08,18.87
2022-02-07,18.8
2022-02-04,18.77
2022-02-03,18.73
2022-02-02,18.47
2022-02-01,18.8
2022-01-31,18.8
2022-01-28,18.6
2022-01-27,18.37
2022-01-26,18.25
2022-01-25,18.24
2022-01-24,17.63
2022-01-21,17.45
2022-01-20,17.5401
2022-01-19,17.62
2022-01-18,17.64
2022-01-17,17.5401
2022-01-14,17.44
2022-01-13,17.18
2022-01-12,16.9901
2022-01-11,17.14
2022-01-10,16.97
2022-01-07,16.75
2022-01-06,16.68
2022-01-05,16.5
2022-01-04,16.61
2022-01-03,16.5501
2021-12-30,16.19
2021-12-29,16.29
2021-12-28,16.41
2021-12-27,16.42
2021-12-23,16.25
2021-12-22,16.27
2021-12-21,16.23
2021-12-20,16.52
2021-12-17,16.84
2021-12-16,17.3201
2021-12-15,17.14
2021-12-14,17.15
2021-12-13,16.92
2021-12-10,17.2
2021-12-09,17.2
2021-12-08,17.73
2021-12-07,17.78
2021-12-06,18.02
2021-12-03,17.81
2021-12-02,17.7601
2021-12-01,16.93
2021-11-30,17.02
2021-11-29,17.44
2021-11-26,17.5401
2021-11-25,18.18
2021-11-24,18.11
2021-11-23,17.79
2021-11-22,17.36
2021-11-19,17.59
2021-11-18,17.56
2021-11-17,17.78
2021-11-16,17.72
2021-11-12,17.7601
2021-11-11,17.7
2021-11-10,17.53
2021-11-09,16.74
2021-11-08,16.87
2021-11-05,17.2101
2021-11-04,16.54
2021-11-03,17.49
2021-11-01,17.55
2021-10-29,17.0
2021-10-28,17.4
2021-10-27,17.57
2021-10-26,17.28
2021-10-25,17.69
2021-10-22,17.41
2021-10-21,18.0
2021-10-20,18.5301
2021-10-19,17.8701
2021-10-18,18.48
2021-10-15,18.28
2021-10-14,17.51
2021-10-13,17.68
2021-10-11,17.59
2021-10-08,17.93
2021-10-07,17.66
2021-10-06,18.04
2021-10-05,17.97
2021-10-04,17.56
2021-10-01,18.24
2021-09-30,17.86
2021-09-29,17.8701
2021-09-28,17.6
2021-09-27,18.01
2021-09-24,17.64
2021-09-23,17.88
2021-09-22,17.29
2021-09-21,16.91
2021-09-20,16.69
2021-09-17,17.28
2021-09-16,17.79
2021-09-15,18.13
2021-09-14,18.27
2021-09-13,18.4
2021-09-10,18.1
2021-09-09,18.29
2021-09-08,18.15
2021-09-06,19.38
2021-09-03,19.1901
2021-09-02,19.1901
2021-09-01,19.9601
2021-08-31,19.94
2021-08-30,19.77
2021-08-27,19.94
2021-08-26,19.69
2021-08-25,20.09
2021-08-24,20.15
2021-08-23,19.57
2021-08-20,19.54
2021-08-19,19.62
2021-08-18,19.49
2021-08-17,19.76
2021-08-16,19.77
2021-08-13,19.97
2021-08-12,19.84
2021-08-11,20.04
2021-08-10,19.91
2021-08-09,20.26
2021-08-06,20.28
2021-08-05,19.86
2021-08-04,20.2
2021-08-03,20.94
2021-08-02,20.82
2021-07-30,20.65
2021-07-29,21.18
2021-07-28,21.29
2021-07-27,20.89
2021-07-26,20.8401
2021-07-23,20.69
2021-07-22,20.89
2021-07-21,21.1
2021-07-20,21.0
2021-07-19,20.78
2021-07-16,21.07
2021-07-15,21.44
2021-07-14,21.54
2021-07-13,21.27
2021-07-12,21.2
2021-07-08,20.76
2021-07-07,21.0601
2021-07-06,20.9
2021-07-05,21.23
2021-07-02,21.98
2021-07-01,21.64
2021-06-30,21.86
2021-06-29,22.11
2021-06-28,22.3
2021-06-25,22.47
2021-06-24,23.06
2021-06-23,23.06
2021-06-22,23.1
2021-06-21,23.38
2021-06-18,23.39
2021-06-17,23.73
2021-06-16,23.86
2021-06-15,23.8101
2021-06-14,23.85
2021-06-11,23.84
2021-06-10,24.15
2021-06-09,23.97
2021-06-08,24.31
2021-06-07,24.41
2021-06-04,24.08
2021-06-02,23.95
2021-06-01,23.27
2021-05-31,22.86
2021-05-28,22.86
2021-05-27,22.9
2021-05-26,22.83
2021-05-25,22.3
2021-05-24,22.52
2021-05-21,22.44
2021-05-20,22.3801
2021-05-19,22.13
2021-05-18,22.01
2021-05-17,21.78
2021-05-14,21.75
2021-05-13,21.6101
2021-05-12,20.97
2021-05-11,21.43
2021-05-10,21.47
2021-05-07,20.99
2021-05-06,20.8
2021-05-05,20.74
2021-05-04,20.6
2021-05-03,21.27
2021-04-30,20.67
2021-04-29,20.75
2021-04-28,21.48
2021-04-27,20.5
2021-04-26,20.67
2021-04-23,20.67
2021-04-22,20.28
2021-04-20,20.45
2021-04-19,20.76
2021-04-16,23.1199
2021-04-15,22.8
2021-04-14,22.7201
2021-04-13,22.51
2021-04-12,22.6301
2021-04-09,22.1599
2021-04-08,22.32
2021-04-07,22.35
2021-04-06,22.5
2021-04-05,22.96
2021-04-01,22.6999
2021-03-31,23.5101
2021-03-30,23.98
2021-03-29,23.43
2021-03-26,23.2599
2021-03-25,23.07
2021-03-24,22.61
2021-03-23,22.9701
2021-03-22,23.2001
2021-03-19,23.3
2021-03-18,23.1499
2021-03-17,22.73
2021-03-16,21.9501
2021-03-15,22.35
2021-03-12,22.13
2021-03-11,22.45
2021-03-10,22.01
2021-03-09,21.68
2021-03-08,21.6501
2021-03-05,22.5201
2021-03-04,21.35
2021-03-03,20.66
2021-03-02,20.25
2021-03-01,19.92
2021-02-26,20.59
2021-02-25,20.7801
2021-02-24,21.33
2021-02-23,21.47
2021-02-22,20.53
2021-02-19,21.77
2021-02-18,21.8501
2021-02-17,22.17
2021-02-12,22.4
2021-02-11,22.35
2021-02-10,22.2901
2021-02-09,22.51
2021-02-08,22.3001
2021-02-05,22.7101
2021-02-04,22.8601
2021-02-03,22.1801
2021-02-02,22.04
2021-02-01,22.1001
2021-01-29,21.64
2021-01-28,22.3001
2021-01-27,21.63
2021-01-26,21.45
2021-01-22,21.92
2021-01-21,22.2901
2021-01-20,22.6999
2021-01-19,23.1601
2021-01-18,23.6
2021-01-15,23.5001
2021-01-14,24.4
2021-01-13,23.6501
2021-01-12,24.1
2021-01-11,24.09
2021-01-08,24.46
2021-01-07,24.65
2021-01-06,24.06
2021-01-05,23.47
2021-01-04,23.6
2020-12-30,24.2
2020-12-29,24.68
2020-12-28,25.06
2020-12-23,24.85
2020-12-22,24.3299
2020-12-21,23.95
2020-12-18,24.55
2020-12-17,24.74
2020-12-16,24.43
2020-12-15,23.87
2020-12-14,23.74
2020-12-11,23.69
2020-12-10,23.72
2020-12-09,22.73
2020-12-08,22.7799
2020-12-07,23.03
2020-12-04,22.95
2020-12-03,22.8301
2020-12-02,22.99
2020-12-01,22.8
2020-11-30,21.6501
2020-11-27,22.0199
2020-11-26,22.1801
2020-11-25,22.57
2020-11-24,22.9401
2020-11-23,22.13
2020-11-19,22.2901
2020-11-18,22.2901
2020-11-17,22.8201
2020-11-16,22.69
2020-11-13,21.74
2020-11-12,21.16
2020-11-11,21.93
2020-11-10,21.89
2020-11-09,20.7299
2020-11-06,19.0001
2020-11-05,18.9801
2020-11-04,18.6199
2020-11-03,18.63
2020-10-30,18.17
2020-10-29,18.74
2020-10-28,18.8901
2020-10-27,20.1001
2020-10-26,20.6301
2020-10-23,20.4001
2020-10-22,20.4401
2020-10-21,19.77
2020-10-20,19.59
2020-10-19,18.8901
2020-10-16,18.6601
2020-10-15,19.17
2020-10-14,19.21
2020-10-13,19.17
2020-10-09,19.16
2020-10-08,19.2001
2020-10-07,18.17
2020-10-06,18.41
2020-10-05,18.52
2020-10-02,18.12
2020-10-01,18.05
2020-09-30,18.0201
2020-09-29,17.89
2020-09-28,18.2201
2020-09-25,18.3899
2020-09-24,18.43
2020-09-23,18.14
2020-09-22,18.63
2020-09-21,18.4401
2020-09-18,18.77
2020-09-17,19.11
2020-09-16,19.04
2020-09-15,18.92
2020-09-14,19.16
2020-09-11,18.87
2020-09-10,19.3101
2020-09-09,19.98
2020-09-08,19.93
2020-09-04,20.32
2020-09-03,20.35
2020-09-02,19.5999
2020-09-01,19.62
2020-08-31,19.03
2020-08-28,19.93
2020-08-27,19.56
2020-08-26,19.16
2020-08-25,19.5999
2020-08-24,19.61
2020-08-21,19.3101
2020-08-20,19.22
2020-08-19,19.35
2020-08-18,19.4201
2020-08-17,19.1499
2020-08-14,19.67
2020-08-13,19.51
2020-08-12,20.1001
2020-08-11,20.2
2020-08-10,20.46
2020-08-07,20.2901
2020-08-06,20.42
2020-08-05,20.14
2020-08-04,20.0201
2020-08-03,20.65
2020-07-31,20.7299
2020-07-30,21.5001
2020-07-29,22.06
2020-07-28,21.4201
2020-07-27,21.58
2020-07-24,20.72
2020-07-23,20.88
2020-07-22,21.14
2020-07-21,21.4
2020-07-20,21.05
2020-07-17,20.79
2020-07-16,20.4001
2020-07-15,20.7401
2020-07-14,20.32
2020-07-13,20.04
2020-07-10,20.45
2020-07-09,20.3001
2020-07-08,20.56
2020-07-07,19.8801
2020-07-06,20.7299
2020-07-03,19.4301
2020-07-02,19.4301
2020-07-01,19.28
2020-06-30,18.9599
2020-06-29,19.56
2020-06-26,19.0801
2020-06-25,19.6299
2020-06-24,19.22
2020-06-23,19.6501
2020-06-22,19.64
2020-06-19,19.9901
2020-06-18,20.45
2020-06-17,20.46
2020-06-16,20.19
2020-06-15,19.55
2020-06-12,19.89
2020-06-10,20.3599
2020-06-09,21.21
2020-06-08,21.43
2020-06-05,20.45
2020-06-04,19.9901
2020-06-03,19.91
2020-06-02,19.05
2020-06-01,18.37
2020-05-29,17.8
2020-05-28,17.67
2020-05-27,17.83
2020-05-26,17.55
2020-05-25,18.38
2020-05-22,17.02
2020-05-21,17.3
2020-05-20,16.3
2020-05-19,15.9999
2020-05-18,16.5601
2020-05-15,15.81
2020-05-14,16.38
2020-05-13,15.7
2020-05-12,15.82
2020-05-11,16.34
2020-05-08,16.63
2020-05-07,15.92
2020-05-06,16.46
2020-05-05,16.85
2020-05-04,16.8901
2020-04-30,17.56
2020-04-29,18.77
2020-04-28,18.07
2020-04-27,16.45
2020-04-24,15.93
2020-04-23,17.89
2020-04-22,18.4199
2020-04-20,18.4199
2020-04-17,18.87
2020-04-16,18.63
2020-04-15,19.0001
2020-04-14,19.78
2020-04-13,21.24
2020-04-09,20.68
2020-04-08,20.91
2020-04-07,20.54
2020-04-06,19.4601
2020-04-03,17.67
2020-04-02,18.39
2020-04-01,17.9901
2020-03-31,18.8099
2020-03-30,19.25
2020-03-27,18.83
2020-03-26,19.9901
2020-03-25,19.3101
2020-03-24,17.89
2020-03-23,15.6801
2020-03-20,16.9899
2020-03-19,18.03
2020-03-18,18.6801
2020-03-17,20.32
2020-03-16,19.1
2020-03-13,22.3
2020-03-12,19.17
2020-03-11,21.97
2020-03-10,23.86
2020-03-09,23.19
2020-03-06,25.71
2020-03-05,26.5499
2020-03-04,27.3601
2020-03-03,27.15
2020-03-02,27.61
2020-02-28,27.29
2020-02-27,26.65
2020-02-26,27.2201
2020-02-21,29.37
2020-02-20,29.76
2020-02-19,30.45
2020-02-18,30.27
2020-02-17,30.5
2020-02-14,30.67
2020-02-13,31.52
2020-02-12,32.2799
2020-02-11,32.7501
2020-02-10,31.88
2020-02-07,31.71
2020-02-06,31.8099
2020-02-05,32.2599
2020-02-04,31.6801
2020-02-03,31.58
2020-01-31,31.35
2020-01-30,31.7
2020-01-29,31.3999
2020-01-28,32.08
2020-01-27,32.0
2020-01-24,32.87
2020-01-23,33.0501
2020-01-22,32.18
2020-01-21,31.9101
2020-01-20,33.0601
2020-01-17,33.58
2020-01-16,32.89
2020-01-15,32.36
2020-01-14,33.12
2020-01-13,33.0501
2020-01-10,32.6499
2020-01-09,33.23
2020-01-08,33.56
2020-01-07,34.08
2020-01-06,34.67
2020-01-03,34.8699
2020-01-02,35.44
2019-12-30,34.07
2019-12-27,34.13
2019-12-26,34.3501
2019-12-23,33.99
2019-12-20,33.32
2019-12-19,34.3
2019-12-18,33.7999
2019-12-17,32.5401
2019-12-16,32.03
2019-12-13,32.5201
2019-12-12,32.23
2019-12-11,31.85
2019-12-10,31.9101
2019-12-09,32.03
2019-12-06,32.3001
2019-12-05,32.3201
2019-12-04,32.1
2019-12-03,31.39
2019-12-02,31.5601
2019-11-29,31.2501
2019-11-28,30.94
2019-11-27,30.97
2019-11-26,30.5401
2019-11-25,31.5301
2019-11-22,31.9901
2019-11-21,31.46
2019-11-19,31.1001
2019-11-18,31.1501
2019-11-14,31.39
2019-11-13,31.6
2019-11-12,31.7299
2019-11-11,32.18
2019-11-08,32.03
2019-11-07,33.0199
2019-11-06,32.7301
2019-11-05,33.19
2019-11-04,32.64
2019-11-01,32.4899
2019-10-31,32.8501
2019-10-30,34.2599
2019-10-29,33.92
2019-10-28,34.3
2019-10-25,33.31
2019-10-24,33.0501
2019-10-23,33.11
2019-10-22,32.7701
2019-10-21,31.9301
2019-10-18,31.4399
2019-10-17,32.6901
2019-10-16,33.15
2019-10-15,32.1701
2019-10-14,31.8601
2019-10-11,31.3999
2019-10-10,30.95
2019-10-09,30.7701
2019-10-08,29.59
2019-10-07,29.4699
2019-10-04,29.9301
2019-10-03,29.81
2019-10-02,29.77
2019-10-01,30.98
2019-09-30,31.2501
2019-09-27,31.83
2019-09-26,31.8601
2019-09-25,31.5899
2019-09-24,31.2901
2019-09-23,31.6401
2019-09-20,31.9
2019-09-19,30.87
2019-09-18,31.2901
2019-09-17,31.0599
2019-09-16,30.7
2019-09-13,30.98
2019-09-12,31.34
2019-09-11,31.6
2019-09-10,31.5099
2019-09-09,31.72
2019-09-06,31.3001
2019-09-05,30.13
2019-09-04,29.41
2019-09-03,28.97
2019-09-02,29.6199
2019-08-30,30.2999
2019-08-29,29.12
2019-08-28,28.22
2019-08-27,28.38
2019-08-26,28.03
2019-08-23,28.1501
2019-08-22,28.9
2019-08-21,29.5099
2019-08-20,28.8001
2019-08-19,29.1001
2019-08-16,29.59
2019-08-15,29.5099
2019-08-14,29.66
2019-08-13,30.4701
2019-08-12,30.1001
2019-08-09,30.82
2019-08-08,31.47
2019-08-07,31.3001
2019-08-06,30.8601
2019-08-05,30.11
2019-08-02,30.75
2019-08-01,30.84
2019-07-31,31.11
2019-07-30,32.2
2019-07-29,32.7701
2019-07-26,32.7701
2019-07-25,33.31
2019-07-24,35.0302
2019-07-23,34.4
2019-07-22,34.3901
2019-07-19,34.0299
2019-07-18,34.4599
2019-07-17,33.8401
2019-07-16,33.72
2019-07-15,34.02
2019-07-12,34.0099
2019-07-11,34.7001
2019-07-10,35.0999
2019-07-08,35.3401
2019-07-05,35.1101
2019-07-04,34.84
2019-07-03,34.08
2019-07-02,33.4501
2019-07-01,33.5
2019-06-28,33.4501
2019-06-27,33.5
2019-06-26,33.4
2019-06-25,33.2699
2019-06-24,33.85
2019-06-21,33.6999
2019-06-19,32.9399
2019-06-18,32.19
2019-06-17,31.82
2019-06-14,32.0
2019-06-13,32.4401
2019-06-12,32.79
2019-06-11,32.7301
2019-06-10,32.6499
2019-06-07,32.95
2019-06-06,32.7501
2019-06-05,32.3201
2019-06-04,32.7
2019-06-03,32.7701
2019-05-31,32.6499
2019-05-30,32.55
2019-05-29,32.05
2019-05-28,31.47
2019-05-27,30.45
2019-05-24,30.0201
2019-05-23,30.22
2019-05-22,30.21
2019-05-21,30.6501
2019-05-20,29.38
2019-05-17,28.3999
2019-05-16,28.17
2019-05-15,28.69
2019-05-14,28.9501
2019-05-13,29.1999
2019-05-10,30.06
2019-05-09,30.3699
2019-05-08,30.98
2019-05-07,30.27
2019-05-06,30.7
2019-05-03,31.7299
2019-05-02,31.12
2019-04-30,31.0001
2019-04-29,30.9099
2019-04-26,31.0001
2019-04-25,31.0001
2019-04-24,31.01
2019-04-23,31.0001
2019-04-22,30.44
2019-04-18,30.45
2019-04-17,30.0801
2019-04-16,30.2401
2019-04-15,30.26
2019-04-12,30.5
2019-04-11,30.87
2019-04-10,31.2
2019-04-09,31.49
2019-04-08,31.6801
2019-04-05,31.57
2019-04-04,31.3999
2019-04-03,30.9
2019-04-02,31.3001
2019-04-01,31.6
2019-03-29,37.8499
2019-03-28,37.0
2019-03-27,35.4602
2019-03-26,36.6199
2019-03-25,36.5
2019-03-22,36.3601
2019-03-21,37.3501
2019-03-20,38.56
2019-03-19,39.3
2019-03-18,40.0899
2019-03-15,39.8
2019-03-14,39.61
2019-03-13,39.75
2019-03-12,39.7701
2019-03-11,39.34
2019-03-08,37.8001
2019-03-07,37.4399
2019-03-06,37.0999
2019-03-01,37.4
2019-02-28,38.53
2019-02-27,39.75
2019-02-26,40.01
2019-02-25,39.84
2019-02-22,40.1201
2019-02-21,40.1999
2019-02-20,39.7199
2019-02-19,40.5
2019-02-18,39.85
2019-02-15,40.79
2019-02-14,41.34
2019-02-13,39.9801
2019-02-12,40.32
2019-02-11,39.47
2019-02-08,40.2499
2019-02-07,39.2299
2019-02-06,38.67
2019-02-05,40.6
2019-02-04,40.6302
2019-02-01,39.78
2019-01-31,40.26
2019-01-30,38.82
2019-01-29,38.5099
2019-01-28,39.59
2019-01-24,38.6801
2019-01-23,38.1201
2019-01-22,37.4099
2019-01-21,37.4399
2019-01-18,38.0999
2019-01-17,37.65
2019-01-16,37.5
2019-01-15,37.3001
2019-01-14,37.16
2019-01-11,37.1201
2019-01-10,37.2701
2019-01-09,37.16
2019-01-08,36.4001
2019-01-07,35.9999
2019-01-04,35.7
2019-01-03,36.5
2019-01-02,35.77
2018-12-28,33.85
2018-12-27,33.3001
2018-12-26,32.48
2018-12-21,33.26
2018-12-20,33.5
2018-12-19,33.15
2018-12-18,33.69
2018-12-17,33.15
2018-12-14,33.8401
2018-12-13,34.2599
2018-12-12,33.3001
2018-12-11,33.01
2018-12-10,32.8901
2018-12-07,33.65
2018-12-06,34.09
2018-12-05,33.62
2018-12-04,33.5
2018-12-03,33.4799
2018-11-30,33.59
2018-11-29,34.6201
2018-11-28,34.38
2018-11-27,33.3001
2018-11-26,32.0
2018-11-23,32.7
2018-11-22,32.63
2018-11-21,32.56
2018-11-19,32.8701
2018-11-16,33.2499
2018-11-14,31.4999
2018-11-13,31.1801
2018-11-12,31.8498
2018-11-09,31.8
2018-11-08,31.11
2018-11-07,32.3001
2018-11-06,32.4301
2018-11-05,33.0
2018-11-01,31.8401
2018-10-31,30.25
2018-10-30,30.4101
2018-10-29,29.12
2018-10-26,29.73
2018-10-25,29.4
2018-10-24,28.19
2018-10-23,29.01
2018-10-22,28.93
2018-10-19,28.59
2018-10-18,28.5402
2018-10-17,29.45
2018-10-16,29.4402
2018-10-15,28.25
2018-10-11,27.9599
2018-10-10,27.8001
2018-10-09,29.04
2018-10-08,29.0001
2018-10-05,27.5501
2018-10-04,28.38
2018-10-03,28.6201
2018-10-02,27.3
2018-10-01,25.5401
2018-09-28,25.75
2018-09-27,26.2398
2018-09-26,25.66
2018-09-25,25.28
2018-09-24,25.0
2018-09-21,25.86
2018-09-20,25.34
2018-09-19,25.41
2018-09-18,25.41
2018-09-17,24.9699
2018-09-14,24.2902
2018-09-13,24.0401
2018-09-12,24.0801
2018-09-11,24.0001
2018-09-10,24.9002
2018-09-06,24.8801
2018-09-05,24.1801
2018-09-04,24.0401
2018-09-03,24.82
2018-08-31,25.1101
2018-08-30,24.8801
2018-08-29,25.87
2018-08-28,25.7299
2018-08-27,25.5
2018-08-24,24.6501
2018-08-23,24.45
2018-08-22,25.1
2018-08-21,24.3
2018-08-20,25.14
2018-08-17,25.1101
2018-08-16,25.8001
2018-08-15,26.2398
2018-08-14,26.4099
2018-08-13,26.0501
2018-08-10,25.43
2018-08-09,26.83
2018-08-08,27.2699
2018-08-07,27.7801
2018-08-06,28.3999
2018-08-03,28.7201
2018-08-02,28.18
2018-08-01,28.2999
2018-07-31,27.8799
2018-07-30,28.3999
2018-07-27,27.91
2018-07-26,27.71
2018-07-25,28.7
2018-07-24,28.01
2018-07-23,27.3499
2018-07-20,27.4999
2018-07-19,26.2398
2018-07-18,26.3299
2018-07-17,26.85
2018-07-16,25.95
2018-07-13,25.75
2018-07-12,25.2999
2018-07-11,24.7101
2018-07-10,24.79
2018-07-06,25.19
2018-07-05,25.0
2018-07-04,25.16
2018-07-03,24.6501
2018-07-02,24.0601
2018-06-29,24.38
2018-06-28,23.8501
2018-06-27,23.1199
2018-06-26,23.47
2018-06-25,23.4499
2018-06-22,23.6001
2018-06-21,23.11
2018-06-20,23.8501
2018-06-19,23.7001
2018-06-18,22.7
2018-06-15,23.33
2018-06-14,22.75
2018-06-13,23.9801
2018-06-12,24.4101
2018-06-11,24.54
2018-06-08,25.0499
2018-06-07,24.95
2018-06-06,25.4601
2018-06-05,26.1399
2018-06-04,27.4
2018-06-01,27.1
2018-05-30,26.08
2018-05-29,26.42
2018-05-28,26.65
2018-05-25,27.5999
2018-05-24,28.19
2018-05-23,28.1001
2018-05-22,28.93
2018-05-21,28.2
2018-05-18,29.14
2018-05-17,28.9599
2018-05-16,30.6199
2018-05-15,30.0002
2018-05-14,30.17
2018-05-11,30.6999
2018-05-10,31.38
2018-05-09,30.6199
2018-05-08,30.58
2018-05-07,30.5
2018-05-04,30.89
2018-05-03,31.0001
2018-05-02,31.3899
2018-04-30,31.9001
2018-04-27,32.53
2018-04-26,32.45
2018-04-25,32.3899
2018-04-24,31.9001
2018-04-23,32.1301
2018-04-20,32.0502
2018-04-19,32.4301
2018-04-18,32.24
2018-04-17,31.36
2018-04-16,30.71
2018-04-13,31.8498
2018-04-12,32.5699
2018-04-11,33.2499
2018-04-10,32.45
2018-04-09,32.15
2018-04-06,33.7901
2018-04-05,34.0501
2018-04-04,34.7001
2018-04-03,34.5601
2018-04-02,34.1001
2018-03-29,38.47
2018-03-28,37.53
2018-03-27,37.1699
2018-03-26,37.96
2018-03-23,37.5999
2018-03-22,37.1501
2018-03-21,36.6
2018-03-20,36.27
2018-03-19,36.3299
2018-03-16,36.5301
2018-03-15,36.3601
2018-03-14,37.1999
2018-03-13,37.4099
2018-03-12,37.95
2018-03-09,37.5
2018-03-08,36.65
2018-03-07,37.2501
2018-03-06,38.4501
2018-03-05,38.05
2018-03-02,37.5399
2018-03-01,37.1099
2018-02-28,36.83
2018-02-27,38.0001
2018-02-26,38.26
2018-02-23,38.34
2018-02-22,38.39
2018-02-21,37.9902
2018-02-20,37.2801
2018-02-19,36.4001
2018-02-16,36.4599
2018-02-15,36.64
2018-02-14,36.4001
2018-02-09,35.3399
2018-02-08,35.4699
2018-02-07,36.5503
2018-02-06,37.48
2018-02-05,36.4201
2018-02-02,37.2501
2018-02-01,38.2
2018-01-31,39.3301
2018-01-30,38.9998
2018-01-29,38.8
2018-01-26,39.9501
2018-01-25,38.19
2018-01-24,38.19
2018-01-23,35.72
2018-01-22,35.7001
2018-01-19,35.0
2018-01-18,34.7999
2018-01-17,34.6601
2018-01-16,33.6302
2018-01-15,33.0799
2018-01-12,33.0
2018-01-11,33.0
2018-01-10,32.54
2018-01-09,32.7501
2018-01-08,33.0
2018-01-05,33.0
2018-01-04,32.9901
2018-01-03,32.4001
2018-01-02,32.2802
2017-12-29,32.0599
2017-12-28,32.0599
2017-12-27,31.4101
2017-12-26,31.21
2017-12-25,31.6
2017-12-22,31.6
2017-12-21,31.4201
2017-12-20,30.35
2017-12-19,30.0699
2017-12-18,30.35
2017-12-15,30.2899
2017-12-14,30.3699
2017-12-13,30.6701
2017-12-12,31.14
2017-12-11,30.5199
2017-12-08,30.5
2017-12-07,30.5
2017-12-06,30.7701
2017-12-05,30.35
2017-12-04,30.7399
2017-12-01,30.56
2017-11-30,30.3801
2017-11-29,30.7
2017-11-28,31.05
2017-11-27,31.1999
2017-11-24,31.0001
2017-11-23,31.38
2017-11-22,31.6
2017-11-21,31.9702
2017-11-20,31.43
2017-11-17,31.43
2017-11-16,30.6701
2017-11-15,30.01
2017-11-14,30.01
2017-11-13,30.5
2017-11-10,30.6301
2017-11-09,30.5
2017-11-08,31.6
2017-11-07,30.7599
2017-11-06,31.82
2017-11-03,31.82
2017-11-02,31.9001
2017-11-01,31.9001
2017-10-31,32.78
2017-10-30,33.1601
2017-10-27,33.6999
2017-10-26,33.5199
2017-10-25,33.9999
2017-10-24,34.1299
2017-10-23,33.7101
2017-10-20,34.1199
2017-10-19,34.2498
2017-10-18,34.2498
2017-10-17,34.3798
2017-10-16,34.6002
2017-10-13,34.8799
2017-10-12,35.29
2017-10-11,35.29
2017-10-10,35.3101
2017-10-09,34.8999
2017-10-06,34.86
2017-10-05,35.0701
2017-10-04,35.0
2017-10-03,35.5001
2017-10-02,33.8202
2017-09-29,33.4
2017-09-28,32.9
2017-09-27,33.35
2017-09-26,33.6101
2017-09-25,33.7999
2017-09-22,34.3102
2017-09-21,34.3
2017-09-20,34.63
2017-09-19,34.9099
2017-09-18,34.6201
2017-09-15,34.89
2017-09-14,33.92
2017-09-13,33.9999
2017-09-12,33.68
2017-09-11,33.9999
2017-09-08,33.3001
2017-09-07,33.2001
2017-09-06,33.2001
2017-09-05,32.5201
2017-09-04,32.5001
2017-09-01,32.8901
2017-08-31,32.25
2017-08-30,32.63
2017-08-29,33.2499
2017-08-28,32.7999
2017-08-25,33.1101
2017-08-24,32.93
2017-08-23,33.0
2017-08-22,32.8801
2017-08-21,31.6802
2017-08-18,32.04
2017-08-17,30.8801
2017-08-16,31.3001
2017-08-15,31.6301
2017-08-14,31.43
2017-08-11,30.9201
2017-08-10,30.5999
2017-08-09,30.6799
2017-08-08,30.9001
2017-08-07,30.7701
2017-08-04,30.2599
2017-08-03,30.0401
2017-08-02,30.5999
2017-08-01,30.2999
2017-07-31,30.15
2017-07-28,29.7501
2017-07-27,29.45
2017-07-26,29.7501
2017-07-25,30.17
2017-07-24,29.68
2017-07-21,29.49
2017-07-20,29.49
2017-07-19,29.7501
2017-07-18,30.14
2017-07-17,29.78
2017-07-14,29.99
2017-07-13,29.6399
2017-07-12,29.3101
2017-07-11,28.0801
2017-07-10,27.7
2017-07-07,27.2801
2017-07-06,27.1701
2017-07-05,27.7201
2017-07-04,27.6603
2017-07-03,27.7
2017-06-30,27.5999
2017-06-29,27.1701
2017-06-28,27.1301
2017-06-27,26.97
2017-06-26,27.2201
2017-06-23,26.3201
2017-06-22,26.63
2017-06-21,26.3201
2017-06-20,26.51
2017-06-19,26.7501
2017-06-16,26.31
2017-06-15,27.0001
2017-06-14,27.0001
2017-06-13,26.1199
2017-06-12,26.1501
2017-06-09,26.4901
2017-06-08,26.92
2017-06-07,27.2201
2017-06-06,26.8001
2017-06-05,26.5502
2017-06-02,26.5
2017-06-01,26.9
2017-05-31,27.05
2017-05-30,27.7
2017-05-29,27.5502
2017-05-26,27.5502
2017-05-25,26.88
2017-05-24,26.9
2017-05-23,26.71
2017-05-22,26.44
2017-05-19,26.9
2017-05-18,26.0999
2017-05-17,29.9999
2017-05-16,30.8002
2017-05-15,30.8397
2017-05-12,30.9001
2017-05-11,30.3599
2017-05-10,30.3699
2017-05-09,29.7398
2017-05-08,29.6199
2017-05-05,29.8
2017-05-04,29.6498
2017-05-03,30.27
2017-05-02,30.5999
2017-04-28,32.5501
2017-04-27,32.7501
2017-04-26,31.8
2017-04-25,31.7002
2017-04-24,31.6
2017-04-20,31.0099
2017-04-19,31.3599
2017-04-18,31.8602
2017-04-17,31.8498
2017-04-13,30.6501
2017-04-12,31.5101
2017-04-11,31.7199
2017-04-10,31.61
2017-04-07,31.4899
2017-04-06,31.4701
2017-04-05,31.7601
2017-04-04,32.6202
2017-04-03,32.3902
2017-03-31,32.0502
2017-03-30,32.45
2017-03-29,32.5999
2017-03-28,32.4899
2017-03-27,32.1199
2017-03-24,31.87
2017-03-23,31.37
2017-03-22,31.16
2017-03-21,31.3501
2017-03-20,32.4899
2017-03-17,31.67
2017-03-16,32.4001
2017-03-15,32.42
2017-03-14,31.92
2017-03-13,32.35
2017-03-10,31.9702
2017-03-09,31.7002
2017-03-08,31.57
2017-03-07,31.9001
2017-03-06,32.15
2017-03-03,32.0
2017-03-02,31.5599
2017-03-01,31.9001
2017-02-24,32.63
2017-02-23,33.0702
2017-02-22,33.6501
2017-02-21,32.9701
2017-02-20,32.0
2017-02-17,31.88
2017-02-16,31.8401
2017-02-15,31.9001
2017-02-14,31.3001
2017-02-13,31.5502
2017-02-10,31.6
2017-02-09,31.4899
2017-02-08,31.57
2017-02-07,31.48
2017-02-06,31.32
2017-02-03,31.9702
2017-02-02,31.22
2017-02-01,32.03
2017-01-31,32.1398
2017-01-30,32.2101
2017-01-27,32.7
2017-01-26,32.88
2017-01-24,32.3202
2017-01-23,32.38
2017-01-20,31.5101
2017-01-19,31.3998
2017-01-18,31.2
2017-01-17,31.5401
2017-01-16,30.8801
2017-01-13,30.7599
2017-01-12,30.9201
2017-01-11,30.2001
2017-01-10,30.5
2017-01-09,30.5
2017-01-06,30.3599
2017-01-05,30.1299
2017-01-04,29.9599
2017-01-03,29.9701
2017-01-02,28.8201
2016-12-29,29.14
2016-12-28,28.6201
2016-12-27,27.97
2016-12-26,27.9
2016-12-23,27.3401
2016-12-22,26.7001
2016-12-21,27.0001
2016-12-20,27.4998
2016-12-19,27.29
2016-12-16,27.86
2016-12-15,27.4998
2016-12-14,27.48
2016-12-13,27.84
2016-12-12,27.75
2016-12-09,28.0803
2016-12-08,27.7801
2016-12-07,27.5999
2016-12-06,27.9899
2016-12-05,27.5901
2016-12-02,27.5701
2016-12-01,27.4399
2016-11-30,29.14
2016-11-29,28.6002
2016-11-28,29.2102
2016-11-25,28.9402
2016-11-24,28.86
2016-11-23,29.1899
2016-11-22,29.0001
2016-11-21,28.4701
2016-11-18,28.3103
2016-11-17,27.87
2016-11-16,28.3501
2016-11-14,27.7801
2016-11-11,27.87
2016-11-10,28.79
2016-11-09,30.7099
2016-11-08,31.37
2016-11-07,31.14
2016-11-04,30.1401
2016-11-03,30.2999
2016-11-01,30.95
2016-10-31,31.7299
2016-10-28,30.8002
2016-10-27,30.9001
2016-10-26,30.4501
2016-10-25,30.5
2016-10-24,30.6199
2016-10-21,30.9299
2016-10-20,31.2
2016-10-19,31.0301
2016-10-18,31.2401
2016-10-17,30.48
2016-10-14,30.16
2016-10-13,29.95
2016-10-11,29.8999
2016-10-10,29.8799
2016-10-07,29.7101
2016-10-06,29.2599
2016-10-05,29.13
2016-10-04,28.7
2016-10-03,28.4099
2016-09-30,28.3501
2016-09-29,28.3103
2016-09-28,28.84
2016-09-27,28.6699
2016-09-26,28.5402
2016-09-23,28.7498
2016-09-22,28.7498
2016-09-21,28.5601
2016-09-20,28.0899
2016-09-19,27.6901
2016-09-16,27.4001
2016-09-15,28.1501
2016-09-14,27.7801
2016-09-13,27.8001
2016-09-12,28.7301
2016-09-09,28.7
2016-09-08,30.2999
2016-09-06,30.3202
2016-09-05,30.1299
2016-09-02,29.9599
2016-09-01,29.1702
2016-08-31,29.1
2016-08-30,29.6098
2016-08-29,29.5101
2016-08-26,28.74
2016-08-25,28.6501
2016-08-24,28.6002
2016-08-23,28.6299
2016-08-22,29.04
2016-08-19,29.81
2016-08-18,30.0302
2016-08-17,30.0601
2016-08-16,29.8799
2016-08-15,30.27
2016-08-12,29.81
2016-08-11,29.7001
2016-08-10,29.0001
2016-08-09,29.8701
2016-08-08,29.7502
2016-08-05,29.82
2016-08-04,29.8901
2016-08-03,29.3101
2016-08-02,29.06
2016-08-01,29.5
2016-07-29,29.2102
2016-07-28,28.6602
2016-07-27,29.5101
2016-07-26,29.4003
2016-07-25,29.5
2016-07-22,29.7001
2016-07-21,29.6498
2016-07-20,29.8
2016-07-19,29.5499
2016-07-18,29.6098
2016-07-15,29.14
2016-07-14,29.0001
2016-07-13,28.0599
2016-07-12,27.64
2016-07-11,27.5999
2016-07-08,27.5398
2016-07-07,26.9599
2016-07-06,26.8499
2016-07-05,26.9798
2016-07-04,27.1801
2016-07-01,27.2601
2016-06-30,27.0101
2016-06-29,26.63
2016-06-28,26.21
2016-06-27,25.6201
2016-06-24,26.31
2016-06-23,26.77
2016-06-22,26.2402
2016-06-21,26.1501
2016-06-20,25.8601
2016-06-17,25.4899
2016-06-16,25.4401
2016-06-15,25.1
2016-06-14,25.23
2016-06-13,25.63
2016-06-10,25.31
2016-06-09,26.1199
2016-06-08,26.0702
2016-06-07,25.5102
2016-06-06,25.45
2016-06-03,25.66
2016-06-02,25.1998
2016-06-01,24.7799
2016-05-31,24.51
2016-05-30,25.45
2016-05-27,25.5401
2016-05-25,25.89
2016-05-24,26.0702
2016-05-23,25.8799
2016-05-20,26.11
2016-05-19,26.39
2016-05-18,26.8499
2016-05-17,26.8301
2016-05-16,27.6201
2016-05-13,27.9899
2016-05-12,29.18
2016-05-11,28.5002
2016-05-10,28.57
2016-05-09,27.7201
2016-05-06,27.3699
2016-05-05,27.2601
2016-05-04,27.93
2016-05-03,26.9902
2016-05-02,27.6901
2016-04-29,28.0899
2016-04-28,28.57
2016-04-27,29.04
2016-04-26,28.3701
2016-04-25,27.5101
2016-04-22,27.97
2016-04-20,28.24
2016-04-19,28.57
2016-04-18,28.8201
2016-04-15,31.81
2016-04-14,31.8602
2016-04-13,32.4101
2016-04-12,32.03
2016-04-11,31.14
2016-04-08,30.6999
2016-04-07,29.43
2016-04-06,29.07
2016-04-05,29.9301
2016-04-04,29.92
2016-04-01,30.7199
2016-03-31,30.0803
2016-03-30,31.16
2016-03-29,31.16
2016-03-28,30.48
2016-03-24,29.5101
2016-03-23,30.22
2016-03-22,31.22
2016-03-21,31.2501
2016-03-18,30.6103
2016-03-17,30.6103
2016-03-16,27.3099
2016-03-15,28.0402
2016-03-14,29.6702
2016-03-11,29.8901
2016-03-10,28.7903
2016-03-09,27.8801
2016-03-08,28.0203
2016-03-07,27.67
2016-03-04,28.16
2016-03-03,26.11
2016-03-02,24.5001
2016-03-01,23.8501
2016-02-29,23.2702
2016-02-26,22.4802
2016-02-25,22.67
2016-02-24,22.6401
2016-02-23,22.6301
2016-02-22,22.8
2016-02-19,21.5999
2016-02-18,21.52
2016-02-17,21.59
2016-02-16,21.4002
2016-02-15,20.82
2016-02-12,20.7299
2016-02-11,20.6599
2016-02-10,21.0201
2016-02-05,20.8799
2016-02-04,21.5501
2016-02-03,20.2
2016-02-02,19.0001
2016-02-01,19.8301
2016-01-29,19.5899
2016-01-28,19.2001
2016-01-27,18.88
2016-01-26,18.5
2016-01-22,18.5
2016-01-21,18.4501
2016-01-20,18.35
2016-01-19,18.24
2016-01-18,18.2701
2016-01-15,18.3701
2016-01-14,19.2001
2016-01-13,18.9901
2016-01-12,19.06
2016-01-11,18.9302
2016-01-08,19.2999
2016-01-07,19.3398
2016-01-06,19.98
2016-01-05,20.3401
2016-01-04,20.2
2015-12-30,20.4999
2015-12-29,21.4002
2015-12-28,21.4303
2015-12-23,21.2698
2015-12-22,21.0201
2015-12-21,20.9702
2015-12-18,21.48
2015-12-17,22.744
2015-12-16,22.9032
2015-12-15,22.7835
2015-12-14,22.6842
2015-12-11,23.1521
2015-12-10,23.5499
2015-12-09,24.5148
2015-12-08,23.7785
2015-12-07,24.1668
2015-12-04,24.2265
2015-12-03,24.9527
2015-12-02,24.0672
2015-12-01,23.9975
2015-11-30,23.8982
2015-11-27,24.3261
2015-11-26,25.2711
2015-11-25,24.6742
2015-11-24,25.7685
2015-11-23,25.6592
2015-11-19,25.8083
2015-11-18,25.2014
2015-11-17,24.6742
2015-11-16,23.5896
2015-11-13,23.6793
2015-11-12,24.0176
2015-11-11,23.7886
2015-11-10,23.4604
2015-11-09,23.6691
2015-11-06,24.3757
2015-11-05,24.8035
2015-11-04,24.5249
2015-11-03,24.6742
2015-10-30,23.321
2015-10-29,23.3806
2015-10-28,24.3261
2015-10-27,23.9579
2015-10-26,23.9677
2015-10-23,23.8883
2015-10-22,24.2561
2015-10-21,23.9677
2015-10-20,24.1468
2015-10-19,24.5447
2015-10-16,24.6145
2015-10-15,24.9029
2015-10-14,25.0722
2015-10-13,25.0323
2015-10-09,26.5148
2015-10-08,26.7139
2015-10-07,26.6642
2015-10-06,25.7685
2015-10-05,25.4601
2015-10-02,24.8829
2015-10-01,23.8883
2015-09-30,23.5002
2015-09-29,23.2808
2015-09-28,23.1221
2015-09-25,23.8285
2015-09-24,24.3455
2015-09-23,24.1768
2015-09-22,24.9728
2015-09-21,25.0323
2015-09-18,25.5
2015-09-17,26.7237
2015-09-16,26.8827
2015-09-15,26.1566
2015-09-14,25.699
2015-09-11,24.4257
2015-09-10,24.3757
2015-09-09,24.8134
2015-09-08,24.694
2015-09-04,24.2663
2015-09-03,25.3209
2015-09-02,24.7436
2015-09-01,24.276
2015-08-31,25.0424
2015-08-28,26.2758
2015-08-27,26.8631
2015-08-26,25.8682
2015-08-25,24.5545
2015-08-24,24.366
2015-08-21,24.4753
2015-08-20,25.0722
2015-08-19,24.8731
2015-08-18,25.3805
2015-08-17,24.8134
2015-08-14,25.2711
2015-08-13,25.4601
2015-08-12,25.8182
2015-08-11,26.5245
2015-08-10,26.5148
2015-08-07,26.3157
2015-08-06,27.0023
2015-08-05,27.1018
2015-08-04,26.9722
2015-08-03,27.261
2015-07-31,27.5198
2015-07-30,27.0917
2015-07-29,27.4501
2015-07-28,26.7535
2015-07-27,26.2758
2015-07-24,26.1864
2015-07-23,26.1465
2015-07-22,27.3802
2015-07-21,27.4501
2015-07-20,27.5594
2015-07-17,27.7583
2015-07-16,27.9872
2015-07-15,28.3253
2015-07-14,28.1761
2015-07-13,27.8279
2015-07-10,27.5198
2015-07-08,26.8531
2015-07-07,27.241
2015-07-06,27.2011
2015-07-03,27.7384
2015-07-02,27.6591
2015-07-01,27.6591
2015-06-30,27.8379
2015-06-29,27.5993
2015-06-26,28.057
2015-06-25,27.5594
2015-06-24,27.6786
2015-06-23,27.3108
2015-06-22,27.5494
2015-06-19,27.1615
2015-06-18,27.6387
2015-06-17,27.042
2015-06-16,27.0122
2015-06-15,26.5944
2015-06-12,26.435
2015-06-11,26.5544
2015-06-10,26.6142
2015-06-09,25.9873
2015-06-08,25.8682
2015-06-05,25.7884
2015-06-03,26.1168
2015-06-02,26.9623
2015-06-01,26.465
2015-05-29,26.0671
2015-05-28,27.042
2015-05-27,27.2708
2015-05-26,26.7435
2015-05-25,27.4002
2015-05-22,27.1414
2015-05-21,28.057
2015-05-20,28.6539
2015-05-19,29.1711
2015-05-18,29.1015
2015-05-15,29.6688
2015-05-14,29.4599
2015-05-13,28.7232
2015-05-12,29.1314
2015-05-11,29.4003
2015-05-08,29.4694
2015-05-07,29.768
2015-05-06,29.6585
2015-05-05,30.1063
2015-05-04,29.6885
2015-04-30,29.8874
2015-04-29,29.9273
2015-04-28,30.0867
2015-04-27,30.385
2015-04-24,30.6933
2015-04-23,30.803
2015-04-22,30.6933
2015-04-20,29.987
2015-04-17,30.1261
2015-04-16,31.0017
2015-04-15,31.0416
2015-04-14,30.922
2015-04-13,31.2404
2015-04-10,31.2905
2015-04-09,31.0416
2015-04-08,31.6983
2015-04-07,31.4496
2015-04-06,31.6683
2015-04-02,31.6388
2015-04-01,30.9918
2015-03-31,29.9769
2015-03-30,29.3202
2015-03-27,28.7931
2015-03-26,35.897
2015-03-25,36.8122
2015-03-24,36.7924
2015-03-23,36.8818
2015-03-20,36.9712
2015-03-19,36.5239
2015-03-18,37.2004
2015-03-17,35.4192
2015-03-16,33.9269
2015-03-13,33.6881
2015-03-12,34.076
2015-03-11,34.872
2015-03-10,34.1756
2015-03-09,34.9119
2015-03-06,35.3596
2015-03-05,35.8171
2015-03-04,36.0957
2015-03-03,36.414
2015-03-02,36.3546
2015-02-27,37.1504
2015-02-26,37.1204
2015-02-25,37.5879
2015-02-24,37.0014
2015-02-23,36.4242
2015-02-20,36.0462
2015-02-19,36.2252
2015-02-18,36.2749
2015-02-13,35.8868
2015-02-12,35.3794
2015-02-11,33.8973
2015-02-10,34.3151
2015-02-09,34.9815
2015-02-06,35.0211
2015-02-05,34.9714
2015-02-04,35.1209
2015-02-03,34.7226
2015-02-02,34.1756
2015-01-30,33.3298
2015-01-29,33.7877
2015-01-28,34.0364
2015-01-27,34.8222
2015-01-26,34.4443
2015-01-23,34.0665
2015-01-22,34.3946
2015-01-21,34.474
2015-01-20,32.9517
2015-01-19,33.2208
2015-01-16,34.1161
2015-01-15,34.0262
2015-01-14,34.2751
2015-01-13,33.8771
2015-01-12,34.2251
2015-01-09,34.8126
2015-01-08,36.0759
2015-01-07,35.9964
2015-01-06,34.474
2015-01-05,33.5786
2015-01-02,34.0164
2014-12-30,34.1458
2014-12-29,34.633
2014-12-26,34.3649
2014-12-23,34.8919
2014-12-22,35.0513
2014-12-19,34.474
2014-12-18,33.8375
2014-12-17,34.1756
2014-12-16,32.3348
2014-12-15,32.3552
2014-12-12,32.9916
2014-12-11,34.9022
2014-12-10,34.2354
2014-12-09,34.6233
2014-12-08,34.5737
2014-12-05,35.7177
2014-12-04,35.4292
2014-12-03,36.2649
2014-12-02,35.8768
2014-12-01,36.0659
2014-11-28,38.0556
2014-11-27,37.7376
2014-11-26,38.3343
2014-11-25,39.3692
2014-11-24,38.2847
2014-11-21,38.8221
2014-11-19,36.444
2014-11-18,35.1109
2014-11-17,33.529
2014-11-14,34.3747
2014-11-13,33.8973
2014-11-12,34.8222
2014-11-11,35.1904
2014-11-10,34.7828
2014-11-07,34.8222
2014-11-06,34.5937
2014-11-05,35.2201
2014-11-04,36.0957
2014-11-03,35.3794
2014-10-31,36.2948
2014-10-30,34.6135
2014-10-29,32.1263
2014-10-28,33.0913
2014-10-27,31.6884
2014-10-24,32.7231
2014-10-23,32.3448
2014-10-22,33.7579
2014-10-21,33.7579
2014-10-20,35.7478
2014-10-17,36.444
2014-10-16,34.9517
2014-10-15,36.2054
2014-10-14,37.9963
2014-10-13,37.9863
2014-10-10,35.6481
2014-10-09,37.1107
2014-10-08,36.5136
2014-10-07,37.4191
2014-10-06,37.6179
2014-10-03,34.9218
2014-10-02,34.3151
2014-10-01,33.6681
2014-09-30,34.8222
2014-09-29,35.2701
2014-09-26,37.9165
2014-09-25,36.4543
2014-09-24,37.3792
2014-09-23,36.9914
2014-09-22,37.3095
2014-09-19,37.4586
2014-09-18,37.7772
2014-09-17,38.5733
2014-09-16,38.6525
2014-09-15,37.9963
2014-09-12,36.7326
2014-09-11,37.9165
2014-09-10,37.9066
2014-09-09,38.3642
2014-09-08,38.3543
2014-09-05,39.6476
2014-09-04,39.3193
2014-09-03,40.2744
2014-09-02,40.7321
2014-09-01,39.777
2014-08-29,40.0953
2014-08-28,39.8169
2014-08-27,39.6476
2014-08-26,38.434
2014-08-25,38.8017
2014-08-22,38.0061
2014-08-21,38.4041
2014-08-20,38.0556
2014-08-19,38.2649
2014-08-18,36.8122
2014-08-15,36.7723
2014-08-14,36.5734
2014-08-13,35.8768
2014-08-12,36.0163
2014-08-11,36.0262
2014-08-08,34.8025
2014-08-07,35.071
2014-08-06,35.5089
2014-08-05,35.4292
2014-08-04,35.8669
2014-08-01,35.1407
2014-07-31,35.2004
2014-07-30,35.1009
2014-07-29,35.6679
2014-07-28,36.0659
2014-07-25,36.0858
2014-07-24,36.1655
2014-07-23,36.1854
2014-07-22,36.2948
2014-07-21,36.3145
2014-07-18,36.3145
2014-07-17,34.8819
2014-07-16,34.6233
2014-07-15,35.3197
2014-07-14,35.4389
2014-07-11,33.9669
2014-07-10,34.0067
2014-07-08,32.6335
2014-07-07,32.6435
2014-07-04,32.7428
2014-07-03,33.0217
2014-07-02,32.1162
2014-07-01,32.2258
2014-06-30,32.0767
2014-06-27,32.7329
2014-06-26,33.161
2014-06-25,33.0913
2014-06-24,34.5835
2014-06-23,34.0164
2014-06-20,34.5737
2014-06-18,35.0211
2014-06-17,33.9269
2014-06-16,34.3052
2014-06-13,34.4939
2014-06-11,34.7527
2014-06-10,34.1756
2014-06-09,33.7678
2014-06-06,33.2505
2014-06-05,31.4395
2014-06-04,31.738
2014-06-03,32.0863
2014-06-02,32.1759
2014-05-30,31.977
2014-05-29,32.5838
2014-05-28,33.0416
2014-05-27,32.9517
2014-05-26,33.569
2014-05-23,33.6981
2014-05-22,34.1259
2014-05-21,34.2251
2014-05-20,34.8222
2014-05-19,35.489
2014-05-16,35.7177
2014-05-15,35.4989
2014-05-14,35.9764
2014-05-13,35.2301
2014-05-12,35.2404
2014-05-09,35.1606
2014-05-08,35.5885
2014-05-07,36.1158
2014-05-06,35.7675
2014-05-05,35.5683
2014-05-02,34.9815
2014-04-30,34.1955
2014-04-29,34.8819
2014-04-28,34.5437
2014-04-25,34.5338
2014-04-24,34.7925
2014-04-23,34.1259
2014-04-22,34.484
2014-04-17,34.6433
2014-04-16,33.678
2014-04-15,33.3298
2014-04-14,33.887
2014-04-11,34.2251
2014-04-10,33.3996
2014-04-09,33.3599
2014-04-08,33.7778
2014-04-07,34.8323
2014-04-04,32.9517
2014-04-03,34.0364
2014-04-02,34.8222
2014-04-01,33.5786
2014-03-31,33.4396
2014-03-28,33.0514
2014-03-27,33.2305
2014-03-26,31.3898
2014-03-25,30.4944
2014-03-24,30.3453
2014-03-21,29.2505
2014-03-20,29.7981
2014-03-19,29.1913
2014-03-18,28.8031
2014-03-17,28.1662
2014-03-14,27.7284
2014-03-13,28.0069
2014-03-12,28.4648
2014-03-11,28.3652
2014-03-10,28.4746
2014-03-07,29.0717
2014-03-06,29.4898
2014-03-05,28.385
2014-02-28,29.0021
2014-02-27,29.0518
2014-02-26,28.3054
2014-02-25,28.2555
2014-02-24,29.2908
2014-02-21,29.1513
2014-02-20,28.3253
2014-02-19,28.5043
2014-02-18,27.9772
2014-02-17,28.435
2014-02-14,28.6736
2014-02-13,28.3054
2014-02-12,28.2555
2014-02-11,28.7631
2014-02-10,28.3551
2014-02-07,28.8031
2014-02-06,28.5043
2014-02-05,27.6686
2014-02-04,28.0963
2014-02-03,27.1913
2014-01-31,28.554
2014-01-30,28.1563
2014-01-29,28.1563
2014-01-28,28.5442
2014-01-27,28.4546
2014-01-24,28.4446
2014-01-23,28.7927
2014-01-22,29.6689
2014-01-21,29.3304
2014-01-20,28.7834
2014-01-17,29.0717
2014-01-16,29.5194
2014-01-15,29.8778
2014-01-14,29.6789
2014-01-13,29.4498
2014-01-10,29.8975
2014-01-09,29.43
2014-01-08,30.3652
2014-01-07,30.4546
2014-01-06,31.0416
2014-01-03,30.8329
2014-01-02,31.5591
2013-12-30,31.7878
2013-12-27,31.1413
2013-12-26,30.8726
2013-12-23,31.2008
2013-12-20,31.3005
2013-12-19,31.5093
2013-12-18,31.0518
2013-12-17,31.1413
2013-12-16,30.9422
2013-12-13,30.8626
2013-12-12,30.7431
2013-12-11,30.7831
2013-12-10,31.3005
2013-12-09,31.6286
2013-12-06,31.7682
2013-12-05,32.0863
2013-12-04,32.146
2013-12-03,32.5838
2013-12-02,33.3798
2013-11-29,34.1458
2013-11-28,33.9866
2013-11-27,34.0963
2013-11-26,33.8272
2013-11-25,32.9221
2013-11-22,33.2208
2013-11-21,33.5786
2013-11-19,33.6881
2013-11-18,34.8323
2013-11-14,34.7226
2013-11-13,33.7081
2013-11-12,33.3798
2013-11-11,33.6585
2013-11-08,33.7778
2013-11-07,34.4939
2013-11-06,35.071
2013-11-05,35.8868
2013-11-04,36.1556
2013-11-01,35.1307
2013-10-31,35.7277
2013-10-30,35.708
2013-10-29,35.7575
2013-10-28,35.3794
2013-10-25,35.3895
2013-10-24,35.4292
2013-10-23,35.7974
2013-10-22,36.6629
2013-10-21,36.036
2013-10-18,36.8024
2013-10-17,36.6132
2013-10-16,36.5136
2013-10-15,36.4638
2013-10-14,36.5239
2013-10-11,35.7874
2013-10-10,36.0759
2013-10-09,35.6085
2013-10-08,34.9714
2013-10-07,35.1703
2013-10-04,35.1109
2013-10-03,35.071
2013-10-02,35.081
2013-10-01,34.8025
2013-09-30,34.3151
2013-09-27,35.7177
2013-09-26,35.0314
2013-09-25,35.0314
2013-09-24,35.28
2013-09-23,35.3101
2013-09-20,34.9517
2013-09-19,35.6879
2013-09-18,35.9268
2013-09-17,34.7428
2013-09-16,34.285
2013-09-13,34.2652
2013-09-12,33.8973
2013-09-11,34.5043
2013-09-10,34.3248
2013-09-09,33.8674
2013-09-06,32.4744
2013-09-05,31.7181
2013-09-04,31.4893
2013-09-03,30.8427
2013-09-02,31.7181
2013-08-30,31.4395
2013-08-29,30.3453
2013-08-28,29.9075
2013-08-27,30.2061
2013-08-26,30.9521
2013-08-23,31.4395
2013-08-22,30.5441
2013-08-21,30.5144
2013-08-20,31.0219
2013-08-19,31.539
2013-08-16,31.3996
2013-08-15,31.2008
2013-08-14,31.6884
2013-08-13,32.0367
2013-08-12,31.1413
2013-08-09,30.6437
2013-08-08,30.4348
2013-08-07,29.4599
2013-08-06,29.3205
2013-08-05,30.2259
2013-08-02,30.7831
2013-08-01,31.2606
2013-07-31,30.7431
2013-07-30,31.1311
2013-07-29,31.1908
2013-07-26,31.7779
2013-07-25,31.7779
2013-07-24,31.8375
2013-07-23,32.3552
2013-07-22,31.957
2013-07-19,31.1113
2013-07-18,31.6983
2013-07-17,32.7329
2013-07-16,31.8375
2013-07-15,31.6983
2013-07-12,30.1762
2013-07-11,30.2455
2013-07-10,28.7834
2013-07-08,28.3951
2013-07-05,28.6041
2013-07-04,29.6487
2013-07-03,29.5593
2013-07-02,29.6487
2013-07-01,30.6238
2013-06-28,30.4445
2013-06-27,30.1762
2013-06-26,30.0271
2013-06-25,29.8477
2013-06-24,29.6487
2013-06-21,30.5144
2013-06-20,30.5243
2013-06-19,30.2557
2013-06-18,31.171
2013-06-17,31.3602
2013-06-14,31.0017
2013-06-13,31.6983
2013-06-12,32.0367
2013-06-11,31.9271
2013-06-10,33.0316
2013-06-07,32.773
2013-06-06,33.1408
2013-06-05,33.2107
2013-06-04,34.285
2013-06-03,34.8025
2013-05-31,35.5188
2013-05-29,34.5737
2013-05-28,34.872
2013-05-27,34.3248
2013-05-24,34.5437
2013-05-23,34.7925
2013-05-22,35.7376
2013-05-21,35.3197
2013-05-20,35.1606
2013-05-17,34.5237
2013-05-16,34.2155
2013-05-15,33.678
2013-05-14,33.4197
2013-05-13,33.4294
2013-05-10,33.8674
2013-05-09,34.0563
2013-05-08,34.5737
2013-05-07,34.0461
2013-05-06,33.3599
2013-05-03,34.1955
2013-05-02,34.5338
2013-04-30,34.474
2013-04-29,33.4294
2013-04-26,34.0461
2013-04-25,34.0461
2013-04-24,33.8973
2013-04-23,34.0963
2013-04-22,33.529
2013-04-19,33.4694
2013-04-18,33.1807
2013-04-17,33.5786
2013-04-16,35.5885
2013-04-15,34.8424
2013-04-12,35.3397
2013-04-11,35.5387
2013-04-10,35.2404
2013-04-09,34.633
2013-04-08,33.8674
2013-04-05,34.1458
2013-04-04,34.6534
2013-04-03,35.3197
2013-04-02,34.3349
2013-04-01,34.4244
2013-03-28,33.8175
2013-03-27,33.8175
2013-03-26,33.2004
2013-03-25,35.9964
2013-03-22,36.2252
2013-03-21,36.6034
2013-03-20,36.613
2013-03-19,36.3644
2013-03-18,36.5136
2013-03-15,37.9663
2013-03-14,37.1602
2013-03-13,36.8818
2013-03-12,36.2649
2013-03-11,36.1357
2013-03-08,36.3145
2013-03-07,36.2151
2013-03-06,35.7775
2013-03-05,35.638
2013-03-04,35.8372
2013-03-01,35.4987
2013-02-28,35.0413
2013-02-27,34.5137
2013-02-26,34.5639
2013-02-25,35.0211
2013-02-22,35.2796
2013-02-21,34.9022
2013-02-20,34.9712
2013-02-19,35.678
2013-02-18,36.3145
2013-02-15,35.7675
2013-02-14,34.703
2013-02-13,35.1009
2013-02-08,34.9218
2013-02-07,34.0164
2013-02-06,34.1259
2013-02-05,34.5043
2013-02-04,34.5937
2013-02-01,34.9416
2013-01-31,35.2105
2013-01-30,33.9965
2013-01-29,34.0758
2013-01-28,35.2201
2013-01-24,36.1655
2013-01-23,36.1059
2013-01-22,36.4043
2013-01-21,36.4043
2013-01-18,36.8122
2013-01-17,36.5734
2013-01-16,36.3145
2013-01-15,36.036
2013-01-14,36.4638
2013-01-11,35.9168
2013-01-10,36.3048
2013-01-09,36.5335
2013-01-08,35.7375
2013-01-07,35.8571
2013-01-04,36.7223
2013-01-03,36.8122
2013-01-02,34.9119
2012-12-28,33.7674
2012-12-27,33.7778
2012-12-26,33.9468
2012-12-21,35.0016
2012-12-20,34.7727
2012-12-19,35.6481
2012-12-18,34.5737
2012-12-17,34.1756
2012-12-14,34.6232
2012-12-13,35.1209
2012-12-12,34.3448
2012-12-11,34.0164
2012-12-10,33.3993
2012-12-07,32.6135
2012-12-06,32.3348
2012-12-05,32.6832
2012-12-04,32.1561
2012-12-03,32.4644
2012-11-30,32.2852
2012-11-29,30.5935
2012-11-28,30.1463
2012-11-27,30.604
2012-11-26,31.171
2012-11-23,31.2905
2012-11-22,30.6933
2012-11-21,30.4444
2012-11-19,29.8774
2012-11-16,28.5347
2012-11-14,27.0423
2012-11-13,27.3106
2012-11-12,26.6639
2012-11-09,26.9425
2012-11-08,26.9622
2012-11-07,27.3602
2012-11-06,27.9773
2012-11-05,27.6092
2012-11-01,27.599
2012-10-31,26.5944
2012-10-30,26.9024
2012-10-29,26.694
2012-10-26,26.5148
2012-10-25,26.7732
2012-10-24,26.2363
2012-10-23,26.0471
2012-10-22,26.3256
2012-10-19,26.6243
2012-10-18,26.7139
2012-10-17,26.7139
2012-10-16,26.4648
2012-10-15,25.9279
2012-10-11,25.7683
2012-10-10,25.4701
2012-10-09,25.5298
2012-10-08,26.3157
2012-10-05,26.3157
2012-10-04,26.4152
2012-10-03,26.2658
2012-10-02,26.9622
2012-10-01,26.8728
2012-09-28,26.5543
2012-09-27,26.8631
2012-09-26,26.6045
2012-09-25,26.8929
2012-09-24,28.5545
2012-09-21,28.6537
2012-09-20,28.2358
2012-09-19,28.3953
2012-09-18,28.2061
2012-09-17,28.6041
2012-09-14,28.465
2012-09-13,28.5044
2012-09-12,27.6387
2012-09-11,27.3406
2012-09-10,27.3106
2012-09-06,27.1613
2012-09-05,26.9922
2012-09-04,27.0221
2012-09-03,27.0917
2012-08-31,26.9622
2012-08-30,27.3602
2012-08-29,27.3106
2012-08-28,27.4696
2012-08-27,27.1613
2012-08-24,27.3904
2012-08-23,27.7683
2012-08-22,27.9574
2012-08-21,27.6486
2012-08-20,28.007
2012-08-17,27.9574
2012-08-16,27.798
2012-08-15,27.5295
2012-08-14,27.5395
2012-08-13,27.7284
2012-08-10,27.8577
2012-08-09,27.3602
2012-08-08,27.46
2012-08-07,27.201
2012-08-06,27.2308
2012-08-03,26.3856
2012-08-02,25.7683
2012-08-01,26.1467
2012-07-31,26.0772
2012-07-30,26.0867
2012-07-27,25.6192
2012-07-26,24.4749
2012-07-25,24.3261
2012-07-24,24.2759
2012-07-23,23.6992
2012-07-20,25.1517
2012-07-19,25.301
2012-07-18,24.8432
2012-07-17,24.3757
2012-07-16,24.3654
2012-07-13,24.5746
2012-07-12,24.3654
2012-07-11,24.8534
2012-07-10,24.8731
2012-07-06,25.0523
2012-07-05,25.4701
2012-07-04,25.3704
2012-07-03,25.3704
2012-07-02,24.8731
2012-06-29,24.8731
2012-06-28,24.3455
2012-06-27,24.6243
2012-06-26,24.0769
2012-06-25,24.1768
2012-06-22,24.9724
2012-06-21,25.0722
2012-06-20,25.6688
2012-06-19,25.9676
2012-06-18,25.6688
2012-06-15,25.7188
2012-06-14,25.4701
2012-06-13,24.9527
2012-06-12,25.0722
2012-06-11,24.6741
2012-06-08,24.3855
2012-06-06,24.4553
2012-06-05,23.6793
2012-06-04,24.2167
2012-06-01,24.5746
2012-05-31,24.8135
2012-05-30,24.1865
2012-05-29,24.0273
2012-05-28,23.878
2012-05-25,23.9676
2012-05-24,23.669
2012-05-23,24.1768
2012-05-22,24.4157
2012-05-21,24.2664
2012-05-18,22.9532
2012-05-17,22.744
2012-05-16,23.3806
2012-05-15,23.4799
2012-05-14,23.9977
2012-05-11,24.5746
2012-05-10,24.4749
2012-05-09,24.3261
2012-05-08,24.4054
2012-05-07,24.5746
2012-05-04,24.6147
2012-05-03,24.7735
2012-05-02,25.0722
2012-04-30,25.7683
2012-04-27,25.6892
2012-04-26,25.1913
2012-04-25,25.1716
2012-04-24,25.8677
2012-04-23,25.5696
2012-04-20,25.4101
2012-04-19,25.5495
2012-04-18,25.8081
2012-04-17,25.9676
2012-04-16,25.9479
2012-04-13,25.9676
2012-04-12,26.5046
2012-04-11,25.8677
2012-04-10,25.7786
2012-04-09,25.7683
2012-04-05,25.9973
2012-04-04,26.0271
2012-04-03,26.9128
2012-04-02,27.1613
2012-03-30,27.1813
2012-03-29,27.201
2012-03-28,27.46
2012-03-27,27.5592
2012-03-26,28.0566
2012-03-23,27.9276
2012-03-22,27.5094
2012-03-21,27.46
2012-03-20,27.5094
2012-03-19,27.8483
2012-03-16,28.2061
2012-03-15,28.007
2012-03-14,28.047
2012-03-13,28.1564
2012-03-12,27.6591
2012-03-09,27.9073
2012-03-08,27.4897
2012-03-07,26.8827
2012-03-06,26.1669
2012-03-05,26.8131
2012-03-02,27.1613
2012-03-01,26.7732
2012-02-29,26.5148
2012-02-28,26.1669
2012-02-27,25.4899
2012-02-24,25.6089
2012-02-23,25.5996
2012-02-22,999999.9999
2012-02-17,25.9571
2012-02-16,26.0471
2012-02-15,25.7683
2012-02-14,25.7091
2012-02-13,25.9676
2012-02-10,25.5196
2012-02-09,25.6892
2012-02-08,25.9571
2012-02-07,25.9676
2012-02-06,25.9178
2012-02-03,26.0572
2012-02-02,25.8281
2012-02-01,25.888
2012-01-31,25.8081
2012-01-30,26.4648
2012-01-27,26.7836
2012-01-26,26.5845
2012-01-24,26.3656
2012-01-23,26.3457
2012-01-20,26.5645
2012-01-19,26.5046
2012-01-18,26.7732
2012-01-17,26.5349
2012-01-16,26.2658
2012-01-13,25.1317
2012-01-12,25.7188
2012-01-11,25.7487
2012-01-10,25.7188
2012-01-09,25.5894
2012-01-06,25.4598
2012-01-05,25.0818
2012-01-04,25.2711
2012-01-03,25.2711
2012-01-02,25.1815
2011-12-29,25.1621
2011-12-28,24.8232
2011-12-27,25.1517
2011-12-26,25.1022
2011-12-23,25.2611
2011-12-22,25.1217
2011-12-21,24.6741
2011-12-20,24.8432
2011-12-19,24.0673
2011-12-16,23.9778
2011-12-15,24.0769
2011-12-14,24.3757
2011-12-13,24.7138
2011-12-12,25.0722
2011-12-09,25.0818
2011-12-08,25.0219
2011-12-07,24.923
2011-12-06,25.2711
2011-12-05,25.2211
2011-12-02,25.1217
2011-12-01,25.0424
2011-11-30,24.7238
2011-11-29,23.1818
2011-11-28,23.3908
2011-11-25,22.8634
2011-11-24,23.1722
2011-11-23,23.1317
2011-11-22,23.3706
2011-11-21,23.5696
2011-11-18,24.0273
2011-11-17,24.2759
2011-11-16,25.0219
2011-11-14,25.0219
2011-11-11,24.7735
2011-11-10,24.3757
2011-11-09,24.8829
2011-11-08,25.0818
2011-11-07,24.8731
2011-11-04,24.8731
2011-11-03,24.9724
2011-11-01,24.8135
2011-10-31,24.8731
2011-10-28,25.301
2011-10-27,25.5196
2011-10-26,24.8534
2011-10-25,24.6044
2011-10-24,24.8731
2011-10-21,24.3559
2011-10-20,23.5995
2011-10-19,23.6793
2011-10-18,23.6295
2011-10-17,23.1317
2011-10-14,23.3309
2011-10-13,23.1818
2011-10-11,23.0824
2011-10-10,22.8834
2011-10-07,21.9776
2011-10-06,22.6741
2011-10-05,22.346
2011-10-04,22.3757
2011-10-03,22.1769
2011-09-30,22.8235
2011-09-29,22.873
2011-09-28,22.714
2011-09-27,22.7339
2011-09-26,22.2365
2011-09-23,22.0671
2011-09-22,22.475
2011-09-21,23.6793
2011-09-20,23.6891
2011-09-19,23.7785
2011-09-16,23.878
2011-09-15,23.5298
2011-09-14,23.3806
2011-09-13,23.2416
2011-09-12,23.2121
2011-09-09,23.5598
2011-09-08,24.4949
2011-09-06,24.1468
2011-09-05,23.3509
2011-09-02,24.0874
2011-09-01,25.0722
2011-08-31,23.5298
2011-08-30,22.8534
2011-08-29,22.5349
2011-08-26,21.9879
2011-08-25,22.1173
2011-08-24,22.3258
2011-08-23,22.1868
2011-08-22,21.9776
2011-08-19,21.8686
2011-08-18,22.3363
2011-08-17,23.1818
2011-08-16,22.8335
2011-08-15,22.8136
2011-08-12,22.6148
2011-08-11,22.7835
2011-08-10,22.2862
2011-08-09,22.2365
2011-08-08,21.2914
2011-08-05,23.3806
2011-08-04,22.8834
2011-08-03,23.5003
2011-08-02,23.918
2011-08-01,24.8035
2011-07-29,24.8432
2011-07-28,24.6243
2011-07-27,24.1666
2011-07-26,24.3757
2011-07-25,24.5249
2011-07-22,24.7238
2011-07-21,24.764
2011-07-20,24.3757
2011-07-19,23.9778
2011-07-18,23.5796
2011-07-15,24.2759
2011-07-14,24.4749
2011-07-13,25.0121
2011-07-12,24.5647
2011-07-11,25.0921
2011-07-08,25.8182
2011-07-07,26.0471
2011-07-06,26.4648
2011-07-05,26.8528
2011-07-04,26.8131
2011-07-01,26.6639
2011-06-30,26.6442
2011-06-29,26.4452
2011-06-28,26.3256
2011-06-27,25.8585
2011-06-24,25.7487
2011-06-22,25.6688
2011-06-21,25.6192
2011-06-20,25.4801
2011-06-17,25.7683
2011-06-16,25.6493
2011-06-15,25.9571
2011-06-14,25.7683
2011-06-13,25.5593
2011-06-10,25.5102
2011-06-09,25.8281
2011-06-08,26.1467
2011-06-07,26.1166
2011-06-06,25.5696
2011-06-03,26.067
2011-06-02,26.1064
2011-06-01,25.7487
2011-05-31,26.1166
2011-05-30,26.0171
2011-05-27,26.2162
2011-05-26,26.2565
2011-05-25,25.5593
2011-05-24,25.8585
2011-05-23,25.2211
2011-05-20,25.1716
2011-05-19,25.2711
2011-05-18,25.2016
2011-05-17,26.0772
2011-05-16,25.9676
2011-05-13,25.9676
2011-05-12,26.3656
2011-05-11,26.3856
2011-05-10,26.3355
2011-05-09,26.3355
2011-05-06,26.0572
2011-05-05,25.6089
2011-05-04,25.2515
2011-05-03,25.3704
2011-05-02,25.9178
2011-04-29,26.3656
2011-04-28,25.9178
2011-04-27,26.5543
2011-04-26,26.6045
2011-04-25,26.2461
2011-04-20,26.2658
2011-04-19,25.8677
2011-04-18,26.2162
2011-04-15,26.2658
2011-04-14,26.3656
2011-04-13,26.6442
2011-04-12,26.6442
2011-04-11,26.8631
2011-04-08,27.261
2011-04-07,27.7581
2011-04-06,27.6092
2011-04-05,27.6591
2011-04-04,27.6591
2011-04-01,28.097
2011-03-31,27.7385
2011-03-30,27.2412
2011-03-29,26.7139
2011-03-28,26.067
2011-03-25,24.6839
2011-03-24,24.9428
2011-03-23,24.9724
2011-03-22,25.3506
2011-03-21,24.5449
2011-03-18,24.3958
2011-03-17,24.1167
2011-03-16,24.1468
2011-03-15,24.5746
2011-03-14,24.465
2011-03-11,24.4749
2011-03-10,24.3158
2011-03-09,25.659
2011-03-04,25.659
2011-03-03,25.5495
2011-03-02,25.0424
2011-03-01,25.1217
2011-02-28,25.2711
2011-02-25,24.7735
2011-02-24,24.5746
2011-02-23,24.5746
2011-02-22,24.4749
2011-02-21,24.9428
2011-02-18,25.1913
2011-02-17,25.3905
2011-02-16,25.4701
2011-02-15,25.0219
2011-02-14,24.7437
2011-02-11,24.6639
2011-02-10,23.8286
2011-02-09,23.6295
2011-02-08,23.9778
2011-02-07,23.4799
2011-02-04,23.2814
2011-02-03,23.7391
2011-02-02,24.1266
2011-02-01,24.4253
2011-01-31,24.2759
2011-01-28,24.4749
2011-01-27,24.8731
2011-01-26,24.8731
2011-01-24,24.9724
2011-01-21,24.7536
2011-01-20,24.6639
2011-01-19,24.9828
2011-01-18,25.1417
2011-01-17,24.9627
2011-01-14,25.2313
2011-01-13,25.0722
2011-01-12,25.5397
2011-01-11,25.2413
2011-01-10,25.2413
2011-01-07,25.3406
2011-01-06,25.5397
2011-01-05,26.1669
2011-01-04,25.9676
2011-01-03,25.8976
2010-12-30,25.5696
2010-12-29,25.2711
2010-12-28,24.9724
2010-12-27,25.0722
2010-12-23,25.5196
2010-12-22,25.5696
2010-12-21,25.1118
2010-12-20,24.6639
2010-12-17,25.0241
2010-12-16,24.8551
2010-12-15,25.0936
2010-12-14,25.4417
2010-12-13,25.5016
2010-12-10,25.3025
2010-12-09,25.3724
2010-12-08,25.601
2010-12-07,25.5511
2010-12-06,25.8097
2010-12-03,26.1276
2010-12-02,26.6842
2010-12-01,26.4957
2010-11-30,26.3267
2010-11-29,26.6248
2010-11-26,26.8436
2010-11-25,26.7441
2010-11-24,26.6946
2010-11-23,26.0481
2010-11-22,26.774
2010-11-19,27.2414
2010-11-18,27.1418
2010-11-17,27.0127
2010-11-16,27.1918
2010-11-12,27.4701
2010-11-11,27.5694
2010-11-10,28.2655
2010-11-09,27.8379
2010-11-08,28.7227
2010-11-05,28.6332
2010-11-04,28.6332
2010-11-03,28.3747
2010-11-01,27.8379
2010-10-29,27.2414
2010-10-28,26.9033
2010-10-27,27.2414
2010-10-26,28.3149
2010-10-25,27.8678
2010-10-22,27.5397
2010-10-21,26.9033
2010-10-20,27.3009
2010-10-19,27.1418
2010-10-18,27.3408
2010-10-15,27.5893
2010-10-14,27.7484
2010-10-13,28.146
2010-10-11,27.9375
2010-10-08,27.967
2010-10-07,27.3805
2010-10-06,27.3408
2010-10-05,27.6092
2010-10-04,26.8436
2010-10-01,26.8436
2010-09-30,26.794
2010-09-29,26.2968
2010-09-28,25.7499
2010-09-27,25.3623
2010-09-24,25.3922
2010-09-23,25.6508
2010-09-22,25.084
2010-09-21,25.3524
2010-09-20,25.6508
2010-09-17,25.2528
2010-09-16,25.5016
2010-09-15,25.7798
2010-09-14,25.4217
2010-09-13,25.3524
2010-09-10,24.5968
2010-09-09,24.5568
2010-09-08,24.5072
2010-09-06,24.2488
2010-09-03,24.4179
2010-09-02,24.6964
2010-09-01,25.0043
2010-08-31,24.537
2010-08-30,24.01
2010-08-27,24.3581
2010-08-26,23.851
2010-08-25,24.1592
2010-08-24,24.4076
2010-08-23,24.9547
2010-08-20,24.9547
2010-08-19,25.0345
2010-08-18,25.3025
2010-08-17,25.2328
2010-08-16,25.1535
2010-08-13,24.9049
2010-08-12,24.766
2010-08-11,24.6465
2010-08-10,25.2528
2010-08-09,25.4816
2010-08-06,25.3323
2010-08-05,25.3422
2010-08-04,25.3227
2010-08-03,25.3422
2010-08-02,25.7499
2010-07-30,25.6508
2010-07-29,25.4913
2010-07-28,25.4519
2010-07-27,24.5274
2010-07-26,24.4972
2010-07-23,24.5473
2010-07-22,24.2589
2010-07-21,23.9802
2010-07-20,23.9204
2010-07-19,23.5723
2010-07-16,22.9463
2010-07-15,23.4136
2010-07-14,23.4533
2010-07-13,25.7103
2010-07-12,25.7202
2010-07-08,25.6704
2010-07-07,25.4516
2010-07-06,24.3581
2010-07-05,23.8515
2010-07-02,24.2091
2010-07-01,23.8515
2010-06-30,23.1451
2010-06-29,23.0654
2010-06-28,24.3284
2010-06-25,26.7832
2010-06-24,26.3017
2010-06-23,26.958
2010-06-22,27.1439
2010-06-21,27.2309
2010-06-18,24.6266
2010-06-17,26.9034
2010-06-16,24.6563
2010-06-15,24.5868
2010-06-14,24.0603
2010-06-11,24.2488
2010-06-10,24.1592
2010-06-09,23.6919
2010-06-08,23.8611
2010-06-07,23.8515
2010-06-04,24.3484
2010-06-02,24.398
2010-06-01,24.1097
2010-05-31,24.4574
2010-05-28,23.8114
2010-05-27,23.7415
2010-05-26,22.817
2010-05-25,22.8368
2010-05-24,23.8114
2010-05-21,24.1495
2010-05-20,23.0157
2010-05-19,23.3939
2010-05-18,24.1592
2010-05-17,24.5568
2010-05-14,24.5568
2010-05-13,24.9645
2010-05-12,25.183
2010-05-11,25.0539
2010-05-10,25.3822
2010-05-07,24.6763
2010-05-06,24.9347
2010-05-05,24.7859
2010-05-04,24.6663
2010-05-03,25.3524
2010-04-30,25.7003
2010-04-29,25.4122
2010-04-28,25.0539
2010-04-27,24.6563
2010-04-26,25.0044
2010-04-23,25.3422
2010-04-22,25.4913
2010-04-20,25.4516
2010-04-19,25.2333
2010-04-16,25.1733
2010-04-15,26.0486
2010-04-14,26.1976
2010-04-13,26.1177
2010-04-12,26.3067
2010-04-09,26.7145
2010-04-08,26.5854
2010-04-07,25.9785
2010-04-06,25.939
2010-04-05,26.3165
2010-04-01,26.3368
2010-03-31,26.0381
2010-03-30,25.6109
2010-03-29,25.5215
2010-03-26,25.3227
2010-03-25,25.1435
2010-03-24,24.8054
2010-03-23,25.0241
2010-03-22,25.4019
2010-03-19,25.3724
2010-03-18,25.7499
2010-03-17,25.6806
2010-03-16,25.8492
2010-03-15,25.6508
2010-03-12,25.7402
2010-03-11,25.7798
2010-03-10,25.8492
2010-03-09,25.7895
2010-03-08,25.601
2010-03-05,25.7997
2010-03-04,25.7003
2010-03-03,25.6406
2010-03-02,25.6508
2010-03-01,25.4417
2010-02-26,25.4122
2010-02-25,24.8354
2010-02-24,24.8452
2010-02-23,24.9944
2010-02-22,25.5016
2010-02-19,25.959
2010-02-18,26.1275
2010-02-17,26.2271
2010-02-12,25.7301
2010-02-11,25.9191
2010-02-10,25.5511
2010-02-09,25.1633
2010-02-08,24.5069
2010-02-05,24.7561
2010-02-04,25.4417
2010-02-03,26.2271
2010-02-02,26.1381
2010-02-01,25.8492
2010-01-29,25.5511
2010-01-28,25.939
2010-01-27,25.7499
2010-01-26,26.2469
2010-01-22,26.2469
2010-01-21,25.9491
2010-01-20,26.5256
2010-01-19,30.1147
2010-01-18,29.6275
2010-01-15,29.349
2010-01-14,30.0251
2010-01-13,30.4229
2010-01-12,30.2238
2010-01-11,30.0747
2010-01-08,30.1742
2010-01-07,30.1343
2010-01-06,30.2036
2010-01-05,30.3828
2010-01-04,30.8206
2009-12-30,29.3391
2009-12-29,29.3391
2009-12-28,29.1203
2009-12-24,29.1399
2009-12-23,29.1399
2009-12-22,29.4389
2009-12-21,29.2299
2009-12-18,29.2002
2009-12-17,29.3988
2009-12-16,30.2238
2009-12-15,30.9795
2009-12-14,30.8206
2009-12-11,31.1688
2009-12-10,30.8109
2009-12-09,30.4922
2009-12-08,30.5319
2009-12-07,30.7211
2009-12-04,30.363
2009-12-03,30.2238
2009-12-02,30.3036
2009-12-01,29.8264
2009-11-30,28.9416
2009-11-27,29.2002
2009-11-26,28.9116
2009-11-25,29.5777
2009-11-24,29.4787
2009-11-23,29.2199
2009-11-19,29.0308
2009-11-18,29.6275
2009-11-17,29.5777
2009-11-16,29.518
2009-11-13,28.5441
2009-11-12,28.2355
2009-11-11,28.9814
2009-11-10,28.9814
2009-11-09,28.8323
2009-11-06,28.2259
2009-11-05,28.3355
2009-11-04,28.1061
2009-11-03,28.3355
2009-10-30,27.8178
2009-10-29,28.6332
2009-10-28,27.1915
2009-10-27,28.0467
2009-10-26,28.8919
2009-10-23,29.1803
2009-10-22,29.5281
2009-10-21,28.8323
2009-10-20,28.9314
2009-10-19,29.7768
2009-10-16,29.5376
2009-10-15,30.2238
2009-10-14,30.1242
2009-10-13,29.1104
2009-10-09,28.8323
2009-10-08,28.5338
2009-10-07,28.0167
2009-10-06,28.9814
2009-10-05,29.7265
2009-10-02,28.6332
2009-10-01,28.4444
2009-09-30,28.9814
2009-09-29,28.0467
2009-09-28,27.5893
2009-09-25,27.3906
2009-09-24,27.6387
2009-09-23,28.1266
2009-09-22,28.7326
2009-09-21,28.5636
2009-09-18,28.5338
2009-09-17,27.9874
2009-09-16,27.7881
2009-09-15,26.8635
2009-09-14,26.5454
2009-09-11,26.4361
2009-09-10,26.068
2009-09-09,25.75
2009-09-08,25.6207
2009-09-04,25.3228
2009-09-03,24.5568
2009-09-02,24.5473
2009-09-01,24.4775
2009-08-31,24.9541
2009-08-28,25.1934
2009-08-27,25.0539
2009-08-26,24.8452
2009-08-25,24.6663
2009-08-24,24.4775
2009-08-21,24.4574
2009-08-20,24.3581
2009-08-19,23.9204
2009-08-18,23.7415
2009-08-17,23.6124
2009-08-14,24.189
2009-08-13,24.4972
2009-08-12,24.9049
2009-08-11,24.5076
2009-08-10,25.3922
2009-08-07,24.7456
2009-08-06,24.5076
2009-08-05,24.6066
2009-08-04,24.3983
2009-08-03,24.9541
2009-07-31,24.5076
2009-07-30,24.4574
2009-07-29,23.5828
2009-07-28,24.07
2009-07-27,24.1592
2009-07-24,24.2091
2009-07-23,24.01
2009-07-22,23.563
2009-07-21,23.8608
2009-07-20,23.9708
2009-07-17,23.3939
2009-07-16,23.3638
2009-07-15,23.3442
2009-07-14,22.2705
2009-07-13,22.499
2009-07-10,22.0512
2009-07-09,22.2501
2009-07-08,22.2501
2009-07-07,22.5687
2009-07-06,22.966
2009-07-03,22.966
2009-07-02,23.2442
2009-07-01,23.7518
2009-06-30,23.851
2009-06-29,24.1097
2009-06-26,23.6528
2009-06-25,23.3638
2009-06-24,22.6178
2009-06-23,22.6681
2009-06-22,23.2147
2009-06-19,23.9505
2009-06-18,23.4731
2009-06-17,23.6124
2009-06-16,23.7618
2009-06-15,24.2193
2009-06-12,24.8549
2009-06-10,24.2389
2009-06-09,23.9109
2009-06-08,24.3384
2009-06-05,24.0995
2009-06-04,24.2488
2009-06-03,23.8114
2009-06-02,24.5368
2009-06-01,24.8354
2009-05-29,24.3581
2009-05-28,24.5473
2009-05-27,23.9708
2009-05-26,24.0397
2009-05-25,23.6124
2009-05-22,23.354
2009-05-21,23.1354
2009-05-20,23.165
2009-05-19,23.0556
2009-05-18,23.2547
2009-05-15,22.32
2009-05-14,22.6083
2009-05-13,21.8728
2009-05-12,22.6681
2009-05-11,23.0654
2009-05-08,23.5129
2009-05-07,22.8767
2009-05-06,24.0499
2009-05-05,23.6624
2009-05-04,23.2246
2009-04-30,22.5485
2009-04-29,21.9721
2009-04-28,21.1773
2009-04-27,20.9085
2009-04-24,21.4751
2009-04-23,21.3654
2009-04-22,20.282
2009-04-20,20.6597
2009-04-17,21.3753
2009-04-16,21.4251
2009-04-15,20.7195
2009-04-14,20.8781
2009-04-13,21.4251
2009-04-09,21.4251
2009-04-08,20.5801
2009-04-07,20.4507
2009-04-06,20.3814
2009-04-03,20.2524
2009-04-02,19.9834
2009-04-01,19.4369
2009-03-31,19.2378
2009-03-30,18.8901
2009-03-27,19.2873
2009-03-26,19.3475
2009-03-25,18.7405
2009-03-24,18.9693
2009-03-23,19.4863
2009-03-20,18.4823
2009-03-19,18.8799
2009-03-18,18.9994
2009-03-17,18.7014
2009-03-16,18.6415
2009-03-13,18.6811
2009-03-12,18.6316
2009-03-11,18.2934
2009-03-10,18.2934
2009-03-09,17.299
2009-03-06,17.7959
2009-03-05,17.4885
2009-03-04,17.4981
2009-03-03,17.1598
2009-03-02,16.9215
2009-02-27,17.9953
2009-02-26,18.2538
2009-02-25,18.2538
2009-02-20,17.8958
2009-02-19,18.3329
2009-02-18,18.1938
2009-02-17,18.2934
2009-02-16,18.8901
2009-02-13,18.6415
2009-02-12,18.6911
2009-02-11,18.9198
2009-02-10,18.6615
2009-02-09,18.8704
2009-02-06,18.8008
2009-02-05,18.502
2009-02-04,17.9655
2009-02-03,17.7272
2009-02-02,17.7862
2009-01-30,18.0947
2009-01-29,18.0947
2009-01-28,18.502
2009-01-27,18.0747
2009-01-26,18.1443
2009-01-23,18.2934
2009-01-22,18.1443
2009-01-21,18.184
2009-01-20,17.4086
2009-01-19,19.0389
2009-01-16,18.3828
2009-01-15,18.4029
2009-01-14,18.2934
2009-01-13,19.4863
2009-01-12,19.8743
2009-01-09,20.8781
2009-01-08,21.0272
2009-01-07,20.8688
2009-01-06,21.1773
2009-01-05,20.8189
2009-01-02,20.9778
2008-12-30,19.8743
2008-12-29,19.3672
2008-12-26,19.1188
2008-12-23,19.2779
2008-12-22,19.9935
2008-12-19,20.5801
2008-12-18,21.1773
2008-12-17,21.1773
2008-12-16,20.8289
2008-12-15,20.1529
2008-12-12,20.5801
2008-12-11,20.282
2008-12-10,20.6791
2008-12-09,20.7791
2008-12-08,20.7791
2008-12-05,20.3814
2008-12-04,20.401
2008-12-03,20.4406
2008-12-02,20.3814
2008-12-01,20.0728
2008-11-28,21.0675
2008-11-27,19.9834
2008-11-26,19.7848
2008-11-25,18.0846
2008-11-24,17.9454
2008-11-21,16.4043
2008-11-19,17.9953
2008-11-18,19.1188
2008-11-17,19.9739
2008-11-14,19.5858
2008-11-13,19.9042
2008-11-12,18.6016
2008-11-11,20.0334
2008-11-10,20.1726
2008-11-07,18.9897
2008-11-06,19.9441
2008-11-05,20.4312
2008-11-04,22.3697
2008-11-03,21.7633
2008-10-31,21.8627
2008-10-30,21.8627
2008-10-29,19.2873
2008-10-28,18.3931
2008-10-27,16.3049
2008-10-24,16.6926
2008-10-23,18.3931
2008-10-22,19.7747
2008-10-21,21.296
2008-10-20,22.5687
2008-10-17,21.0177
2008-10-16,21.6939
2008-10-15,22.8666
2008-10-14,24.8549
2008-10-13,23.6624
2008-10-10,20.2716
2008-10-09,20.5801
2008-10-08,22.7675
2008-10-07,22.3697
2008-10-06,22.4687
2008-10-03,24.0298
2008-10-02,26.1381
2008-10-01,27.0325
2008-09-30,26.7442
2008-09-29,24.8549
2008-09-26,26.7442
2008-09-25,26.3465
2008-09-24,25.4516
2008-09-23,25.8497
2008-09-22,26.2968
2008-09-19,26.7938
2008-09-18,25.2528
2008-09-17,23.5529
2008-09-16,24.3581
2008-09-15,25.3327
2008-09-12,26.3465
2008-09-11,26.3962
2008-09-10,26.2569
2008-09-09,26.287
2008-09-08,26.8436
2008-09-05,26.4262
2008-09-04,26.4164
2008-09-03,26.6946
2008-09-02,26.6449
2008-09-01,26.1479
2008-08-29,26.6244
2008-08-28,26.784
2008-08-27,26.2372
2008-08-26,25.7895
2008-08-25,26.1479
2008-08-22,26.8241
2008-08-21,26.6449
2008-08-20,26.5353
2008-08-19,26.0486
2008-08-18,26.2469
2008-08-15,28.3248
2008-08-14,28.3248
2008-08-13,28.3248
2008-08-12,28.3248
2008-08-11,28.3248
2008-08-08,28.3248
2008-08-07,28.3248
2008-08-06,28.3248
2008-08-05,28.3248
2008-08-04,28.3248
2008-08-01,28.3248
2008-07-31,28.3248
2008-07-30,28.3248
2008-07-29,28.3248
2008-07-28,28.3248
2008-07-25,28.8323
2008-07-24,29.3294
2008-07-23,29.8158
2008-07-22,29.7171
2008-07-21,29.7469
2008-07-18,29.7171
2008-07-17,29.1303
2008-07-16,29.0608
2008-07-15,27.2317
2008-07-14,27.6387
2008-07-11,27.7186
2008-07-10,27.8381
2008-07-08,28.0962
2008-07-07,27.6888
2008-07-04,27.6089
2008-07-03,27.6888
2008-07-02,28.3355
2008-07-01,28.2554
2008-06-30,29.1303
2008-06-27,28.9314
2008-06-26,28.8323
2008-06-25,30.0451
2008-06-24,29.7066
2008-06-23,29.6773
2008-06-20,30.2137
2008-06-19,31.1087
2008-06-18,31.1186
2008-06-17,31.9638
2008-06-16,31.4568
2008-06-13,31.4071
2008-06-12,31.2182
2008-06-11,30.4724
2008-06-10,30.7705
2008-06-09,31.8547
2008-06-06,32.5006
2008-06-05,33.296
2008-06-04,32.2621
2008-06-03,32.6995
2008-06-02,33.5944
2008-05-30,34.0019
2008-05-29,33.803
2008-05-28,33.9521
2008-05-27,32.809
2008-05-26,32.4906
2008-05-23,32.7889
2008-05-21,32.9085
2008-05-20,33.6544
2008-05-19,33.803
2008-05-16,33.4949
2008-05-15,33.0574
2008-05-14,33.0077
2008-05-13,33.2564
2008-05-12,33.5542
2008-05-09,33.0077
2008-05-08,33.2068
2008-05-07,32.809
2008-05-06,32.809
2008-05-05,34.1611
2008-05-02,34.2903
2008-04-30,32.6995
2008-04-29,30.562
2008-04-28,31.2182
2008-04-25,31.1981
2008-04-24,30.8206
2008-04-23,30.6712
2008-04-22,30.5919
2008-04-18,30.8206
2008-04-17,30.6214
2008-04-16,30.1742
2008-04-15,29.1303
2008-04-14,28.9314
2008-04-11,29.5281
2008-04-10,30.1147
2008-04-09,29.5478
2008-04-08,30.2238
2008-04-07,29.8264
2008-04-04,44.2424
2008-04-03,43.3472
2008-04-02,43.7455
2008-04-01,43.5463
2008-03-31,42.4523
2008-03-28,42.0552
2008-03-27,42.7514
2008-03-26,43.5463
2008-03-25,44.461
2008-03-24,43.2482
2008-03-20,42.7011
2008-03-19,42.5423
2008-03-18,45.336
2008-03-17,44.58
2008-03-14,45.4351
2008-03-13,45.8332
2008-03-12,46.5786
2008-03-11,46.678
2008-03-10,44.7393
2008-03-07,45.6443
2008-03-06,46.4292
2008-03-05,48.567
2008-03-04,47.9708
2008-03-03,48.7163
2008-02-29,47.2248
2008-02-28,49.5118
2008-02-27,47.9207
2008-02-26,47.0362
2008-02-25,45.6837
2008-02-22,44.8389
2008-02-21,43.9243
2008-02-20,43.8448
2008-02-19,43.6358
2008-02-18,44.0333
2008-02-15,42.9497
2008-02-14,42.8505
2008-02-13,43.7455
2008-02-12,43.1485
2008-02-11,42.552
2008-02-08,40.902
2008-02-07,41.4084
2008-02-06,41.737
2008-02-01,42.7514
2008-01-31,42.7514
2008-01-30,43.795
2008-01-29,44.2721
2008-01-28,44.4907
2008-01-24,44.4907
2008-01-23,41.1598
2008-01-22,42.7514
2008-01-21,42.7514
2008-01-18,44.7393
2008-01-17,44.5904
2008-01-16,46.2403
2008-01-15,47.5231
2008-01-14,48.4085
2008-01-11,47.722
2008-01-10,48.4178
2008-01-09,48.5175
2008-01-08,49.8001
2008-01-07,48.6968
2008-01-04,48.2188
2008-01-03,47.2248
2008-01-02,47.8216
2007-12-28,51.202
2007-12-27,51.6988
2007-12-26,53.1398
2007-12-21,52.6332
2007-12-20,52.6132
2007-12-19,53.6874
2007-12-18,52.6932
2007-12-17,51.3015
2007-12-14,53.1902
2007-12-13,53.2001
2007-12-12,55.5661
2007-12-11,55.6855
2007-12-10,57.952
2007-12-07,57.6639
2007-12-06,57.3663
2007-12-05,56.6698
2007-12-04,55.6263
2007-12-03,55.5562
2007-11-30,55.0794
2007-11-29,54.1845
2007-11-28,54.5821
2007-11-27,50.2074
2007-11-26,49.7407
2007-11-23,50.1973
2007-11-22,50.2074
2007-11-21,49.313
2007-11-19,52.196
2007-11-16,53.4383
2007-11-14,53.538
2007-11-13,53.0016
2007-11-12,51.2214
2007-11-09,52.1863
2007-11-08,52.196
2007-11-07,54.0852
2007-11-06,53.8864
2007-11-05,53.638
2007-11-01,53.1308
2007-10-31,56.0735
2007-10-30,54.6812
2007-10-29,55.4269
2007-10-26,55.4665
2007-10-25,53.6874
2007-10-24,54.8807
2007-10-23,54.5323
2007-10-22,53.9756
2007-10-19,53.6779
2007-10-18,53.6874
2007-10-17,53.6779
2007-10-16,52.594
2007-10-15,53.6874
2007-10-11,54.6324
2007-10-10,55.9238
2007-10-09,56.1727
2007-10-08,55.6263
2007-10-05,55.4772
2007-10-04,52.8914
2007-10-03,52.6834
2007-10-02,53.8958
2007-10-01,53.0911
2007-09-28,52.2958
2007-09-27,52.2958
2007-09-26,51.6988
2007-09-25,50.7045
2007-09-24,50.9035
2007-09-21,50.1973
2007-09-20,50.0985
2007-09-19,50.0085
2007-09-18,49.4028
2007-09-17,46.9262
2007-09-14,47.722
2007-09-13,47.5134
2007-09-12,46.032
2007-09-11,45.883
2007-09-10,45.9323
2007-09-06,47.722
2007-09-05,48.2188
2007-09-04,49.4028
2007-09-03,49.4518
2007-08-31,49.1935
2007-08-30,46.7279
2007-08-29,47.2248
2007-08-28,46.6288
2007-08-27,48.3185
2007-08-24,48.4178
2007-08-23,48.2188
2007-08-22,48.9147
2007-08-21,47.4239
2007-08-20,48.1994
2007-08-17,47.175
2007-08-16,45.7336
2007-08-15,47.5031
2007-08-14,47.8216
2007-08-13,49.3029
2007-08-10,50.7045
2007-08-09,50.7045
2007-08-08,50.5061
2007-08-07,49.7102
2007-08-06,49.7102
2007-08-03,49.2135
2007-08-02,49.6907
2007-08-01,49.7102
2007-07-31,49.9491
2007-07-30,49.2135
2007-07-27,49.313
2007-07-26,49.7102
2007-07-25,51.0721
2007-07-24,52.1459
2007-07-23,53.9358
2007-07-20,53.5883
2007-07-19,55.1783
2007-07-18,53.2203
2007-07-17,52.8914
2007-07-16,52.8914
2007-07-13,51.7981
2007-07-12,50.5061
2007-07-11,48.9147
2007-07-10,48.0207
2007-07-06,48.9147
2007-07-05,48.8355
2007-07-04,49.0245
2007-07-03,49.5118
2007-07-02,48.8159
2007-06-29,48.4678
2007-06-28,48.7163
2007-06-27,48.6169
2007-06-26,48.2684
2007-06-25,48.6266
2007-06-22,49.4117
2007-06-21,49.5322
2007-06-20,49.9587
2007-06-19,49.4117
2007-06-18,49.0644
2007-06-15,50.0085
2007-06-14,47.9207
2007-06-13,47.7514
2007-06-12,47.5332
2007-06-11,47.9207
2007-06-08,48.7257
2007-06-06,49.9092
2007-06-05,50.4062
2007-06-04,50.6056
2007-06-01,49.7202
2007-05-31,48.5175
2007-05-30,48.7862
2007-05-29,48.7163
2007-05-28,49.9391
2007-05-25,48.0207
2007-05-24,47.722
2007-05-23,49.2135
2007-05-22,49.1041
2007-05-21,50.0085
2007-05-18,49.4621
2007-05-17,48.6169
2007-05-16,47.722
2007-05-15,46.2311
2007-05-14,46.4794
2007-05-11,47.722
2007-05-10,47.9207
2007-05-09,48.7163
2007-05-08,46.1314
2007-05-07,45.7336
2007-05-04,44.3618
2007-05-03,43.8448
2007-05-02,43.1587
2007-04-30,43.0597
2007-04-27,43.0888
2007-04-26,43.198
2007-04-25,43.646
2007-04-24,43.3574
2007-04-23,44.1923
2007-04-20,43.8448
2007-04-19,43.646
2007-04-18,43.1892
2007-04-17,42.9993
2007-04-16,42.8703
2007-04-13,40.5638
2007-04-12,40.8715
2007-04-11,41.6176
2007-04-10,41.5581
2007-04-09,41.2597
2007-04-05,40.8621
2007-04-04,40.9716
2007-04-03,40.5638
2007-04-02,41.1598
2007-03-30,41.2102
2007-03-29,41.0608
2007-03-28,40.7628
2007-03-27,41.5778
2007-03-26,42.2638
2007-03-23,83.9112
2007-03-22,82.8174
2007-03-21,82.4696
2007-03-20,79.5563
2007-03-19,78.9401
2007-03-16,77.0417
2007-03-15,78.0454
2007-03-14,77.5484
2007-03-13,77.0516
2007-03-12,77.9655
2007-03-09,78.0454
2007-03-08,77.8667
2007-03-07,76.0569
2007-03-06,75.5697
2007-03-05,72.3881
2007-03-02,75.0621
2007-03-01,77.5281
2007-02-28,76.8518
2007-02-27,76.5535
2007-02-26,81.8137
2007-02-23,80.9782
2007-02-22,82.0124
2007-02-21,81.0281
2007-02-16,81.5251
2007-02-15,82.0316
2007-02-14,82.5393
2007-02-13,80.7799
2007-02-12,80.6795
2007-02-09,81.0281
2007-02-08,82.0316
2007-02-07,81.9228
2007-02-06,81.1271
2007-02-05,81.7243
2007-02-02,83.0062
2007-02-01,83.3144
2007-01-31,84.0105
2007-01-30,84.1094
2007-01-29,83.8109
2007-01-26,86.9732
2007-01-24,86.4963
2007-01-23,84.9054
2007-01-22,84.7565
2007-01-19,84.4081
2007-01-18,82.5196
2007-01-17,83.2743
2007-01-16,83.2154
2007-01-15,82.5196
2007-01-12,82.1212
2007-01-11,80.5311
2007-01-10,79.537
2007-01-09,79.9244
2007-01-08,82.0225
2007-01-05,79.487
2007-01-04,82.8276
2007-01-03,82.5196
2007-01-02,83.4137
2006-12-28,82.4696
2006-12-27,79.487
2006-12-26,77.5484
2006-12-22,76.047
2006-12-21,77.1403
2006-12-20,76.952
2006-12-19,75.5697
2006-12-18,75.6593
2006-12-15,76.952
2006-12-14,76.5535
2006-12-13,75.5593
2006-12-12,75.0135
2006-12-11,75.5593
2006-12-08,75.9573
2006-12-07,75.7488
2006-12-06,76.5443
2006-12-05,75.5593
2006-12-04,75.2618
2006-12-01,74.0678
2006-11-30,75.5593
2006-11-29,74.5648
2006-11-28,73.6707
2006-11-27,74.2077
2006-11-24,75.5593
2006-11-23,76.4547
2006-11-22,76.2557
2006-11-21,75.0621
2006-11-20,75.0135
2006-11-17,75.0135
2006-11-16,74.7049
2006-11-15,73.7798
2006-11-14,73.7798
2006-11-13,71.5427
2006-11-10,70.579
2006-11-09,70.6385
2006-11-08,73.0738
2006-11-07,73.2738
2006-11-06,73.3722
2006-11-03,72.1797
2006-11-02,71.0852
2006-11-01,71.0852
2006-10-31,70.6587
2006-10-30,70.9764
2006-10-27,73.5709
2006-10-26,73.1939
2006-10-25,73.3722
2006-10-24,74.2676
2006-10-23,73.2634
2006-10-20,72.7063
2006-10-19,73.2738
2006-10-18,73.174
2006-10-17,72.4779
2006-10-16,73.9796
2006-10-13,73.0147
2006-10-12,71.5824
2006-10-11,71.5824
2006-10-10,72.1797
2006-10-09,71.175
2006-10-06,71.0852
2006-10-05,72.8753
2006-10-04,71.4838
2006-10-03,68.1029
2006-10-02,69.5849
2006-09-29,68.3025
2006-09-28,67.6058
2006-09-27,68.0936
2006-09-26,66.811
2006-09-25,66.6117
2006-09-22,65.0111
2006-09-21,65.4583
2006-09-20,67.4069
2006-09-19,67.6058
2006-09-18,68.1029
2006-09-15,68.0541
2006-09-14,67.2086
2006-09-13,68.0043
2006-09-12,67.5967
2006-09-11,65.5876
2006-09-08,66.4629
2006-09-07,65.807
2006-09-06,65.807
2006-09-05,66.6117
2006-09-04,67.8849
2006-09-01,68.0043
2006-08-31,66.0156
2006-08-30,65.876
2006-08-29,65.5675
2006-08-28,65.6172
2006-08-25,63.2317
2006-08-24,64.2051
2006-08-23,65.0111
2006-08-22,65.9659
2006-08-21,66.6117
2006-08-18,67.5967
2006-08-17,68.491
2006-08-16,68.0043
2006-08-15,66.9996
2006-08-14,64.4244
2006-08-11,66.3131
2006-08-10,66.7014
2006-08-09,66.3131
2006-08-08,68.6
2006-08-07,67.7955
2006-08-04,68.5908
2006-08-03,67.6058
2006-08-02,68.0936
2006-08-01,67.5967
2006-07-31,67.5072
2006-07-28,67.5567
2006-07-27,66.5129
2006-07-26,67.3082
2006-07-25,67.6058
2006-07-24,64.9216
2006-07-21,62.9334
2006-07-20,62.5849
2006-07-19,62.6347
2006-07-18,58.261
2006-07-17,57.6639
2006-07-14,59.9509
2006-07-13,61.0844
2006-07-12,62.9334
2006-07-11,63.9673
2006-07-10,63.4202
2006-07-07,64.4244
2006-07-06,64.8425
2006-07-05,64.6229
2006-07-04,65.6172
2006-07-03,65.9156
2006-06-30,63.6096
2006-06-29,62.6347
2006-06-28,57.0681
2006-06-27,58.261
2006-06-26,58.6581
2006-06-23,58.2007
2006-06-22,57.6639
2006-06-21,58.3594
2006-06-20,57.346
2006-06-19,55.9741
2006-06-16,56.1727
2006-06-15,55.6655
2006-06-14,55.6655
2006-06-13,57.4551
2006-06-12,57.8624
2006-06-09,61.6405
2006-06-08,62.0388
2006-06-07,65.0111
2006-06-06,67.4069
2006-06-05,69.5849
2006-06-02,70.5882
2006-06-01,72.3781
2006-05-31,69.5849
2006-05-30,70.3897
2006-05-29,73.472
2006-05-26,72.0794
2006-05-25,73.0738
2006-05-24,72.4779
2006-05-23,72.965
2006-05-22,72.5767
2006-05-19,72.5767
2006-05-18,73.0442
2006-05-17,73.5709
2006-05-16,74.5648
2006-05-15,74.5648
2006-05-12,76.5535
2006-05-11,77.5484
2006-05-10,78.443
2006-05-09,78.5431
2006-05-08,79.4373
2006-05-05,75.5697
2006-05-04,74.0678
2006-05-03,72.975
2006-05-02,72.5767
2006-05-01,71.175
2006-04-28,71.175
2006-04-27,71.175
2006-04-26,71.5824
2006-04-25,70.579
2006-04-24,70.9866
2006-04-21,71.9706
2006-04-20,71.9706
2006-04-19,69.9927
2006-04-18,67.5967
2006-04-17,66.1146
2006-04-14,66.0649
2006-04-13,66.0649
2006-04-12,67.6058
2006-04-11,68.4807
2006-04-10,69.3958
2006-04-07,71.3734
2006-04-06,71.8812
2006-04-05,72.5767
2006-04-04,71.2848
2006-04-03,71.5824
2006-03-31,69.594
2006-03-30,70.0916
2006-03-29,71.1854
2006-03-28,70.5882
2006-03-27,73.3825
2006-03-24,74.6942
2006-03-23,74.7341
2006-03-22,76.265
2006-03-21,75.7588
2006-03-20,77.4491
2006-03-17,78.3428
2006-03-16,78.3428
2006-03-15,77.2398
2006-03-14,76.3457
2006-03-13,75.3608
2006-03-10,75.0621
2006-03-09,73.5709
2006-03-08,75.0621
2006-03-07,76.9019
2006-03-06,79.5269
2006-03-03,81.8228
2006-03-02,83.2348
2006-03-01,83.0167
2006-02-28,79.537
2006-02-27,79.537
2006-02-24,79.537
2006-02-23,78.3428
2006-02-22,80.5109
2006-02-21,82.4198
2006-02-20,80.6795
2006-02-17,81.6739
2006-02-16,81.5251
2006-02-15,77.1503
2006-02-14,75.5797
2006-02-13,76.0569
2006-02-10,77.7371
2006-02-09,74.5648
2006-02-08,74.5648
2006-02-07,75.1619
2006-02-06,78.9105
2006-02-03,78.0251
2006-02-02,78.0454
2006-02-01,80.8288
2006-01-31,81.2767
2006-01-30,80.0432
2006-01-27,77.6576
2006-01-26,76.0569
2006-01-25,74.1677
2006-01-24,74.1677
2006-01-23,70.4101
2006-01-20,70.5882
2006-01-19,71.9706
2006-01-18,69.0967
2006-01-17,70.0916
2006-01-16,69.8429
2006-01-13,67.8849
2006-01-12,67.4069
2006-01-11,67.357
2006-01-10,66.1146
2006-01-09,66.354
2006-01-06,66.7113
2006-01-05,65.9156
2006-01-04,65.9156
2006-01-03,65.4189
2006-01-02,63.1319
2005-12-29,64.1157
2005-12-28,63.1319
2005-12-27,64.1262
2005-12-26,64.0275
2005-12-23,65.8656
2005-12-22,65.8162
2005-12-21,65.6172
2005-12-20,63.6191
2005-12-19,63.6191
2005-12-16,63.9271
2005-12-15,62.8538
2005-12-14,63.3213
2005-12-13,63.2421
2005-12-12,63.6293
2005-12-09,63.1822
2005-12-08,64.6229
2005-12-07,67.4069
2005-12-06,67.8054
2005-12-05,65.8964
2005-12-02,63.9271
2005-12-01,63.1319
2005-11-30,61.3423
2005-11-29,61.6405
2005-11-28,61.6209
2005-11-25,61.2632
2005-11-24,61.2437
2005-11-23,61.4417
2005-11-22,120.7957
2005-11-21,117.316
2005-11-18,117.0189
2005-11-17,117.1674
2005-11-16,116.7192
2005-11-14,116.8191
2005-11-11,115.6759
2005-11-10,115.2177
2005-11-09,115.3276
2005-11-08,114.3338
2005-11-07,112.3452
2005-11-04,110.2569
2005-11-03,111.3511
2005-11-01,110.3568
2005-10-31,105.3656
2005-10-28,101.1121
2005-10-27,99.2208
2005-10-26,102.2139
2005-10-25,102.4032
2005-10-24,102.3933
2005-10-21,101.7064
2005-10-20,98.1783
2005-10-19,101.4091
2005-10-18,104.9884
2005-10-17,104.9884
2005-10-14,101.2091
2005-10-13,103.2282
2005-10-11,107.3543
2005-10-10,102.9493
2005-10-07,101.2602
2005-10-06,100.4045
2005-10-05,102.4032
2005-10-04,107.2644
2005-10-03,104.3915
2005-09-30,102.4032
2005-09-29,100.2154
2005-09-28,99.4209
2005-09-27,99.6101
2005-09-26,100.912
2005-09-23,100.8326
2005-09-22,100.4149
2005-09-21,101.3784
2005-09-20,98.5654
2005-09-19,96.2385
2005-09-16,95.7028
2005-09-15,95.8718
2005-09-14,92.7589
2005-09-13,94.45
2005-09-12,95.9411
2005-09-09,95.9411
2005-09-08,94.4988
2005-09-06,94.7368
2005-09-05,91.3675
2005-09-02,90.9701
2005-09-01,88.4848
2005-08-31,88.1056
2005-08-30,87.9771
2005-08-29,88.0878
2005-08-26,87.4011
2005-08-25,89.2301
2005-08-24,82.5196
2005-08-23,86.3863
2005-08-22,87.4906
2005-08-19,84.6566
2005-08-18,86.9933
2005-08-17,88.0367
2005-08-16,87.4906
2005-08-15,86.7936
2005-08-12,85.5022
2005-08-11,85.0051
2005-08-10,85.5022
2005-08-09,83.5034
2005-08-08,78.5431
2005-08-05,76.4547
2005-08-04,77.5387
2005-08-03,77.0516
2005-08-02,79.04
2005-08-01,76.7032
2005-07-29,75.9573
2005-07-28,76.4547
2005-07-27,75.9573
2005-07-26,75.5604
2005-07-25,73.5721
2005-07-22,77.3489
2005-07-21,77.5484
2005-07-20,77.8971
2005-07-19,77.6383
2005-07-18,78.2433
2005-07-15,76.5545
2005-07-14,77.0417
2005-07-13,76.0573
2005-07-12,75.3608
2005-07-11,74.2484
2005-07-08,73.5721
2005-07-07,74.3666
2005-07-06,74.7638
2005-07-05,76.5035
2005-07-04,76.952
2005-07-01,78.2741
2005-06-30,79.04
2005-06-29,76.5545
2005-06-28,76.752
2005-06-27,74.5762
2005-06-24,72.975
2005-06-23,72.8753
2005-06-22,73.0238
2005-06-21,73.5721
2005-06-20,74.556
2005-06-17,73.9488
2005-06-16,72.8055
2005-06-15,71.5325
2005-06-14,73.0748
2005-06-13,70.669
2005-06-10,71.5834
2005-06-09,71.0864
2005-06-08,71.9706
2005-06-07,73.5721
2005-06-06,72.5778
2005-06-03,72.081
2005-06-02,70.8868
2005-06-01,70.0921
2005-05-31,69.5951
2005-05-30,69.5951
2005-05-27,68.9981
2005-05-25,69.2775
2005-05-24,68.8987
2005-05-23,67.7047
2005-05-20,70.0921
2005-05-19,72.0707
2005-05-18,71.5834
2005-05-17,69.5849
2005-05-16,70.0921
2005-05-13,68.6012
2005-05-12,67.6066
2005-05-11,69.5951
2005-05-10,71.4637
2005-05-09,70.7381
2005-05-06,68.501
2005-05-05,68.2321
2005-05-04,68.4015
2005-05-03,66.1153
2005-05-02,67.735
2005-04-29,63.8276
2005-04-28,63.1329
2005-04-27,66.0156
2005-04-26,65.1217
2005-04-25,62.6359
2005-04-22,63.0819
2005-04-20,62.9818
2005-04-19,64.186
2005-04-18,63.5301
2005-04-15,64.6245
2005-04-14,64.3754
2005-04-13,66.6126
2005-04-12,66.1153
2005-04-11,66.1153
2005-04-08,66.1153
2005-04-07,66.6126
2005-04-06,64.9216
2005-04-05,64.6245
2005-04-04,65.5675
2005-04-01,65.9156
2005-03-31,66.6126
2005-03-30,66.9101
2005-03-29,66.6023
2005-03-28,67.4969
2005-03-24,68.9981
2005-03-23,68.5212
2005-03-22,69.9823
2005-03-21,70.3897
2005-03-18,70.5891
2005-03-17,70.5891
2005-03-16,70.082
2005-03-15,69.0979
2005-03-14,70.5891
2005-03-11,72.4577
2005-03-10,72.8261
2005-03-09,73.5721
2005-03-08,75.4499
2005-03-07,76.6545
2005-03-04,74.3566
2005-03-03,71.9805
2005-03-02,70.4895
2005-03-01,71.4838
2005-02-28,70.0921
2005-02-25,70.0921
2005-02-24,70.5891
2005-02-23,67.8043
2005-02-22,67.1095
2005-02-21,65.4189
2005-02-18,66.9101
2005-02-17,67.6066
2005-02-16,67.6066
2005-02-15,69.0979
2005-02-14,69.5951
2005-02-11,65.6184
2005-02-10,65.0216
2005-02-09,66.8099
2005-02-04,65.3983
2005-02-03,60.0609
2005-02-02,55.6849
2005-02-01,53.6881
2005-01-31,54.0749
2005-01-28,51.5001
2005-01-27,51.1419
2005-01-26,50.8442
2005-01-24,49.7091
2005-01-21,49.7091
2005-01-20,51.2031
2005-01-19,52.0972
2005-01-18,50.7135
2005-01-17,49.1141
2005-01-14,48.7252
2005-01-13,49.4221
2005-01-12,49.2122
2005-01-11,50.4062
2005-01-10,50.6954
2005-01-07,51.3007
2005-01-06,50.2064
2005-01-05,51.6997
2005-01-04,53.6881
2005-01-03,55.6663
