date,ITUB4
2025-10-03,38.21
2025-10-02,37.93
2025-10-01,38.35
2025-09-30,39.07
2025-09-29,38.89
2025-09-26,38.67
2025-09-25,38.48
2025-09-24,38.79
2025-09-23,39.05
2025-09-22,38.44
2025-09-19,39.0
2025-09-18,38.49
2025-09-17,38.44
2025-09-16,37.9
2025-09-15,38.0
2025-09-12,37.38
2025-09-11,37.95
2025-09-10,37.88
2025-09-09,37.85
2025-09-08,38.18
2025-09-05,38.36
2025-09-04,37.94
2025-09-03,37.79
2025-09-02,38.12
2025-09-01,38.78
2025-08-29,38.49
2025-08-28,38.35
2025-08-27,37.57
2025-08-26,36.95
2025-08-25,37.2
2025-08-22,37.39
2025-08-21,36.37
2025-08-20,36.33
2025-08-19,36.31
2025-08-18,37.76
2025-08-15,37.49
2025-08-14,37.62
2025-08-13,37.67
2025-08-12,38.03
2025-08-11,37.26
2025-08-08,37.03
2025-08-07,36.78
2025-08-06,36.14
2025-08-05,35.69
2025-08-04,35.3
2025-08-01,34.93
2025-07-31,35.16
2025-07-30,35.07
2025-07-29,34.67
2025-07-28,34.47
2025-07-25,35.21
2025-07-24,35.06
2025-07-23,35.39
2025-07-22,35.0
2025-07-21,35.48
2025-07-18,35.07
2025-07-17,35.72
2025-07-16,35.19
2025-07-15,35.02
2025-07-14,34.9
2025-07-11,34.96
2025-07-10,35.25
2025-07-09,36.37
2025-07-08,37.14
2025-07-07,37.23
2025-07-04,37.73
2025-07-03,37.71
2025-07-02,36.8
2025-07-01,37.1
2025-06-30,36.95
2025-06-27,36.27
2025-06-26,36.31
2025-06-25,36.58
2025-06-24,37.25
2025-06-23,36.56
2025-06-20,36.64
2025-06-18,36.83
2025-06-17,37.05
2025-06-16,36.83
2025-06-13,36.17
2025-06-12,36.61
2025-06-11,36.33
2025-06-10,36.0
2025-06-09,36.39
2025-06-06,36.58
2025-06-05,36.49
2025-06-04,36.94
2025-06-03,37.03
2025-06-02,37.15
2025-05-30,37.43
2025-05-29,37.49
2025-05-28,37.79
2025-05-27,38.1
2025-05-26,37.8
2025-05-23,37.72
2025-05-22,37.27
2025-05-21,37.53
2025-05-20,38.3
2025-05-19,38.35
2025-05-16,37.9
2025-05-15,37.68
2025-05-14,37.18
2025-05-13,36.93
2025-05-12,36.48
2025-05-09,37.23
2025-05-08,35.32
2025-05-07,35.04
2025-05-06,34.66
2025-05-05,34.84
2025-05-02,35.47
2025-04-30,35.58
2025-04-29,35.27
2025-04-28,34.99
2025-04-25,34.62
2025-04-24,34.75
2025-04-23,34.09
2025-04-22,33.39
2025-04-17,32.75
2025-04-16,32.69
2025-04-15,32.74
2025-04-14,32.33
2025-04-11,31.81
2025-04-10,31.65
2025-04-09,31.78
2025-04-08,31.21
2025-04-07,31.2
2025-04-04,31.14
2025-04-03,31.97
2025-04-02,31.41
2025-04-01,31.4
2025-03-31,31.41
2025-03-28,31.69
2025-03-27,32.13
2025-03-26,32.09
2025-03-25,32.44
2025-03-24,32.18
2025-03-21,32.15
2025-03-20,32.08
2025-03-19,32.38
2025-03-18,32.3
2025-03-17,35.34
2025-03-14,34.31
2025-03-13,33.23
2025-03-12,32.7
2025-03-11,32.6
2025-03-10,32.89
2025-03-07,32.6
2025-03-06,32.46
2025-03-05,32.4
2025-02-28,31.94
2025-02-27,32.74
2025-02-26,32.77
2025-02-25,32.85
2025-02-24,32.52
2025-02-21,32.7
2025-02-20,32.8
2025-02-19,32.89
2025-02-18,33.2
2025-02-17,34.84
2025-02-14,34.77
2025-02-13,33.87
2025-02-12,33.69
2025-02-11,34.65
2025-02-10,34.29
2025-02-07,33.92
2025-02-06,34.17
2025-02-05,34.11
2025-02-04,33.6001
2025-02-03,33.48
2025-01-31,33.81
2025-01-30,34.03
2025-01-29,33.22
2025-01-28,33.3
2025-01-27,33.24
2025-01-24,32.46
2025-01-23,32.54
2025-01-22,32.6101
2025-01-21,32.73
2025-01-20,32.66
2025-01-17,32.35
2025-01-16,32.12
2025-01-15,32.22
2025-01-14,30.88
2025-01-13,30.86
2025-01-10,30.64
2025-01-09,31.0701
2025-01-08,30.99
2025-01-07,31.5
2025-01-06,31.16
2025-01-03,29.82
2025-01-02,30.57
2024-12-30,30.73
2024-12-27,30.78
2024-12-26,31.09
2024-12-23,30.89
2024-12-20,31.5
2024-12-19,31.14
2024-12-18,30.97
2024-12-17,31.88
2024-12-16,31.71
2024-12-13,32.0601
2024-12-12,32.48
2024-12-11,33.31
2024-12-10,32.99
2024-12-09,32.86
2024-12-06,32.7
2024-12-05,33.3801
2024-12-04,32.68
2024-12-03,32.48
2024-12-02,32.12
2024-11-29,32.6
2024-11-28,32.68
2024-11-27,33.9
2024-11-26,34.75
2024-11-25,34.1
2024-11-22,34.11
2024-11-21,34.01
2024-11-19,34.61
2024-11-18,34.3
2024-11-14,34.42
2024-11-13,34.52
2024-11-12,34.7001
2024-11-11,35.12
2024-11-08,35.08
2024-11-07,35.64
2024-11-06,36.17
2024-11-05,36.34
2024-11-04,35.28
2024-11-01,34.8101
2024-10-31,35.02
2024-10-30,35.2501
2024-10-29,35.35
2024-10-28,35.73
2024-10-25,35.3
2024-10-24,35.7
2024-10-23,35.38
2024-10-22,35.16
2024-10-21,35.1
2024-10-18,35.28
2024-10-17,35.11
2024-10-16,35.04
2024-10-15,35.2501
2024-10-14,34.85
2024-10-11,34.63
2024-10-10,34.89
2024-10-09,34.7001
2024-10-08,35.35
2024-10-07,35.1401
2024-10-04,34.91
2024-10-03,34.84
2024-10-02,35.72
2024-10-01,35.5
2024-09-30,36.11
2024-09-27,36.76
2024-09-26,36.62
2024-09-25,36.16
2024-09-24,35.71
2024-09-23,35.72
2024-09-20,35.93
2024-09-19,36.6
2024-09-18,36.7
2024-09-17,36.91
2024-09-16,37.0
2024-09-13,37.0101
2024-09-12,36.97
2024-09-11,37.38
2024-09-10,37.31
2024-09-09,37.31
2024-09-06,36.95
2024-09-05,37.48
2024-09-04,37.24
2024-09-03,36.98
2024-09-02,36.39
2024-08-30,36.7
2024-08-29,36.96
2024-08-28,37.37
2024-08-27,36.58
2024-08-26,36.54
2024-08-23,36.4601
2024-08-22,36.74
2024-08-21,37.08
2024-08-20,37.2301
2024-08-19,36.96
2024-08-16,36.74
2024-08-15,37.05
2024-08-14,36.47
2024-08-13,35.59
2024-08-12,34.61
2024-08-09,34.56
2024-08-08,33.65
2024-08-07,33.77
2024-08-06,33.68
2024-08-05,32.95
2024-08-02,32.95
2024-08-01,33.37
2024-07-31,33.88
2024-07-30,34.36
2024-07-29,34.49
2024-07-26,34.24
2024-07-25,33.99
2024-07-24,34.14
2024-07-23,34.19
2024-07-22,34.24
2024-07-19,34.2601
2024-07-18,34.0
2024-07-17,34.16
2024-07-16,33.79
2024-07-15,33.59
2024-07-12,33.46
2024-07-11,33.65
2024-07-10,33.45
2024-07-09,33.1
2024-07-08,32.87
2024-07-05,32.93
2024-07-04,32.91
2024-07-03,32.86
2024-07-02,32.66
2024-07-01,32.24
2024-06-28,32.41
2024-06-27,32.44
2024-06-26,32.38
2024-06-25,32.44
2024-06-24,32.34
2024-06-21,31.88
2024-06-20,31.91
2024-06-19,32.13
2024-06-18,31.88
2024-06-17,31.9
2024-06-14,31.14
2024-06-13,31.17
2024-06-12,31.5
2024-06-11,31.55
2024-06-10,31.2
2024-06-07,31.45
2024-06-06,31.9
2024-06-05,31.5
2024-06-04,31.56
2024-06-03,31.45
2024-05-31,31.03
2024-05-29,31.35
2024-05-28,31.57
2024-05-27,31.74
2024-05-24,31.85
2024-05-23,32.16
2024-05-22,32.45
2024-05-21,32.96
2024-05-20,33.13
2024-05-17,33.23
2024-05-16,33.22
2024-05-15,33.32
2024-05-14,33.41
2024-05-13,33.0501
2024-05-10,32.65
2024-05-09,32.2801
2024-05-08,33.28
2024-05-07,33.07
2024-05-06,32.4
2024-05-03,32.2
2024-05-02,31.8
2024-04-30,31.36
2024-04-29,31.96
2024-04-26,32.21
2024-04-25,31.68
2024-04-24,31.86
2024-04-23,32.0
2024-04-22,31.53
2024-04-19,31.55
2024-04-18,31.7301
2024-04-17,31.69
2024-04-16,31.67
2024-04-15,31.91
2024-04-12,32.46
2024-04-11,32.8
2024-04-10,32.86
2024-04-09,33.57
2024-04-08,33.22
2024-04-05,32.73
2024-04-04,32.79
2024-04-03,33.23
2024-04-02,33.48
2024-04-01,33.44
2024-03-28,34.64
2024-03-27,34.58
2024-03-26,34.39
2024-03-25,33.72
2024-03-22,33.72
2024-03-21,34.44
2024-03-20,34.8
2024-03-19,34.73
2024-03-18,34.68
2024-03-15,34.54
2024-03-14,34.73
2024-03-13,34.75
2024-03-12,34.41
2024-03-11,34.27
2024-03-08,34.1
2024-03-07,33.79
2024-03-06,34.1501
2024-03-05,33.78
2024-03-04,33.81
2024-03-01,34.07
2024-02-29,33.94
2024-02-28,34.8
2024-02-27,34.78
2024-02-26,34.36
2024-02-23,34.2601
2024-02-22,34.16
2024-02-21,35.48
2024-02-20,35.68
2024-02-19,34.9201
2024-02-16,34.54
2024-02-15,34.58
2024-02-14,34.29
2024-02-09,34.29
2024-02-08,33.86
2024-02-07,34.54
2024-02-06,34.79
2024-02-05,33.36
2024-02-02,32.74
2024-02-01,32.69
2024-01-31,32.78
2024-01-30,32.43
2024-01-29,32.64
2024-01-26,32.81
2024-01-25,32.33
2024-01-24,32.4
2024-01-23,32.55
2024-01-22,32.4
2024-01-19,32.9401
2024-01-18,32.86
2024-01-17,33.0
2024-01-16,32.98
2024-01-15,33.45
2024-01-12,33.39
2024-01-11,33.35
2024-01-10,33.29
2024-01-09,33.32
2024-01-08,33.34
2024-01-05,33.7
2024-01-04,32.93
2024-01-03,33.15
2024-01-02,33.52
2023-12-28,33.97
2023-12-27,33.88
2023-12-26,33.65
2023-12-22,33.31
2023-12-21,32.79
2023-12-20,32.57
2023-12-19,32.91
2023-12-18,32.89
2023-12-15,32.73
2023-12-14,32.87
2023-12-13,32.6
2023-12-12,31.64
2023-12-11,31.8
2023-12-08,32.02
2023-12-07,31.6201
2023-12-06,31.52
2023-12-05,31.8
2023-12-04,31.54
2023-12-01,31.5
2023-11-30,31.59
2023-11-29,31.11
2023-11-28,30.9
2023-11-27,30.6
2023-11-24,30.68
2023-11-23,30.8501
2023-11-22,30.89
2023-11-21,30.7
2023-11-20,30.75
2023-11-17,30.45
2023-11-16,30.31
2023-11-14,29.83
2023-11-13,29.39
2023-11-10,29.59
2023-11-09,29.24
2023-11-08,29.11
2023-11-07,28.9801
2023-11-06,28.19
2023-11-03,27.93
2023-11-01,27.18
2023-10-31,26.82
2023-10-30,27.08
2023-10-27,27.3
2023-10-26,27.71
2023-10-25,27.04
2023-10-24,26.99
2023-10-23,26.99
2023-10-20,26.96
2023-10-19,27.06
2023-10-18,26.75
2023-10-17,27.32
2023-10-16,27.73
2023-10-13,27.69
2023-10-11,27.98
2023-10-10,27.63
2023-10-09,27.6601
2023-10-06,27.9
2023-10-05,27.64
2023-10-04,27.21
2023-10-03,26.6
2023-10-02,26.94
2023-09-29,27.21
2023-09-28,27.25
2023-09-27,26.55
2023-09-26,26.6
2023-09-25,27.0001
2023-09-22,26.92
2023-09-21,26.99
2023-09-20,27.62
2023-09-19,27.16
2023-09-18,27.51
2023-09-15,27.58
2023-09-14,27.64
2023-09-13,27.75
2023-09-12,27.61
2023-09-11,27.45
2023-09-08,26.77
2023-09-06,26.73
2023-09-05,26.99
2023-09-04,27.4
2023-09-01,27.65
2023-08-31,27.43
2023-08-30,27.67
2023-08-29,28.2101
2023-08-28,27.7701
2023-08-25,26.86
2023-08-24,27.29
2023-08-23,27.61
2023-08-22,27.27
2023-08-21,26.85
2023-08-18,26.96
2023-08-17,26.75
2023-08-16,27.07
2023-08-15,27.09
2023-08-14,27.24
2023-08-11,27.64
2023-08-10,27.59
2023-08-09,27.5
2023-08-08,27.6
2023-08-07,27.6601
2023-08-04,27.8801
2023-08-03,28.4
2023-08-02,28.62
2023-08-01,28.71
2023-07-31,28.64
2023-07-28,28.5401
2023-07-27,28.12
2023-07-26,28.7601
2023-07-25,28.6
2023-07-24,28.5401
2023-07-21,29.0
2023-07-20,28.49
2023-07-19,27.97
2023-07-18,28.27
2023-07-17,28.83
2023-07-14,28.28
2023-07-13,28.58
2023-07-12,28.27
2023-07-11,28.44
2023-07-10,28.95
2023-07-07,29.14
2023-07-06,28.6
2023-07-05,29.03
2023-07-04,28.78
2023-07-03,28.96
2023-06-30,28.42
2023-06-29,28.49
2023-06-28,28.15
2023-06-27,28.31
2023-06-26,28.63
2023-06-23,28.67
2023-06-22,28.7601
2023-06-21,29.04
2023-06-20,28.7601
2023-06-19,29.04
2023-06-16,28.6501
2023-06-15,28.56
2023-06-14,28.19
2023-06-13,27.81
2023-06-12,27.5
2023-06-09,27.8
2023-06-07,27.42
2023-06-06,27.34
2023-06-05,27.15
2023-06-02,27.09
2023-06-01,26.7
2023-05-31,26.33
2023-05-30,26.54
2023-05-29,26.92
2023-05-26,27.04
2023-05-25,27.25
2023-05-24,26.42
2023-05-23,26.57
2023-05-22,26.36
2023-05-19,26.87
2023-05-18,27.09
2023-05-17,27.19
2023-05-16,26.92
2023-05-15,27.01
2023-05-12,26.91
2023-05-11,27.16
2023-05-10,26.9
2023-05-09,26.51
2023-05-08,26.35
2023-05-05,25.99
2023-05-04,25.06
2023-05-03,24.86
2023-05-02,24.9
2023-04-28,25.92
2023-04-27,25.7901
2023-04-26,25.34
2023-04-25,25.6
2023-04-24,25.37
2023-04-20,25.6
2023-04-19,25.53
2023-04-18,25.94
2023-04-17,25.96
2023-04-14,26.0101
2023-04-13,25.64
2023-04-12,25.64
2023-04-11,25.47
2023-04-10,24.67
2023-04-06,24.41
2023-04-05,24.49
2023-04-04,24.51
2023-04-03,24.0301
2023-03-31,24.74
2023-03-30,24.62
2023-03-29,23.96
2023-03-28,23.73
2023-03-27,23.62
2023-03-24,23.22
2023-03-23,23.1501
2023-03-22,23.74
2023-03-21,23.88
2023-03-20,23.4
2023-03-17,23.34
2023-03-16,24.0301
2023-03-15,23.64
2023-03-14,23.7001
2023-03-13,23.78
2023-03-10,24.07
2023-03-09,24.66
2023-03-08,25.14
2023-03-07,24.83
2023-03-06,24.76
2023-03-03,24.21
2023-03-02,24.18
2023-03-01,25.0
2023-02-28,25.43
2023-02-27,25.34
2023-02-24,25.67
2023-02-23,26.48
2023-02-22,26.38
2023-02-17,26.88
2023-02-16,26.97
2023-02-15,26.77
2023-02-14,26.38
2023-02-13,26.71
2023-02-10,25.8
2023-02-09,25.92
2023-02-08,26.58
2023-02-07,24.55
2023-02-06,25.1301
2023-02-03,25.12
2023-02-02,25.21
2023-02-01,24.98
2023-01-31,25.33
2023-01-30,24.94
2023-01-27,24.93
2023-01-26,25.47
2023-01-25,25.62
2023-01-24,25.53
2023-01-23,25.3
2023-01-20,26.1
2023-01-19,26.57
2023-01-18,26.57
2023-01-17,26.1
2023-01-16,25.5701
2023-01-13,25.85
2023-01-12,25.98
2023-01-11,26.35
2023-01-10,25.9001
2023-01-09,25.41
2023-01-06,25.23
2023-01-05,24.8001
2023-01-04,24.05
2023-01-03,23.98
2023-01-02,24.49
2022-12-29,25.0
2022-12-28,25.05
2022-12-27,24.55
2022-12-26,24.6901
2022-12-23,25.19
2022-12-22,24.8001
2022-12-21,24.75
2022-12-20,24.65
2022-12-19,24.39
2022-12-16,23.68
2022-12-15,23.42
2022-12-14,23.29
2022-12-13,23.19
2022-12-12,24.1
2022-12-09,24.33
2022-12-08,25.05
2022-12-07,25.96
2022-12-06,26.15
2022-12-05,25.56
2022-12-02,26.33
2022-12-01,25.98
2022-11-30,26.0
2022-11-29,25.74
2022-11-28,25.52
2022-11-25,25.99
2022-11-24,26.94
2022-11-23,26.0101
2022-11-22,26.28
2022-11-21,26.72
2022-11-18,26.64
2022-11-17,26.43
2022-11-16,26.27
2022-11-14,26.65
2022-11-11,26.73
2022-11-10,27.62
2022-11-09,28.15
2022-11-08,29.57
2022-11-07,29.66
2022-11-04,30.35
2022-11-03,30.24
2022-11-01,30.46
2022-10-31,30.4
2022-10-28,29.54
2022-10-27,29.3101
2022-10-26,28.78
2022-10-25,29.41
2022-10-24,29.65
2022-10-21,31.06
2022-10-20,30.06
2022-10-19,29.6
2022-10-18,29.59
2022-10-17,28.88
2022-10-14,28.6501
2022-10-13,28.64
2022-10-11,28.81
2022-10-10,29.01
2022-10-07,29.32
2022-10-06,29.26
2022-10-05,29.8
2022-10-04,29.8
2022-10-03,29.7501
2022-09-30,28.06
2022-09-29,27.93
2022-09-28,27.52
2022-09-27,27.53
2022-09-26,27.69
2022-09-23,28.3
2022-09-22,28.8701
2022-09-21,28.3
2022-09-20,28.6
2022-09-19,27.68
2022-09-16,26.68
2022-09-15,26.77
2022-09-14,26.7
2022-09-13,26.8
2022-09-12,27.08
2022-09-09,26.75
2022-09-08,26.54
2022-09-06,26.73
2022-09-05,26.98
2022-09-02,26.55
2022-09-01,26.19
2022-08-31,25.81
2022-08-30,26.48
2022-08-29,26.6
2022-08-26,26.69
2022-08-25,26.85
2022-08-24,26.52
2022-08-23,26.41
2022-08-22,26.3401
2022-08-19,26.64
2022-08-18,27.27
2022-08-17,27.35
2022-08-16,27.28
2022-08-15,26.97
2022-08-12,26.74
2022-08-11,26.42
2022-08-10,26.38
2022-08-09,25.9001
2022-08-08,25.2401
2022-08-05,24.93
2022-08-04,24.4701
2022-08-03,23.89
2022-08-02,23.72
2022-08-01,23.47
2022-07-29,23.62
2022-07-28,23.7001
2022-07-27,23.55
2022-07-26,23.47
2022-07-25,23.6
2022-07-22,23.2601
2022-07-21,23.51
2022-07-20,23.32
2022-07-19,23.62
2022-07-18,22.85
2022-07-15,22.55
2022-07-14,22.15
2022-07-13,22.4
2022-07-12,22.4901
2022-07-11,22.54
2022-07-08,22.91
2022-07-07,22.9
2022-07-06,22.58
2022-07-05,22.79
2022-07-04,22.63
2022-07-01,22.85
2022-06-30,22.67
2022-06-29,23.08
2022-06-28,23.32
2022-06-27,23.58
2022-06-24,23.44
2022-06-23,23.4801
2022-06-22,24.0301
2022-06-21,24.21
2022-06-20,24.4701
2022-06-17,23.45
2022-06-15,23.75
2022-06-14,23.65
2022-06-13,23.8101
2022-06-10,24.1
2022-06-09,24.64
2022-06-08,25.07
2022-06-07,25.56
2022-06-06,25.56
2022-06-03,25.65
2022-06-02,25.89
2022-06-01,25.78
2022-05-31,26.16
2022-05-30,25.92
2022-05-27,26.16
2022-05-26,26.02
2022-05-25,25.7
2022-05-24,26.17
2022-05-23,25.78
2022-05-20,25.1301
2022-05-19,24.82
2022-05-18,24.9
2022-05-17,25.26
2022-05-16,25.04
2022-05-13,24.78
2022-05-12,24.49
2022-05-11,24.11
2022-05-10,23.33
2022-05-09,23.45
2022-05-06,23.79
2022-05-05,23.29
2022-05-04,23.84
2022-05-03,23.87
2022-05-02,23.75
2022-04-29,23.87
2022-04-28,24.3
2022-04-27,24.5
2022-04-26,24.7
2022-04-25,25.5701
2022-04-22,25.67
2022-04-20,26.18
2022-04-19,26.0101
2022-04-18,26.48
2022-04-14,26.33
2022-04-13,26.16
2022-04-12,26.09
2022-04-11,26.5601
2022-04-08,26.66
2022-04-07,26.71
2022-04-06,26.73
2022-04-05,26.74
2022-04-04,27.29
2022-04-01,27.54
2022-03-31,27.48
2022-03-30,27.83
2022-03-29,27.7701
2022-03-28,27.45
2022-03-25,27.47
2022-03-24,27.42
2022-03-23,27.24
2022-03-22,27.36
2022-03-21,26.99
2022-03-18,26.3401
2022-03-17,26.15
2022-03-16,25.59
2022-03-15,25.1
2022-03-14,25.19
2022-03-11,24.84
2022-03-10,25.12
2022-03-09,25.1
2022-03-08,23.91
2022-03-07,24.1401
2022-03-04,24.67
2022-03-03,25.05
2022-03-02,25.03
2022-02-25,25.47
2022-02-24,24.96
2022-02-23,25.39
2022-02-22,25.75
2022-02-21,25.53
2022-02-18,26.17
2022-02-17,26.07
2022-02-16,26.44
2022-02-15,26.72
2022-02-14,26.47
2022-02-11,26.53
2022-02-10,25.05
2022-02-09,24.5801
2022-02-08,25.6
2022-02-07,25.32
2022-02-04,25.4601
2022-02-03,25.38
2022-02-02,25.09
2022-02-01,25.49
2022-01-31,25.33
2022-01-28,24.79
2022-01-27,24.49
2022-01-26,24.37
2022-01-25,24.11
2022-01-24,23.27
2022-01-21,23.3
2022-01-20,23.29
2022-01-19,23.4801
2022-01-18,23.64
2022-01-17,23.5
2022-01-14,23.5
2022-01-13,23.68
2022-01-12,23.25
2022-01-11,23.35
2022-01-10,22.84
2022-01-07,22.63
2022-01-06,22.14
2022-01-05,21.7
2022-01-04,22.12
2022-01-03,21.51
2021-12-30,20.9501
2021-12-29,21.3
2021-12-28,21.48
2021-12-27,21.56
2021-12-23,21.34
2021-12-22,21.23
2021-12-21,21.15
2021-12-20,21.12
2021-12-17,21.45
2021-12-16,21.93
2021-12-15,21.71
2021-12-14,21.78
2021-12-13,21.57
2021-12-10,22.1601
2021-12-09,22.13
2021-12-08,22.74
2021-12-07,22.96
2021-12-06,23.25
2021-12-03,22.98
2021-12-02,23.06
2021-12-01,22.22
2021-11-30,22.3801
2021-11-29,22.66
2021-11-26,22.81
2021-11-25,23.25
2021-11-24,23.0401
2021-11-23,22.44
2021-11-22,22.07
2021-11-19,22.28
2021-11-18,22.47
2021-11-17,22.85
2021-11-16,22.76
2021-11-12,23.0
2021-11-11,23.05
2021-11-10,23.1
2021-11-09,22.53
2021-11-08,22.76
2021-11-05,22.88
2021-11-04,23.16
2021-11-03,24.45
2021-11-01,24.22
2021-10-29,23.31
2021-10-28,23.87
2021-10-27,23.9201
2021-10-26,23.74
2021-10-25,24.0
2021-10-22,23.54
2021-10-21,24.48
2021-10-20,24.99
2021-10-19,24.34
2021-10-18,24.93
2021-10-15,24.76
2021-10-14,24.1401
2021-10-13,24.26
2021-10-11,24.23
2021-10-08,24.66
2021-10-07,24.48
2021-10-06,25.01
2021-10-05,24.93
2021-10-04,24.34
2021-10-01,29.67
2021-09-30,28.93
2021-09-29,28.9
2021-09-28,28.39
2021-09-27,29.05
2021-09-24,28.31
2021-09-23,28.71
2021-09-22,27.75
2021-09-21,27.12
2021-09-20,27.19
2021-09-17,27.82
2021-09-16,28.5
2021-09-15,28.52
2021-09-14,28.99
2021-09-13,29.17
2021-09-10,28.81
2021-09-09,29.1
2021-09-08,28.72
2021-09-06,30.15
2021-09-03,29.77
2021-09-02,29.94
2021-09-01,31.06
2021-08-31,30.94
2021-08-30,30.54
2021-08-27,30.76
2021-08-26,30.24
2021-08-25,30.99
2021-08-24,30.95
2021-08-23,30.11
2021-08-20,29.79
2021-08-19,29.9
2021-08-18,30.29
2021-08-17,30.23
2021-08-16,30.34
2021-08-13,30.78
2021-08-12,30.37
2021-08-11,30.95
2021-08-10,30.61
2021-08-09,31.2
2021-08-06,30.84
2021-08-05,30.0
2021-08-04,29.91
2021-08-03,30.77
2021-08-02,30.47
2021-07-30,30.3001
2021-07-29,30.6301
2021-07-28,30.79
2021-07-27,29.82
2021-07-26,29.5301
2021-07-23,29.02
2021-07-22,29.1
2021-07-21,29.4
2021-07-20,29.28
2021-07-19,28.9
2021-07-16,29.07
2021-07-15,29.55
2021-07-14,29.91
2021-07-13,29.87
2021-07-12,29.69
2021-07-08,29.29
2021-07-07,29.68
2021-07-06,29.55
2021-07-05,29.6
2021-07-02,30.01
2021-07-01,29.69
2021-06-30,29.8
2021-06-29,30.15
2021-06-28,30.45
2021-06-25,30.8
2021-06-24,31.81
2021-06-23,31.8
2021-06-22,32.03
2021-06-21,32.45
2021-06-18,32.3
2021-06-17,32.9
2021-06-16,33.29
2021-06-15,32.64
2021-06-14,32.64
2021-06-11,32.75
2021-06-10,33.14
2021-06-09,33.26
2021-06-08,32.81
2021-06-07,33.04
2021-06-04,32.2801
2021-06-02,31.6201
2021-06-01,30.6
2021-05-31,29.54
2021-05-28,29.63
2021-05-27,29.15
2021-05-26,29.4
2021-05-25,29.0
2021-05-24,29.35
2021-05-21,29.43
2021-05-20,29.29
2021-05-19,29.13
2021-05-18,28.92
2021-05-17,28.9801
2021-05-14,29.0
2021-05-13,28.37
2021-05-12,27.57
2021-05-11,27.98
2021-05-10,28.04
2021-05-07,27.63
2021-05-06,27.3
2021-05-05,27.47
2021-05-04,26.71
2021-05-03,27.9
2021-04-30,27.53
2021-04-29,27.32
2021-04-28,28.2101
2021-04-27,27.09
2021-04-26,27.51
2021-04-23,27.53
2021-04-22,27.4
2021-04-20,27.39
2021-04-19,27.53
2021-04-16,27.95
2021-04-15,27.64
2021-04-14,27.64
2021-04-13,27.29
2021-04-12,27.3
2021-04-09,26.64
2021-04-08,26.68
2021-04-07,26.8901
2021-04-06,27.13
2021-04-05,27.45
2021-04-01,27.1
2021-03-31,27.97
2021-03-30,28.52
2021-03-29,28.06
2021-03-26,28.07
2021-03-25,27.65
2021-03-24,27.17
2021-03-23,27.65
2021-03-22,28.37
2021-03-19,28.2101
2021-03-18,28.15
2021-03-17,27.9901
2021-03-16,26.94
2021-03-15,27.5
2021-03-12,27.18
2021-03-11,27.36
2021-03-10,27.32
2021-03-09,27.12
2021-03-08,26.75
2021-03-05,27.63
2021-03-04,26.64
2021-03-03,25.83
2021-03-02,25.77
2021-03-01,24.77
2021-02-26,25.55
2021-02-25,26.0101
2021-02-24,26.85
2021-02-23,27.25
2021-02-22,25.61
2021-02-19,27.62
2021-02-18,27.91
2021-02-17,28.11
2021-02-12,27.76
2021-02-11,27.69
2021-02-10,27.69
2021-02-09,27.89
2021-02-08,27.56
2021-02-05,28.08
2021-02-04,28.2
2021-02-03,28.3201
2021-02-02,28.46
2021-02-01,29.08
2021-01-29,28.34
2021-01-28,29.39
2021-01-27,28.25
2021-01-26,28.25
2021-01-22,29.27
2021-01-21,29.91
2021-01-20,30.32
2021-01-19,30.83
2021-01-18,31.2
2021-01-15,31.36
2021-01-14,32.59
2021-01-13,31.65
2021-01-12,32.18
2021-01-11,32.08
2021-01-08,32.82
2021-01-07,32.8301
2021-01-06,31.6
2021-01-05,30.7
2021-01-04,30.9
2020-12-30,31.63
2020-12-29,32.1
2020-12-28,32.1701
2020-12-23,31.94
2020-12-22,31.25
2020-12-21,31.1
2020-12-18,31.66
2020-12-17,31.71
2020-12-16,31.75
2020-12-15,31.16
2020-12-14,30.88
2020-12-11,31.3
2020-12-10,31.55
2020-12-09,30.54
2020-12-08,30.36
2020-12-07,30.44
2020-12-04,30.26
2020-12-03,29.96
2020-12-02,29.98
2020-12-01,29.7501
2020-11-30,28.56
2020-11-27,28.96
2020-11-26,28.74
2020-11-25,29.36
2020-11-24,29.71
2020-11-23,28.9
2020-11-19,28.81
2020-11-18,28.77
2020-11-17,29.49
2020-11-16,29.47
2020-11-13,28.47
2020-11-12,27.94
2020-11-11,28.64
2020-11-10,28.88
2020-11-09,27.63
2020-11-06,25.56
2020-11-05,25.59
2020-11-04,25.0
2020-11-03,24.04
2020-10-30,23.4801
2020-10-29,23.9
2020-10-28,23.78
2020-10-27,24.89
2020-10-26,25.62
2020-10-23,25.44
2020-10-22,25.77
2020-10-21,24.51
2020-10-20,24.29
2020-10-19,23.36
2020-10-16,23.11
2020-10-15,23.49
2020-10-14,23.7001
2020-10-13,23.77
2020-10-09,24.0
2020-10-08,24.07
2020-10-07,22.7
2020-10-06,22.87
2020-10-05,22.83
2020-10-02,22.59
2020-10-01,22.52
2020-09-30,22.5
2020-09-29,22.4
2020-09-28,22.9
2020-09-25,22.91
2020-09-24,23.03
2020-09-23,22.48
2020-09-22,23.1
2020-09-21,22.9
2020-09-18,23.1
2020-09-17,23.69
2020-09-16,23.66
2020-09-15,23.73
2020-09-14,24.05
2020-09-11,23.63
2020-09-10,23.91
2020-09-09,24.43
2020-09-08,24.4
2020-09-04,24.96
2020-09-03,24.88
2020-09-02,24.29
2020-09-01,24.34
2020-08-31,23.55
2020-08-28,24.43
2020-08-27,24.18
2020-08-26,23.79
2020-08-25,24.3
2020-08-24,24.48
2020-08-21,24.08
2020-08-20,24.12
2020-08-19,24.12
2020-08-18,24.24
2020-08-17,24.1401
2020-08-14,24.73
2020-08-13,24.5
2020-08-12,25.22
2020-08-11,25.51
2020-08-10,25.81
2020-08-07,25.48
2020-08-06,26.03
2020-08-05,25.67
2020-08-04,25.69
2020-08-03,27.28
2020-07-31,26.8901
2020-07-30,27.81
2020-07-29,28.29
2020-07-28,27.64
2020-07-27,27.8
2020-07-24,26.47
2020-07-23,26.5
2020-07-22,27.07
2020-07-21,27.78
2020-07-20,27.3
2020-07-17,27.2201
2020-07-16,26.98
2020-07-15,27.4401
2020-07-14,27.25
2020-07-13,26.8
2020-07-10,27.2
2020-07-09,26.95
2020-07-08,26.94
2020-07-07,26.37
2020-07-06,27.73
2020-07-03,26.5
2020-07-02,26.55
2020-07-01,26.1
2020-06-30,25.45
2020-06-29,26.48
2020-06-26,25.71
2020-06-25,26.15
2020-06-24,25.84
2020-06-23,26.86
2020-06-22,27.2201
2020-06-19,28.09
2020-06-18,27.5501
2020-06-17,26.51
2020-06-16,26.18
2020-06-15,25.45
2020-06-12,26.06
2020-06-10,26.59
2020-06-09,27.8
2020-06-08,28.36
2020-06-05,27.26
2020-06-04,26.6701
2020-06-03,25.92
2020-06-02,25.25
2020-06-01,23.66
2020-05-29,23.0401
2020-05-28,23.31
2020-05-27,23.73
2020-05-26,23.01
2020-05-25,23.96
2020-05-22,22.96
2020-05-21,22.84
2020-05-20,21.6
2020-05-19,21.69
2020-05-18,22.67
2020-05-15,21.63
2020-05-14,22.55
2020-05-13,21.6
2020-05-12,21.6101
2020-05-11,22.3801
2020-05-08,22.32
2020-05-07,21.44
2020-05-06,22.24
2020-05-05,22.7
2020-05-04,21.89
2020-04-30,22.77
2020-04-29,23.66
2020-04-28,23.35
2020-04-27,21.57
2020-04-24,20.88
2020-04-23,22.0501
2020-04-22,22.37
2020-04-20,22.64
2020-04-17,23.22
2020-04-16,22.81
2020-04-15,23.4
2020-04-14,24.3
2020-04-13,24.0
2020-04-09,23.5
2020-04-08,24.18
2020-04-07,23.0
2020-04-06,22.18
2020-04-03,20.66
2020-04-02,21.5001
2020-04-01,21.4
2020-03-31,23.09
2020-03-30,24.11
2020-03-27,22.97
2020-03-26,24.2501
2020-03-25,23.6
2020-03-24,22.5
2020-03-23,20.52
2020-03-20,22.0501
2020-03-19,22.85
2020-03-18,23.45
2020-03-17,25.2
2020-03-16,23.8
2020-03-13,26.21
2020-03-12,23.6
2020-03-11,26.17
2020-03-10,28.49
2020-03-09,27.8
2020-03-06,29.87
2020-03-05,30.5201
2020-03-04,31.6
2020-03-03,31.3
2020-03-02,31.88
2020-02-28,32.0
2020-02-27,31.0701
2020-02-26,31.05
2020-02-21,32.68
2020-02-20,34.0
2020-02-19,34.12
2020-02-18,33.64
2020-02-17,33.5
2020-02-14,33.81
2020-02-13,34.39
2020-02-12,34.93
2020-02-11,35.07
2020-02-10,34.28
2020-02-07,33.7101
2020-02-06,33.28
2020-02-05,33.36
2020-02-04,33.1601
2020-02-03,32.9
2020-01-31,32.82
2020-01-30,33.45
2020-01-29,32.97
2020-01-28,33.4901
2020-01-27,33.5
2020-01-24,34.24
2020-01-23,34.5
2020-01-22,33.7
2020-01-21,33.5
2020-01-20,34.23
2020-01-17,34.94
2020-01-16,34.7001
2020-01-15,34.63
2020-01-14,35.06
2020-01-13,35.06
2020-01-10,34.6
2020-01-09,34.91
2020-01-08,35.62
2020-01-07,36.21
2020-01-06,37.07
2020-01-03,37.63
2020-01-02,38.03
2019-12-30,37.1
2019-12-27,37.3
2019-12-26,37.4
2019-12-23,36.84
2019-12-20,36.5
2019-12-19,36.66
2019-12-18,36.48
2019-12-17,36.0201
2019-12-16,35.48
2019-12-13,36.31
2019-12-12,35.59
2019-12-11,35.6
2019-12-10,36.0201
2019-12-09,36.55
2019-12-06,35.85
2019-12-05,36.51
2019-12-04,36.56
2019-12-03,35.29
2019-12-02,35.28
2019-11-29,34.8
2019-11-28,34.6
2019-11-27,34.7001
2019-11-26,34.5
2019-11-25,35.22
2019-11-22,35.73
2019-11-21,35.49
2019-11-19,35.13
2019-11-18,35.52
2019-11-14,35.68
2019-11-13,35.45
2019-11-12,35.81
2019-11-11,36.43
2019-11-08,36.27
2019-11-07,36.82
2019-11-06,36.6
2019-11-05,37.1
2019-11-04,36.47
2019-11-01,36.3501
2019-10-31,36.23
2019-10-30,36.87
2019-10-29,36.64
2019-10-28,37.3
2019-10-25,36.8
2019-10-24,36.56
2019-10-23,36.39
2019-10-22,35.88
2019-10-21,34.8
2019-10-18,34.24
2019-10-17,34.65
2019-10-16,34.86
2019-10-15,34.3701
2019-10-14,34.45
2019-10-11,33.88
2019-10-10,33.45
2019-10-09,33.21
2019-10-08,32.69
2019-10-07,32.8301
2019-10-04,33.45
2019-10-03,33.29
2019-10-02,33.28
2019-10-01,34.22
2019-09-30,35.0301
2019-09-27,35.53
2019-09-26,35.68
2019-09-25,34.68
2019-09-24,34.28
2019-09-23,34.64
2019-09-20,34.75
2019-09-19,34.66
2019-09-18,35.2501
2019-09-17,35.3601
2019-09-16,35.23
2019-09-13,35.87
2019-09-12,35.39
2019-09-11,35.17
2019-09-10,35.33
2019-09-09,36.03
2019-09-06,35.17
2019-09-05,34.03
2019-09-04,33.09
2019-09-03,32.86
2019-09-02,33.5
2019-08-30,33.94
2019-08-29,34.09
2019-08-28,33.91
2019-08-27,33.53
2019-08-26,33.14
2019-08-23,33.15
2019-08-22,33.54
2019-08-21,34.08
2019-08-20,33.8201
2019-08-19,34.2
2019-08-16,34.35
2019-08-15,35.0
2019-08-14,35.1
2019-08-13,35.89
2019-08-12,35.2
2019-08-09,36.72
2019-08-08,37.0
2019-08-07,36.8
2019-08-06,35.49
2019-08-05,34.45
2019-08-02,34.93
2019-08-01,34.88
2019-07-31,34.82
2019-07-30,35.77
2019-07-29,37.0
2019-07-26,36.85
2019-07-25,36.2
2019-07-24,37.35
2019-07-23,37.38
2019-07-22,37.02
2019-07-19,36.4
2019-07-18,37.37
2019-07-17,36.4
2019-07-16,36.5
2019-07-15,36.36
2019-07-12,36.4601
2019-07-11,37.15
2019-07-10,37.2
2019-07-08,37.3
2019-07-05,37.4
2019-07-04,36.99
2019-07-03,36.5701
2019-07-02,35.95
2019-07-01,36.08
2019-06-28,36.26
2019-06-27,36.25
2019-06-26,36.5
2019-06-25,35.65
2019-06-24,36.1
2019-06-21,36.18
2019-06-19,35.38
2019-06-18,34.83
2019-06-17,33.95
2019-06-14,33.99
2019-06-13,33.98
2019-06-12,34.6
2019-06-11,34.8
2019-06-10,34.63
2019-06-07,35.07
2019-06-06,34.7001
2019-06-05,34.34
2019-06-04,35.02
2019-06-03,35.08
2019-05-31,35.0
2019-05-30,35.08
2019-05-29,34.72
2019-05-28,34.08
2019-05-27,33.15
2019-05-24,33.03
2019-05-23,33.53
2019-05-22,33.6001
2019-05-21,33.57
2019-05-20,32.32
2019-05-17,31.5
2019-05-16,31.44
2019-05-15,31.85
2019-05-14,31.75
2019-05-13,31.9
2019-05-10,32.41
2019-05-09,32.56
2019-05-08,32.97
2019-05-07,32.6
2019-05-06,32.97
2019-05-03,33.7101
2019-05-02,34.0401
2019-04-30,33.83
2019-04-29,33.53
2019-04-26,33.8
2019-04-25,33.72
2019-04-24,33.21
2019-04-23,33.1601
2019-04-22,32.74
2019-04-18,32.8301
2019-04-17,32.3901
2019-04-16,32.9
2019-04-15,32.93
2019-04-12,32.95
2019-04-11,33.3
2019-04-10,34.09
2019-04-09,34.1501
2019-04-08,34.34
2019-04-05,34.55
2019-04-04,33.8201
2019-04-03,33.32
2019-04-02,33.62
2019-04-01,34.16
2019-03-29,34.43
2019-03-28,34.1
2019-03-27,32.8
2019-03-26,33.95
2019-03-25,33.6001
2019-03-22,33.55
2019-03-21,34.57
2019-03-20,35.19
2019-03-19,36.0
2019-03-18,36.86
2019-03-15,36.8
2019-03-14,36.81
2019-03-13,37.4
2019-03-12,37.0
2019-03-11,36.92
2019-03-08,35.75
2019-03-07,35.33
2019-03-06,34.85
2019-03-01,34.84
2019-02-28,35.23
2019-02-27,35.9101
2019-02-26,36.23
2019-02-25,36.1
2019-02-22,36.66
2019-02-21,37.95
2019-02-20,37.27
2019-02-19,37.75
2019-02-18,36.9001
2019-02-15,37.5
2019-02-14,37.8901
2019-02-13,36.91
2019-02-12,37.77
2019-02-11,36.89
2019-02-08,37.31
2019-02-07,36.53
2019-02-06,36.4
2019-02-05,38.0001
2019-02-04,39.69
2019-02-01,38.81
2019-01-31,38.78
2019-01-30,38.12
2019-01-29,37.88
2019-01-28,38.16
2019-01-24,37.49
2019-01-23,37.54
2019-01-22,37.29
2019-01-21,37.35
2019-01-18,37.66
2019-01-17,37.18
2019-01-16,37.18
2019-01-15,37.29
2019-01-14,37.88
2019-01-11,37.6
2019-01-10,37.83
2019-01-09,38.09
2019-01-08,37.52
2019-01-07,37.05
2019-01-04,36.98
2019-01-03,37.61
2019-01-02,37.0
2018-12-28,35.5
2018-12-27,34.3
2018-12-26,33.73
2018-12-21,34.4801
2018-12-20,34.64
2018-12-19,34.65
2018-12-18,35.12
2018-12-17,34.57
2018-12-14,35.52
2018-12-13,35.78
2018-12-12,35.16
2018-12-11,34.9201
2018-12-10,34.61
2018-12-07,35.56
2018-12-06,35.85
2018-12-05,35.53
2018-12-04,35.51
2018-12-03,35.55
2018-11-30,36.0201
2018-11-29,36.3501
2018-11-28,36.03
2018-11-27,35.15
2018-11-26,34.0
2018-11-23,34.57
2018-11-22,34.61
2018-11-21,34.69
2018-11-19,52.72
2018-11-16,52.7501
2018-11-14,51.17
2018-11-13,50.7301
2018-11-12,50.92
2018-11-09,50.7801
2018-11-08,50.15
2018-11-07,50.85
2018-11-06,50.8001
2018-11-05,50.48
2018-11-01,49.9401
2018-10-31,49.2501
2018-10-30,49.49
2018-10-29,48.08
2018-10-26,48.9799
2018-10-25,48.08
2018-10-24,47.5301
2018-10-23,48.8001
2018-10-22,48.63
2018-10-19,47.9301
2018-10-18,47.98
2018-10-17,49.4501
2018-10-16,49.9699
2018-10-15,48.05
2018-10-11,47.5001
2018-10-10,48.07
2018-10-09,49.7901
2018-10-08,50.05
2018-10-05,47.2401
2018-10-04,47.4001
2018-10-03,47.3501
2018-10-02,45.3
2018-10-01,43.6201
2018-09-28,44.1301
2018-09-27,44.5101
2018-09-26,43.32
2018-09-25,42.8501
2018-09-24,42.7501
2018-09-21,43.8401
2018-09-20,43.1101
2018-09-19,43.3901
2018-09-18,43.0901
2018-09-17,43.13
2018-09-14,42.13
2018-09-13,41.4
2018-09-12,41.6301
2018-09-11,41.51
2018-09-10,42.99
2018-09-06,42.6
2018-09-05,41.55
2018-09-04,41.3101
2018-09-03,41.67
2018-08-31,42.27
2018-08-30,41.7
2018-08-29,43.4101
2018-08-28,42.7
2018-08-27,43.0
2018-08-24,41.6199
2018-08-23,41.3101
2018-08-22,42.9801
2018-08-21,41.98
2018-08-20,42.5301
2018-08-17,42.9801
2018-08-16,44.11
2018-08-15,44.1701
2018-08-14,44.47
2018-08-13,43.5701
2018-08-10,43.23
2018-08-09,44.8601
2018-08-08,45.1
2018-08-07,46.1801
2018-08-06,46.46
2018-08-03,46.7999
2018-08-02,45.71
2018-08-01,45.5501
2018-07-31,45.0
2018-07-30,46.9701
2018-07-27,46.3
2018-07-26,46.0501
2018-07-25,46.79
2018-07-24,45.36
2018-07-23,45.3901
2018-07-20,46.2801
2018-07-19,45.0
2018-07-18,44.3599
2018-07-17,44.9301
2018-07-16,44.1001
2018-07-13,44.2599
2018-07-12,43.16
2018-07-11,42.36
2018-07-10,42.1901
2018-07-06,42.08
2018-07-05,41.7
2018-07-04,41.9701
2018-07-03,41.3001
2018-07-02,40.35
2018-06-29,40.3401
2018-06-28,39.6501
2018-06-27,38.58
2018-06-26,39.29
2018-06-25,39.42
2018-06-22,39.34
2018-06-21,39.04
2018-06-20,40.1101
2018-06-19,39.3801
2018-06-18,37.6801
2018-06-15,38.4601
2018-06-14,38.0899
2018-06-13,39.49
2018-06-12,39.8801
2018-06-11,39.96
2018-06-08,41.15
2018-06-07,41.05
2018-06-06,42.2799
2018-06-05,43.38
2018-06-04,44.77
2018-06-01,43.82
2018-05-30,42.9801
2018-05-29,42.9
2018-05-28,43.05
2018-05-25,44.95
2018-05-24,45.3499
2018-05-23,44.7601
2018-05-22,45.6201
2018-05-21,44.54
2018-05-18,45.1601
2018-05-17,45.4799
2018-05-16,47.9899
2018-05-15,47.1701
2018-05-14,47.3501
2018-05-11,48.07
2018-05-10,48.8501
2018-05-09,47.55
2018-05-08,47.4001
2018-05-07,47.2501
2018-05-04,47.18
2018-05-03,47.74
2018-05-02,48.7001
2018-04-30,51.0101
2018-04-27,51.5
2018-04-26,51.6
2018-04-25,50.4299
2018-04-24,50.7301
2018-04-23,50.9801
2018-04-20,50.89
2018-04-19,51.0001
2018-04-18,51.48
2018-04-17,50.52
2018-04-16,49.7
2018-04-13,50.4401
2018-04-12,51.6401
2018-04-11,51.1899
2018-04-10,50.36
2018-04-09,50.1101
2018-04-06,51.25
2018-04-05,51.0001
2018-04-04,50.9001
2018-04-03,50.5701
2018-04-02,51.05
2018-03-29,51.3101
2018-03-28,50.6299
2018-03-27,50.1701
2018-03-26,50.7801
2018-03-23,50.16
2018-03-22,49.92
2018-03-21,50.08
2018-03-20,50.28
2018-03-19,50.1201
2018-03-16,51.22
2018-03-15,51.4301
2018-03-14,51.1899
2018-03-13,52.36
2018-03-12,52.79
2018-03-09,52.2001
2018-03-08,51.4901
2018-03-07,51.8499
2018-03-06,51.9201
2018-03-05,52.11
2018-03-02,51.38
2018-03-01,51.1101
2018-02-28,50.38
2018-02-27,52.1501
2018-02-26,52.9399
2018-02-23,53.0
2018-02-22,52.64
2018-02-21,52.3501
2018-02-20,51.6701
2018-02-19,50.4299
2018-02-16,50.8301
2018-02-15,52.67
2018-02-14,52.6601
2018-02-09,50.48
2018-02-08,50.3501
2018-02-07,50.6001
2018-02-06,51.83
2018-02-05,50.03
2018-02-02,51.8499
2018-02-01,52.5099
2018-01-31,52.26
2018-01-30,51.4901
2018-01-29,51.6901
2018-01-26,52.9
2018-01-25,50.3701
2018-01-24,50.3701
2018-01-23,48.05
2018-01-22,48.2301
2018-01-19,47.06
2018-01-18,46.68
2018-01-17,46.79
2018-01-16,46.0301
2018-01-15,45.61
2018-01-12,45.33
2018-01-11,45.3701
2018-01-10,44.44
2018-01-09,44.5899
2018-01-08,45.08
2018-01-05,45.23
2018-01-04,45.1
2018-01-03,44.1801
2018-01-02,43.88
2017-12-29,42.5801
2017-12-28,42.5801
2017-12-27,42.47
2017-12-26,42.7
2017-12-25,42.5301
2017-12-22,42.5301
2017-12-21,42.7301
2017-12-20,41.0001
2017-12-19,40.85
2017-12-18,41.0801
2017-12-15,41.09
2017-12-14,41.09
2017-12-13,41.75
2017-12-12,42.7
2017-12-11,42.36
2017-12-08,42.2501
2017-12-07,41.8901
2017-12-06,42.03
2017-12-05,41.5901
2017-12-04,41.84
2017-12-01,41.2301
2017-11-30,41.27
2017-11-29,41.88
2017-11-28,42.7601
2017-11-27,42.69
2017-11-24,42.4301
2017-11-23,42.83
2017-11-22,42.9601
2017-11-21,43.38
2017-11-20,42.5301
2017-11-17,42.5301
2017-11-16,41.9499
2017-11-15,40.92
2017-11-14,40.92
2017-11-13,41.7199
2017-11-10,41.51
2017-11-09,41.45
2017-11-08,42.6
2017-11-07,41.1001
2017-11-06,41.91
2017-11-03,41.91
2017-11-02,41.3301
2017-11-01,41.3301
2017-10-31,42.0499
2017-10-30,43.1101
2017-10-27,43.6701
2017-10-26,43.9401
2017-10-25,44.21
2017-10-24,43.91
2017-10-23,43.59
2017-10-20,44.0001
2017-10-19,44.09
2017-10-18,44.4101
2017-10-17,44.3301
2017-10-16,44.4001
2017-10-13,44.6301
2017-10-12,45.0
2017-10-11,45.0
2017-10-10,45.11
2017-10-09,44.15
2017-10-06,44.68
2017-10-05,45.21
2017-10-04,44.5001
2017-10-03,44.9
2017-10-02,43.4101
2017-09-29,43.35
2017-09-28,42.9801
2017-09-27,43.2101
2017-09-26,43.1801
2017-09-25,43.1
2017-09-22,43.53
2017-09-21,43.38
2017-09-20,43.32
2017-09-19,43.78
2017-09-18,43.9401
2017-09-15,43.63
2017-09-14,42.83
2017-09-13,42.93
2017-09-12,42.6301
2017-09-11,42.7501
2017-09-08,42.04
2017-09-07,42.0901
2017-09-06,42.0901
2017-09-05,40.99
2017-09-04,40.9701
2017-09-01,41.18
2017-08-31,40.35
2017-08-30,40.8701
2017-08-29,41.09
2017-08-28,40.72
2017-08-25,41.0801
2017-08-24,41.2001
2017-08-23,40.8599
2017-08-22,40.4201
2017-08-21,39.5801
2017-08-18,39.8699
2017-08-17,39.49
2017-08-16,39.8101
2017-08-15,39.73
2017-08-14,39.96
2017-08-11,39.2501
2017-08-10,39.0501
2017-08-09,39.5501
2017-08-08,39.8
2017-08-07,39.3201
2017-08-04,38.71
2017-08-03,38.81
2017-08-02,38.9001
2017-08-01,38.5
2017-07-31,37.32
2017-07-28,37.0999
2017-07-27,36.96
2017-07-26,36.9201
2017-07-25,37.09
2017-07-24,36.9999
2017-07-21,36.7699
2017-07-20,36.76
2017-07-19,36.72
2017-07-18,37.26
2017-07-17,37.22
2017-07-14,37.5801
2017-07-13,37.5001
2017-07-12,37.4001
2017-07-11,36.9999
2017-07-10,36.45
2017-07-07,36.1601
2017-07-06,36.5101
2017-07-05,37.03
2017-07-04,36.93
2017-07-03,37.08
2017-06-30,36.75
2017-06-29,36.5101
2017-06-28,36.1501
2017-06-27,36.1601
2017-06-26,36.4901
2017-06-23,35.4901
2017-06-22,35.61
2017-06-21,35.5799
2017-06-20,35.54
2017-06-19,36.3399
2017-06-16,36.1501
2017-06-15,36.4101
2017-06-14,36.4101
2017-06-13,36.09
2017-06-12,35.6501
2017-06-09,35.6501
2017-06-08,36.22
2017-06-07,36.6
2017-06-06,36.0099
2017-06-05,35.44
2017-06-02,35.48
2017-06-01,35.13
2017-05-31,35.5501
2017-05-30,35.9301
2017-05-29,36.0
2017-05-26,36.0
2017-05-25,35.05
2017-05-24,35.7201
2017-05-23,35.43
2017-05-22,34.88
2017-05-19,35.5799
2017-05-18,34.68
2017-05-17,39.4301
2017-05-16,40.25
2017-05-15,40.2999
2017-05-12,40.13
2017-05-11,39.75
2017-05-10,39.0799
2017-05-09,38.8901
2017-05-08,38.7901
2017-05-05,38.7
2017-05-04,38.1
2017-05-03,39.39
2017-05-02,40.05
2017-04-28,39.26
2017-04-27,39.01
2017-04-26,38.7901
2017-04-25,38.7201
2017-04-24,38.4701
2017-04-20,37.74
2017-04-19,38.3
2017-04-18,38.64
2017-04-17,38.78
2017-04-13,37.1201
2017-04-12,37.8101
2017-04-11,37.8601
2017-04-10,37.9301
2017-04-07,38.0001
2017-04-06,37.71
2017-04-05,38.0101
2017-04-04,38.7201
2017-04-03,38.5201
2017-03-31,37.9001
2017-03-30,38.54
2017-03-29,39.0001
2017-03-28,38.43
2017-03-27,38.5601
2017-03-24,38.28
2017-03-23,37.87
2017-03-22,38.08
2017-03-21,37.77
2017-03-20,38.6
2017-03-17,38.18
2017-03-16,39.3099
2017-03-15,39.82
2017-03-14,39.44
2017-03-13,39.83
2017-03-10,39.1201
2017-03-09,39.1001
2017-03-08,38.9799
2017-03-07,39.4301
2017-03-06,40.1
2017-03-03,40.26
2017-03-02,39.5399
2017-03-01,39.95
2017-02-24,40.03
2017-02-23,40.35
2017-02-22,40.9701
2017-02-21,40.85
2017-02-20,41.04
2017-02-17,40.85
2017-02-16,40.8701
2017-02-15,41.68
2017-02-14,40.0
2017-02-13,39.8699
2017-02-10,40.06
2017-02-09,39.93
2017-02-08,39.75
2017-02-07,38.7499
2017-02-06,38.0101
2017-02-03,38.2901
2017-02-02,37.51
2017-02-01,37.62
2017-01-31,37.2401
2017-01-30,37.2401
2017-01-27,38.05
2017-01-26,38.25
2017-01-24,37.74
2017-01-23,37.8301
2017-01-20,36.6
2017-01-19,36.4901
2017-01-18,36.6901
2017-01-17,36.98
2017-01-16,36.0099
2017-01-13,35.9801
2017-01-12,36.73
2017-01-11,35.8201
2017-01-10,35.7501
2017-01-09,35.87
2017-01-06,35.7001
2017-01-05,35.5799
2017-01-04,35.1
2017-01-03,34.95
2017-01-02,33.53
2016-12-29,33.8501
2016-12-28,33.48
2016-12-27,32.7099
2016-12-26,32.7301
2016-12-23,32.47
2016-12-22,32.0499
2016-12-21,31.7901
2016-12-20,31.8
2016-12-19,31.01
2016-12-16,31.8701
2016-12-15,32.4501
2016-12-14,32.5801
2016-12-13,32.6501
2016-12-12,32.5001
2016-12-09,33.9001
2016-12-08,33.7999
2016-12-07,34.0001
2016-12-06,34.2701
2016-12-05,33.8201
2016-12-02,33.9401
2016-12-01,33.7999
2016-11-30,35.4201
2016-11-29,34.74
2016-11-28,35.6001
2016-11-25,34.8601
2016-11-24,35.1
2016-11-23,35.4701
2016-11-22,35.8001
2016-11-21,35.6799
2016-11-18,35.3901
2016-11-17,35.0601
2016-11-16,36.14
2016-11-14,34.44
2016-11-11,34.65
2016-11-10,35.1
2016-11-09,36.9401
2016-11-08,38.1601
2016-11-07,38.07
2016-11-04,36.75
2016-11-03,36.45
2016-11-01,37.2501
2016-10-31,38.4
2016-10-28,37.11
2016-10-27,36.8
2016-10-26,36.0301
2016-10-25,35.81
2016-10-24,36.0
2016-10-21,36.3101
2016-10-20,36.37
2016-10-19,36.2601
2016-10-18,36.86
2016-10-17,39.9901
2016-10-14,39.13
2016-10-13,38.4
2016-10-11,37.97
2016-10-10,38.1
2016-10-07,38.05
2016-10-06,37.6999
2016-10-05,37.39
2016-10-04,36.6702
2016-10-03,36.3501
2016-09-30,35.5199
2016-09-29,35.5901
2016-09-28,36.52
2016-09-27,36.2601
2016-09-26,35.8501
2016-09-23,36.1299
2016-09-22,36.22
2016-09-21,35.6501
2016-09-20,35.31
2016-09-19,35.2301
2016-09-16,34.98
2016-09-15,35.79
2016-09-14,35.0301
2016-09-13,35.0
2016-09-12,35.71
2016-09-09,35.2502
2016-09-08,36.6399
2016-09-06,37.0801
2016-09-05,36.73
2016-09-02,36.72
2016-09-01,36.19
2016-08-31,35.8501
2016-08-30,36.6
2016-08-29,36.3601
2016-08-26,35.73
2016-08-25,35.3
2016-08-24,35.41
2016-08-23,35.5799
2016-08-22,35.64
2016-08-19,36.3399
2016-08-18,36.5801
2016-08-17,36.65
2016-08-16,36.17
2016-08-15,36.32
2016-08-12,35.9402
2016-08-11,35.67
2016-08-10,34.78
2016-08-09,35.07
2016-08-08,35.0
2016-08-05,35.2301
2016-08-04,35.44
2016-08-03,35.24
2016-08-02,33.83
2016-08-01,33.43
2016-07-29,33.79
2016-07-28,33.1801
2016-07-27,33.55
2016-07-26,33.42
2016-07-25,33.85
2016-07-22,34.11
2016-07-21,33.9001
2016-07-20,34.3599
2016-07-19,33.83
2016-07-18,34.0299
2016-07-15,33.46
2016-07-14,33.5701
2016-07-13,32.6402
2016-07-12,31.98
2016-07-11,32.2501
2016-07-08,31.94
2016-07-07,31.1001
2016-07-06,30.79
2016-07-05,30.6701
2016-07-04,30.89
2016-07-01,30.91
2016-06-30,30.2999
2016-06-29,29.6099
2016-06-28,28.96
2016-06-27,27.98
2016-06-24,28.9499
2016-06-23,30.0
2016-06-22,28.88
2016-06-21,29.39
2016-06-20,29.3999
2016-06-17,28.9201
2016-06-16,28.9902
2016-06-15,28.4701
2016-06-14,28.61
2016-06-13,29.0301
2016-06-10,28.9001
2016-06-09,30.46
2016-06-08,30.53
2016-06-07,30.0702
2016-06-06,29.59
2016-06-03,29.8801
2016-06-02,29.9099
2016-06-01,29.47
2016-05-31,29.0501
2016-05-30,29.7
2016-05-27,29.7099
2016-05-25,30.0099
2016-05-24,30.1501
2016-05-23,30.18
2016-05-20,30.0801
2016-05-19,30.4701
2016-05-18,30.7299
2016-05-17,30.26
2016-05-16,30.92
2016-05-13,31.4001
2016-05-12,32.6301
2016-05-11,32.3102
2016-05-10,32.51
2016-05-09,30.59
2016-05-06,30.3999
2016-05-05,30.39
2016-05-04,30.8499
2016-05-03,30.1101
2016-05-02,31.9499
2016-04-29,32.87
2016-04-28,33.3702
2016-04-27,33.5999
2016-04-26,32.49
2016-04-25,31.4001
2016-04-22,31.68
2016-04-20,32.27
2016-04-19,32.8801
2016-04-18,32.7
2016-04-15,32.9402
2016-04-14,32.7301
2016-04-13,33.7101
2016-04-12,33.3
2016-04-11,31.8601
2016-04-08,31.7001
2016-04-07,29.8201
2016-04-06,29.4999
2016-04-05,30.3701
2016-04-04,30.3101
2016-04-01,31.4101
2016-03-31,31.2101
2016-03-30,32.1301
2016-03-29,31.9499
2016-03-28,31.7601
2016-03-24,30.99
2016-03-23,31.32
2016-03-22,32.3501
2016-03-21,33.2
2016-03-18,33.1901
2016-03-17,33.1
2016-03-16,29.8401
2016-03-15,30.75
2016-03-14,32.18
2016-03-11,32.3301
2016-03-10,32.0601
2016-03-09,30.8499
2016-03-08,31.91
2016-03-07,31.2101
2016-03-04,31.35
2016-03-03,29.89
2016-03-02,27.1999
2016-03-01,26.5801
2016-02-29,25.4001
2016-02-26,24.7001
2016-02-25,24.7001
2016-02-24,24.68
2016-02-23,24.8901
2016-02-22,25.25
2016-02-19,24.2701
2016-02-18,24.6401
2016-02-17,25.15
2016-02-16,24.88
2016-02-15,24.29
2016-02-12,24.3701
2016-02-11,24.18
2016-02-10,24.92
2016-02-05,24.8001
2016-02-04,24.5601
2016-02-03,24.21
2016-02-02,23.6401
2016-02-01,25.4701
2016-01-29,24.9502
2016-01-28,23.8401
2016-01-27,23.68
2016-01-26,23.5899
2016-01-22,23.3401
2016-01-21,23.12
2016-01-20,23.07
2016-01-19,23.4002
2016-01-18,23.6401
2016-01-15,23.9201
2016-01-14,24.5601
2016-01-13,24.21
2016-01-12,24.59
2016-01-11,24.4801
2016-01-08,24.77
2016-01-07,24.7601
2016-01-06,25.2399
2016-01-05,25.3399
2016-01-04,25.1301
2015-12-30,26.33
2015-12-29,26.4201
2015-12-28,26.4002
2015-12-23,26.5
2015-12-22,26.6
2015-12-21,26.43
2015-12-18,26.9302
2015-12-17,28.5901
2015-12-16,28.1101
2015-12-15,28.3
2015-12-14,28.12
2015-12-11,28.8001
2015-12-10,28.8001
2015-12-09,29.1501
2015-12-08,27.65
2015-12-07,27.9701
2015-12-04,28.18
2015-12-03,28.8201
2015-12-02,27.0999
2015-12-01,27.9902
2015-11-30,27.79
2015-11-27,27.5701
2015-11-26,28.3199
2015-11-25,27.91
2015-11-24,29.3501
2015-11-23,29.3102
2015-11-19,29.3201
2015-11-18,28.5401
2015-11-17,28.61
2015-11-16,28.41
2015-11-13,27.6299
2015-11-12,28.4199
2015-11-11,28.34
2015-11-10,27.59
2015-11-09,27.4199
2015-11-06,28.14
2015-11-05,28.57
2015-11-04,28.2301
2015-11-03,28.1601
2015-10-30,26.47
2015-10-29,26.0
2015-10-28,26.73
2015-10-27,26.55
2015-10-26,26.7
2015-10-23,27.0999
2015-10-22,27.28
2015-10-21,26.7201
2015-10-20,26.9201
2015-10-19,27.4801
2015-10-16,26.8401
2015-10-15,27.2501
2015-10-14,27.71
2015-10-13,27.9701
2015-10-09,29.5501
2015-10-08,29.7501
2015-10-07,29.6402
2015-10-06,28.8201
2015-10-05,28.5601
2015-10-02,27.9701
2015-10-01,26.88
2015-09-30,26.5101
2015-09-29,25.9201
2015-09-28,26.0301
2015-09-25,26.0501
2015-09-24,26.7
2015-09-23,26.4002
2015-09-22,27.49
2015-09-21,27.2302
2015-09-18,27.85
2015-09-17,28.9902
2015-09-16,28.74
2015-09-15,28.2701
2015-09-14,27.59
2015-09-11,26.5201
2015-09-10,26.47
2015-09-09,27.0101
2015-09-08,26.7101
2015-09-04,26.4201
2015-09-03,27.5402
2015-09-02,26.53
2015-09-01,25.9201
2015-08-31,26.55
2015-08-28,27.5299
2015-08-27,28.34
2015-08-26,27.3701
2015-08-25,25.81
2015-08-24,25.86
2015-08-21,26.4002
2015-08-20,26.3399
2015-08-19,26.2799
2015-08-18,26.83
2015-08-17,26.39
2015-08-14,26.6699
2015-08-13,26.7
2015-08-12,27.6801
2015-08-11,28.5001
2015-08-10,28.5601
2015-08-07,28.1901
2015-08-06,29.04
2015-08-05,29.1501
2015-08-04,29.2001
2015-08-03,29.92
2015-07-31,30.0801
2015-07-30,29.26
2015-07-29,29.63
2015-07-28,29.34
2015-07-27,28.81
2015-07-24,28.8699
2015-07-23,29.0001
2015-07-22,30.26
2015-07-21,30.7401
2015-07-20,31.0001
2015-07-17,31.1902
2015-07-16,31.38
2015-07-15,31.2902
2015-07-14,31.8401
2015-07-13,35.0001
2015-07-10,34.6799
2015-07-08,33.6602
2015-07-07,34.05
2015-07-06,33.92
2015-07-03,34.51
2015-07-02,34.8602
2015-07-01,34.4001
2015-06-30,34.22
2015-06-29,34.2101
2015-06-26,34.65
2015-06-25,34.35
2015-06-24,34.95
2015-06-23,34.8301
2015-06-22,34.49
2015-06-19,34.39
2015-06-18,34.7802
2015-06-17,33.9401
2015-06-16,34.55
2015-06-15,33.3699
2015-06-12,33.2
2015-06-11,33.55
2015-06-10,33.7602
2015-06-09,32.8
2015-06-08,33.0099
2015-06-05,33.1502
2015-06-03,33.9602
2015-06-02,34.8401
2015-06-01,34.0801
2015-05-29,34.3301
2015-05-28,35.2001
2015-05-27,35.6199
2015-05-26,34.91
2015-05-25,35.4301
2015-05-22,35.3
2015-05-21,36.0601
2015-05-20,36.5
2015-05-19,37.1602
2015-05-18,37.69
2015-05-15,38.7199
2015-05-14,38.01
2015-05-13,37.64
2015-05-12,37.9001
2015-05-11,38.07
2015-05-08,38.25
2015-05-07,37.75
2015-05-06,37.6001
2015-05-05,38.5701
2015-05-04,38.9499
2015-04-30,38.5301
2015-04-29,38.2601
2015-04-28,38.7901
2015-04-27,38.4001
2015-04-24,39.13
2015-04-23,37.9001
2015-04-22,36.8999
2015-04-20,35.9003
2015-04-17,36.5101
2015-04-16,36.98
2015-04-15,37.2602
2015-04-14,36.73
2015-04-13,36.73
2015-04-10,37.02
2015-04-09,36.75
2015-04-08,37.5001
2015-04-07,37.32
2015-04-06,37.3001
2015-04-02,36.85
2015-04-01,36.5
2015-03-31,35.31
2015-03-30,34.9901
2015-03-27,33.8501
2015-03-26,34.45
2015-03-25,35.4501
2015-03-24,35.48
2015-03-23,35.7
2015-03-20,35.9301
2015-03-19,35.63
2015-03-18,35.8499
2015-03-17,34.8002
2015-03-16,33.8302
2015-03-13,33.8302
2015-03-12,34.0001
2015-03-11,33.8602
2015-03-10,32.7501
2015-03-09,34.09
2015-03-06,35.0001
2015-03-05,35.9601
2015-03-04,36.2801
2015-03-03,36.6
2015-03-02,36.32
2015-02-27,36.5
2015-02-26,36.8899
2015-02-25,36.7101
2015-02-24,36.62
2015-02-23,36.2402
2015-02-20,35.8901
2015-02-19,35.7
2015-02-18,35.71
2015-02-13,35.5
2015-02-12,34.3599
2015-02-11,33.4798
2015-02-10,34.9001
2015-02-09,35.3502
2015-02-06,35.13
2015-02-05,35.2102
2015-02-04,35.51
2015-02-03,34.25
2015-02-02,33.32
2015-01-30,32.9
2015-01-29,33.3699
2015-01-28,33.6003
2015-01-27,34.3001
2015-01-26,34.4301
2015-01-23,34.0299
2015-01-22,34.3599
2015-01-21,34.1902
2015-01-20,33.2101
2015-01-19,33.1
2015-01-16,34.34
2015-01-15,33.8201
2015-01-14,34.12
2015-01-13,33.89
2015-01-12,33.9299
2015-01-09,34.7701
2015-01-08,36.3601
2015-01-07,35.8001
2015-01-06,34.55
2015-01-05,34.0001
2015-01-02,33.8302
2014-12-30,34.5998
2014-12-29,34.8002
2014-12-26,34.6998
2014-12-23,35.2001
2014-12-22,35.0401
2014-12-19,34.8002
2014-12-18,34.2701
2014-12-17,34.5301
2014-12-16,32.87
2014-12-15,33.03
2014-12-12,33.7501
2014-12-11,35.6499
2014-12-10,35.2502
2014-12-09,35.79
2014-12-08,35.6499
2014-12-05,37.0302
2014-12-04,36.3402
2014-12-03,36.8899
2014-12-02,36.5801
2014-12-01,36.8899
2014-11-28,38.7
2014-11-27,38.74
2014-11-26,39.3202
2014-11-25,39.6502
2014-11-24,39.1499
2014-11-21,39.9801
2014-11-19,37.5101
2014-11-18,36.0601
2014-11-17,35.0401
2014-11-14,35.3
2014-11-13,35.13
2014-11-12,36.3
2014-11-11,36.0301
2014-11-10,36.0501
2014-11-07,36.1501
2014-11-06,35.5501
2014-11-05,36.8899
2014-11-04,37.3001
2014-11-03,36.6
2014-10-31,36.73
2014-10-30,35.5799
2014-10-29,32.9201
2014-10-28,33.9001
2014-10-27,32.4199
2014-10-24,33.1502
2014-10-23,32.2501
2014-10-22,33.7801
2014-10-21,34.0001
2014-10-20,35.8001
2014-10-17,36.7
2014-10-16,35.66
2014-10-15,36.63
2014-10-14,38.3502
2014-10-13,38.0001
2014-10-10,35.2502
2014-10-09,36.7699
2014-10-08,36.3101
2014-10-07,36.7899
2014-10-06,36.73
2014-10-03,34.8602
2014-10-02,34.0602
2014-10-01,32.9601
2014-09-30,33.8501
2014-09-29,35.0601
2014-09-26,37.6999
2014-09-25,36.1801
2014-09-24,37.3501
2014-09-23,37.0602
2014-09-22,37.2401
2014-09-19,37.75
2014-09-18,38.6701
2014-09-17,39.13
2014-09-16,38.96
2014-09-15,37.98
2014-09-12,37.0402
2014-09-11,38.4201
2014-09-10,38.48
2014-09-09,38.9001
2014-09-08,39.5101
2014-09-05,40.5602
2014-09-04,40.26
2014-09-03,41.1001
2014-09-02,41.24
2014-09-01,40.5001
2014-08-29,40.5001
2014-08-28,39.4601
2014-08-27,39.8399
2014-08-26,38.6701
2014-08-25,38.4102
2014-08-22,37.4801
2014-08-21,37.91
2014-08-20,37.69
2014-08-19,37.5101
2014-08-18,36.2702
2014-08-15,35.7499
2014-08-14,35.2301
2014-08-13,34.9301
2014-08-12,35.54
2014-08-11,35.6399
2014-08-08,35.0001
2014-08-07,35.48
2014-08-06,35.8001
2014-08-05,35.9501
2014-08-04,35.4701
2014-08-01,35.0301
2014-07-31,35.08
2014-07-30,35.84
2014-07-29,35.67
2014-07-28,35.51
2014-07-25,35.7499
2014-07-24,35.9003
2014-07-23,35.38
2014-07-22,35.3701
2014-07-21,35.44
2014-07-18,35.1401
2014-07-17,33.5
2014-07-16,33.45
2014-07-15,34.34
2014-07-14,33.9299
2014-07-11,33.1502
2014-07-10,33.2
2014-07-08,31.7301
2014-07-07,31.8001
2014-07-04,31.77
2014-07-03,31.7901
2014-07-02,31.5602
2014-07-01,32.08
2014-06-30,31.9499
2014-06-27,32.1099
2014-06-26,32.21
2014-06-25,32.3199
2014-06-24,33.3801
2014-06-23,33.32
2014-06-20,33.5699
2014-06-18,34.0701
2014-06-17,33.6102
2014-06-16,34.0602
2014-06-13,34.2902
2014-06-11,34.4799
2014-06-10,33.7801
2014-06-09,33.8701
2014-06-06,32.6402
2014-06-05,34.3701
2014-06-04,34.8302
2014-06-03,35.2301
2014-06-02,35.0202
2014-05-30,34.8002
2014-05-29,35.8001
2014-05-28,36.3502
2014-05-27,35.7
2014-05-26,35.6799
2014-05-23,35.79
2014-05-22,36.3399
2014-05-21,35.9003
2014-05-20,36.6801
2014-05-19,37.3402
2014-05-16,37.5801
2014-05-15,37.21
2014-05-14,37.4902
2014-05-13,37.3302
2014-05-12,37.5602
2014-05-09,36.85
2014-05-08,37.1801
2014-05-07,37.7599
2014-05-06,37.4999
2014-05-05,37.85
2014-05-02,37.4503
2014-04-30,36.7699
2014-04-29,36.8002
2014-04-28,36.7802
2014-04-25,36.85
2014-04-24,36.5
2014-04-23,35.73
2014-04-22,35.8001
2014-04-17,35.5499
2014-04-16,34.67
2014-04-15,34.05
2014-04-14,34.8901
2014-04-11,35.34
2014-04-10,34.5199
2014-04-09,34.1499
2014-04-08,34.61
2014-04-07,35.1201
2014-04-04,34.3401
2014-04-03,34.8401
2014-04-02,35.2502
2014-04-01,34.1499
2014-03-31,33.8801
2014-03-28,33.2401
2014-03-27,33.4399
2014-03-26,32.7301
2014-03-25,32.4502
2014-03-24,32.27
2014-03-21,31.3601
2014-03-20,31.24
2014-03-19,30.6002
2014-03-18,30.46
2014-03-17,29.9
2014-03-14,29.2901
2014-03-13,30.0897
2014-03-12,30.4999
2014-03-11,30.8801
2014-03-10,30.5501
2014-03-07,30.9499
2014-03-06,31.5802
2014-03-05,30.7302
2014-02-28,31.21
2014-02-27,31.4301
2014-02-26,30.94
2014-02-25,31.0599
2014-02-24,31.2704
2014-02-21,31.0999
2014-02-20,31.0599
2014-02-19,31.0999
2014-02-18,31.01
2014-02-17,31.2001
2014-02-14,31.6001
2014-02-13,31.3601
2014-02-12,31.5
2014-02-11,31.8401
2014-02-10,31.7802
2014-02-07,31.83
2014-02-06,31.8502
2014-02-05,31.2001
2014-02-04,31.3502
2014-02-03,29.9
2014-01-31,30.2602
2014-01-30,29.5202
2014-01-29,29.49
2014-01-28,30.06
2014-01-27,29.85
2014-01-24,29.26
2014-01-23,29.6501
2014-01-22,30.2501
2014-01-21,30.1798
2014-01-20,29.7601
2014-01-17,30.0
2014-01-16,30.6002
2014-01-15,31.2499
2014-01-14,31.24
2014-01-13,30.78
2014-01-10,30.92
2014-01-09,30.7701
2014-01-08,31.7602
2014-01-07,31.2704
2014-01-06,31.5101
2014-01-03,31.4601
2014-01-02,31.52
2013-12-30,32.07
2013-12-27,31.6001
2013-12-26,31.6901
2013-12-23,31.4701
2013-12-20,31.3398
2013-12-19,32.1001
2013-12-18,31.4001
2013-12-17,31.21
2013-12-16,31.17
2013-12-13,31.0702
2013-12-12,30.9499
2013-12-11,30.6902
2013-12-10,31.5301
2013-12-09,31.7301
2013-12-06,31.4301
2013-12-05,31.0999
2013-12-04,31.3701
2013-12-03,31.5
2013-12-02,32.2199
2013-11-29,32.9402
2013-11-28,32.5501
2013-11-27,32.8501
2013-11-26,32.0001
2013-11-25,31.8401
2013-11-22,32.3201
2013-11-21,32.8101
2013-11-19,33.1502
2013-11-18,34.0602
2013-11-14,33.6003
2013-11-13,32.9002
2013-11-12,32.2501
2013-11-11,32.3001
2013-11-08,32.16
2013-11-07,33.03
2013-11-06,33.53
2013-11-05,33.9401
2013-11-04,34.5101
2013-11-01,34.2503
2013-10-31,34.5799
2013-10-30,34.4902
2013-10-29,34.61
2013-10-28,33.3901
2013-10-25,33.0
2013-10-24,33.1702
2013-10-23,33.3302
2013-10-22,33.79
2013-10-21,33.6102
2013-10-18,33.92
2013-10-17,33.1
2013-10-16,32.82
2013-10-15,32.4502
2013-10-14,32.3201
2013-10-11,32.0899
2013-10-10,32.4
2013-10-09,31.8401
2013-10-08,31.5
2013-10-07,31.61
2013-10-04,31.75
2013-10-03,31.7001
2013-10-02,31.6202
2013-10-01,31.75
2013-09-30,31.4401
2013-09-27,32.2
2013-09-26,31.5
2013-09-25,31.5101
2013-09-24,31.48
2013-09-23,31.6001
2013-09-20,31.3199
2013-09-19,32.3001
2013-09-18,32.5001
2013-09-17,31.5901
2013-09-16,31.0902
2013-09-13,31.2799
2013-09-12,30.8299
2013-09-11,30.9001
2013-09-10,31.0499
2013-09-09,30.8299
2013-09-06,29.99
2013-09-05,29.3901
2013-09-04,29.0802
2013-09-03,29.0103
2013-09-02,29.3
2013-08-30,29.0103
2013-08-29,28.4301
2013-08-28,28.2002
2013-08-27,28.1001
2013-08-26,28.9099
2013-08-23,29.4102
2013-08-22,28.44
2013-08-21,28.4199
2013-08-20,28.6301
2013-08-19,28.94
2013-08-16,29.2001
2013-08-15,29.8101
2013-08-14,30.06
2013-08-13,30.36
2013-08-12,30.1503
2013-08-09,29.3801
2013-08-08,29.24
2013-08-07,28.4199
2013-08-06,28.7499
2013-08-05,29.4301
2013-08-02,29.9
2013-08-01,30.0698
2013-07-31,29.1202
2013-07-30,29.2201
2013-07-29,28.9898
2013-07-26,29.0
2013-07-25,29.0
2013-07-24,28.96
2013-07-23,29.3102
2013-07-22,28.9201
2013-07-19,28.4502
2013-07-18,28.44
2013-07-17,28.4
2013-07-16,28.0401
2013-07-15,27.8799
2013-07-12,27.38
2013-07-11,27.6698
2013-07-10,26.9903
2013-07-08,26.8903
2013-07-05,26.8002
2013-07-04,27.2999
2013-07-03,26.96
2013-07-02,27.2701
2013-07-01,28.5001
2013-06-28,28.7499
2013-06-27,28.41
2013-06-26,27.8499
2013-06-25,27.71
2013-06-24,27.5999
2013-06-21,28.5602
2013-06-20,29.3301
2013-06-19,29.0
2013-06-18,29.36
2013-06-17,29.5402
2013-06-14,29.3801
2013-06-13,30.02
2013-06-12,30.1
2013-06-11,30.1703
2013-06-10,31.19
2013-06-07,31.2499
2013-06-06,31.4502
2013-06-05,31.1601
2013-06-04,32.2798
2013-06-03,32.1201
2013-05-31,32.3799
2013-05-29,32.0499
2013-05-28,32.8501
2013-05-27,32.7402
2013-05-24,32.8802
2013-05-23,32.9801
2013-05-22,33.26
2013-05-21,32.8301
2013-05-20,32.31
2013-05-17,35.13
2013-05-16,34.7701
2013-05-15,35.1003
2013-05-14,34.5202
2013-05-13,34.01
2013-05-10,34.6704
2013-05-09,35.0001
2013-05-08,35.0001
2013-05-07,34.6398
2013-05-06,33.6498
2013-05-03,33.7002
2013-05-02,33.2401
2013-04-30,33.6603
2013-04-29,32.8002
2013-04-26,33.6701
2013-04-25,33.6701
2013-04-24,33.6903
2013-04-23,33.45
2013-04-22,33.2401
2013-04-19,33.4101
2013-04-18,32.69
2013-04-17,33.85
2013-04-16,34.6998
2013-04-15,33.85
2013-04-12,34.6001
2013-04-11,35.2503
2013-04-10,35.1201
2013-04-09,34.6001
2013-04-08,33.8001
2013-04-05,33.8203
2013-04-04,33.83
2013-04-03,34.8203
2013-04-02,34.7602
2013-04-01,35.3902
2013-03-28,35.4499
2013-03-27,35.4499
2013-03-26,35.37
2013-03-25,35.0001
2013-03-22,35.2901
2013-03-21,35.7298
2013-03-20,36.1301
2013-03-19,35.8201
2013-03-18,36.2502
2013-03-15,35.5799
2013-03-14,35.5499
2013-03-13,36.1002
2013-03-12,36.1501
2013-03-11,36.7
2013-03-08,36.9002
2013-03-07,35.8403
2013-03-06,35.6102
2013-03-05,35.0199
2013-03-04,35.0502
2013-03-01,35.2001
2013-02-28,35.0502
2013-02-27,34.6598
2013-02-26,34.5301
2013-02-25,35.17
2013-02-22,35.1003
2013-02-21,34.0001
2013-02-20,34.2503
2013-02-19,34.8601
2013-02-18,35.5499
2013-02-15,35.1802
2013-02-14,33.6203
2013-02-13,33.78
2013-02-08,33.8699
2013-02-07,33.2699
2013-02-06,33.48
2013-02-05,34.1902
2013-02-04,33.3501
2013-02-01,34.1499
2013-01-31,34.3301
2013-01-30,34.0903
2013-01-29,34.7502
2013-01-28,34.8002
2013-01-24,35.7402
2013-01-23,35.7
2013-01-22,35.7997
2013-01-21,35.7997
2013-01-18,36.0601
2013-01-17,35.9402
2013-01-16,35.34
2013-01-15,35.0302
2013-01-14,35.5
2013-01-11,35.0401
2013-01-10,34.9502
2013-01-09,35.4
2013-01-08,34.8401
2013-01-07,34.6998
2013-01-04,35.3
2013-01-03,35.51
2013-01-02,34.4799
2012-12-28,33.3699
2012-12-27,33.1801
2012-12-26,33.7402
2012-12-21,34.0903
2012-12-20,33.9001
2012-12-19,34.05
2012-12-18,32.89
2012-12-17,32.7003
2012-12-14,32.6003
2012-12-13,32.8802
2012-12-12,32.8601
2012-12-11,32.99
2012-12-10,32.7801
2012-12-07,32.7601
2012-12-06,32.7003
2012-12-05,32.8101
2012-12-04,32.6399
2012-12-03,33.0
2012-11-30,32.1201
2012-11-29,31.9403
2012-11-28,31.1502
2012-11-27,31.01
2012-11-26,31.4998
2012-11-23,32.0902
2012-11-22,31.7199
2012-11-21,31.3502
2012-11-19,30.9701
2012-11-16,30.0401
2012-11-14,29.9303
2012-11-13,30.3501
2012-11-12,29.8
2012-11-09,29.82
2012-11-08,29.8
2012-11-07,30.48
2012-11-06,31.2599
2012-11-05,30.9701
2012-11-01,31.0001
2012-10-31,29.6802
2012-10-30,29.96
2012-10-29,29.6
2012-10-26,29.5901
2012-10-25,29.9999
2012-10-24,29.5802
2012-10-23,28.4199
2012-10-22,29.3501
2012-10-19,29.5004
2012-10-18,29.82
2012-10-17,29.9
2012-10-16,29.9099
2012-10-15,29.8101
2012-10-11,29.6501
2012-10-10,29.4
2012-10-09,30.1
2012-10-08,30.86
2012-10-05,30.7899
2012-10-04,30.5501
2012-10-03,30.4999
2012-10-02,30.9001
2012-10-01,31.0499
2012-09-28,30.5701
2012-09-27,31.4998
2012-09-26,31.9
2012-09-25,31.7302
2012-09-24,33.7602
2012-09-21,33.6402
2012-09-20,33.45
2012-09-19,33.7002
2012-09-18,33.6804
2012-09-17,34.4999
2012-09-14,34.9004
2012-09-13,34.4999
2012-09-12,33.8102
2012-09-11,32.9399
2012-09-10,32.5904
2012-09-06,32.4
2012-09-05,31.4998
2012-09-04,31.4002
2012-09-03,32.0499
2012-08-31,31.7
2012-08-30,32.5001
2012-08-29,32.69
2012-08-28,33.4998
2012-08-27,33.4998
2012-08-24,34.01
2012-08-23,34.05
2012-08-22,34.28
2012-08-21,34.1499
2012-08-20,34.35
2012-08-17,33.9501
2012-08-16,33.9501
2012-08-15,33.9501
2012-08-14,33.9501
2012-08-13,33.9501
2012-08-10,34.1801
2012-08-09,33.8102
2012-08-08,33.0801
2012-08-07,33.0801
2012-08-06,33.0801
2012-08-03,32.3499
2012-08-02,31.4002
2012-08-01,32.2301
2012-07-31,32.4702
2012-07-30,33.29
2012-07-27,32.4
2012-07-26,31.24
2012-07-25,30.3999
2012-07-24,30.1903
2012-07-23,29.2001
2012-07-20,30.0498
2012-07-19,30.1602
2012-07-18,29.5901
2012-07-17,28.9
2012-07-16,29.1502
2012-07-13,29.1502
2012-07-12,28.35
2012-07-11,28.0601
2012-07-10,27.9401
2012-07-06,29.2502
2012-07-05,29.4502
2012-07-04,29.1202
2012-07-03,28.9499
2012-07-02,28.38
2012-06-29,28.2902
2012-06-28,27.2501
2012-06-27,27.5101
2012-06-26,27.16
2012-06-25,27.1999
2012-06-22,28.2701
2012-06-21,28.8701
2012-06-20,30.0498
2012-06-19,30.48
2012-06-18,30.1998
2012-06-15,30.1998
2012-06-14,29.5699
2012-06-13,29.5501
2012-06-12,29.5004
2012-06-11,29.0003
2012-06-08,28.7099
2012-06-06,28.88
2012-06-05,27.72
2012-06-04,28.1502
2012-06-01,28.5802
2012-05-31,29.3003
2012-05-30,28.12
2012-05-29,28.2701
2012-05-28,28.5403
2012-05-25,28.4599
2012-05-24,28.12
2012-05-23,28.5201
2012-05-22,28.5601
2012-05-21,27.19
2012-05-18,27.19
2012-05-17,27.0501
2012-05-16,28.4799
2012-05-15,28.4799
2012-05-14,28.4
2012-05-11,29.0103
2012-05-10,28.6298
2012-05-09,28.6201
2012-05-08,29.0502
2012-05-07,29.0003
2012-05-04,28.8001
2012-05-03,29.2001
2012-05-02,29.24
2012-04-30,29.9999
2012-04-27,29.7
2012-04-26,29.6101
2012-04-25,29.6
2012-04-24,31.4503
2012-04-23,31.7899
2012-04-20,32.2301
2012-04-19,31.5403
2012-04-18,31.3103
2012-04-17,31.4998
2012-04-16,31.4503
2012-04-13,31.6802
2012-04-12,32.9601
2012-04-11,31.8401
2012-04-10,31.8401
2012-04-09,32.5001
2012-04-05,33.0
2012-04-04,33.6804
2012-04-03,34.7502
2012-04-02,35.3
2012-03-30,34.9301
2012-03-29,35.6301
2012-03-28,36.0
2012-03-27,36.9699
2012-03-26,36.9399
2012-03-23,36.3
2012-03-22,36.65
2012-03-21,37.6999
2012-03-20,37.9202
2012-03-19,38.6
2012-03-16,38.6
2012-03-15,38.4703
2012-03-14,38.4001
2012-03-13,38.2503
2012-03-12,37.8101
2012-03-09,38.4201
2012-03-08,37.8202
2012-03-07,36.65
2012-03-06,35.9003
2012-03-05,37.1501
2012-03-02,37.6999
2012-03-01,37.2001
2012-02-29,36.8002
2012-02-28,36.5798
2012-02-27,35.6102
2012-02-24,36.0
2012-02-23,36.1002
2012-02-17,36.6599
2012-02-16,36.49
2012-02-15,36.4002
2012-02-14,36.9804
2012-02-13,36.3
2012-02-10,36.3
2012-02-09,36.95
2012-02-08,37.2001
2012-02-07,36.4002
2012-02-06,36.0601
2012-02-03,35.8403
2012-02-02,35.7
2012-02-01,35.7
2012-01-31,35.1201
2012-01-30,35.5
2012-01-27,36.1099
2012-01-26,36.3
2012-01-24,35.7402
2012-01-23,36.4002
2012-01-20,37.1003
2012-01-19,36.95
2012-01-18,36.7398
2012-01-17,35.7402
2012-01-16,35.7402
2012-01-13,35.5
2012-01-12,35.7298
2012-01-11,35.6499
2012-01-10,35.6
2012-01-09,35.1401
2012-01-06,34.9202
2012-01-05,34.6598
2012-01-04,34.9202
2012-01-03,34.8802
2012-01-02,34.0299
2011-12-29,33.99
2011-12-28,33.5303
2011-12-27,34.3101
2011-12-26,34.4999
2011-12-23,34.6899
2011-12-22,34.4001
2011-12-21,33.8001
2011-12-20,33.8001
2011-12-19,33.0
2011-12-16,33.2
2011-12-15,33.0
2011-12-14,33.4998
2011-12-13,33.7501
2011-12-12,34.2001
2011-12-09,34.2001
2011-12-08,33.83
2011-12-07,33.9001
2011-12-06,33.9501
2011-12-05,33.8001
2011-12-02,33.2699
2011-12-01,33.1502
2011-11-30,31.9
2011-11-29,30.1
2011-11-28,30.3401
2011-11-25,29.5101
2011-11-24,29.6802
2011-11-23,29.5601
2011-11-22,29.9303
2011-11-21,30.0102
2011-11-18,30.4501
2011-11-17,30.92
2011-11-16,32.1298
2011-11-14,31.9201
2011-11-11,31.8401
2011-11-10,31.7302
2011-11-09,31.7302
2011-11-08,32.5501
2011-11-07,32.6003
2011-11-04,32.6202
2011-11-03,32.5001
2011-11-01,32.1298
2011-10-31,32.7301
2011-10-28,33.1002
2011-10-27,32.9399
2011-10-26,32.9399
2011-10-25,32.9399
2011-10-24,32.9399
2011-10-21,32.2102
2011-10-20,31.6001
2011-10-19,32.0
2011-10-18,31.4002
2011-10-17,31.3002
2011-10-14,31.4002
2011-10-13,31.0499
2011-10-11,30.7001
2011-10-10,30.1297
2011-10-07,28.9897
2011-10-06,29.3501
2011-10-05,28.8001
2011-10-04,28.3199
2011-10-03,28.6701
2011-09-30,29.0502
2011-09-29,29.3003
2011-09-28,29.1003
2011-09-27,29.19
2011-09-26,28.0301
2011-09-23,27.4302
2011-09-22,27.7499
2011-09-21,28.88
2011-09-20,28.9699
2011-09-19,29.0502
2011-09-16,29.3003
2011-09-15,28.7499
2011-09-14,28.2799
2011-09-13,28.0202
2011-09-12,28.2902
2011-09-09,28.8001
2011-09-08,29.67
2011-09-06,29.3102
2011-09-05,28.8001
2011-09-02,29.99
2011-09-01,30.8002
2011-08-31,28.8499
2011-08-30,28.2
2011-08-29,27.6499
2011-08-26,27.2501
2011-08-25,26.5901
2011-08-24,26.3501
2011-08-23,26.5002
2011-08-22,26.3
2011-08-19,26.65
2011-08-18,27.6801
2011-08-17,28.8499
2011-08-16,28.0103
2011-08-15,28.4
2011-08-12,27.79
2011-08-11,27.2801
2011-08-10,26.3999
2011-08-09,27.3001
2011-08-08,25.5499
2011-08-05,28.3
2011-08-04,28.05
2011-08-03,28.9499
2011-08-02,29.5802
2011-08-01,31.4002
2011-07-29,31.4998
2011-07-28,31.0499
2011-07-27,30.9599
2011-07-26,31.5803
2011-07-25,32.1001
2011-07-22,32.8301
2011-07-21,32.8202
2011-07-20,32.3799
2011-07-19,32.1498
2011-07-18,31.4002
2011-07-15,31.6901
2011-07-14,31.7899
2011-07-13,32.7601
2011-07-12,32.5501
2011-07-11,33.42
2011-07-08,34.6998
2011-07-07,35.4499
2011-07-06,36.2099
2011-07-05,36.7599
2011-07-04,36.8002
2011-07-01,36.4801
2011-06-30,36.45
2011-06-29,36.3799
2011-06-28,36.0501
2011-06-27,35.01
2011-06-24,35.0001
2011-06-22,35.2001
2011-06-21,34.9301
2011-06-20,35.2001
2011-06-17,34.9899
2011-06-16,35.3802
2011-06-15,35.6
2011-06-14,35.2601
2011-06-13,34.8002
2011-06-10,34.9004
2011-06-09,35.1003
2011-06-08,35.37
2011-06-07,35.5499
2011-06-06,35.0199
2011-06-03,35.8499
2011-06-02,35.7601
2011-06-01,35.4199
2011-05-31,35.8403
2011-05-30,35.5499
2011-05-27,35.7
2011-05-26,35.8699
2011-05-25,34.7502
2011-05-24,35.1201
2011-05-23,34.4001
2011-05-20,34.55
2011-05-19,34.6398
2011-05-18,34.6998
2011-05-17,35.4901
2011-05-16,35.37
2011-05-13,35.7199
2011-05-12,36.6399
2011-05-11,36.83
2011-05-10,37.3801
2011-05-09,36.8002
2011-05-06,36.6002
2011-05-05,35.7501
2011-05-04,35.3499
2011-05-03,35.3
2011-05-02,36.5501
2011-04-29,37.1003
2011-04-28,36.63
2011-04-27,37.65
2011-04-26,38.1698
2011-04-25,37.77
2011-04-20,37.9002
2011-04-19,37.2602
2011-04-18,36.6901
2011-04-15,36.9804
2011-04-14,36.8401
2011-04-13,37.2001
2011-04-12,37.1803
2011-04-11,37.3701
2011-04-08,37.65
2011-04-07,38.4502
2011-04-06,38.3901
2011-04-05,38.5201
2011-04-04,38.5001
2011-04-01,38.8402
2011-03-31,38.9003
2011-03-30,37.6103
2011-03-29,36.5702
2011-03-28,36.83
2011-03-25,36.9002
2011-03-24,36.88
2011-03-23,36.7802
2011-03-22,37.1699
2011-03-21,35.9901
2011-03-18,35.9801
2011-03-17,35.2301
2011-03-16,35.4199
2011-03-15,36.2801
2011-03-14,35.8499
2011-03-11,35.6799
2011-03-10,34.8203
2011-03-09,36.2099
2011-03-04,37.3402
2011-03-03,37.22
2011-03-02,36.3303
2011-03-01,36.2
2011-02-28,37.0003
2011-02-25,36.3098
2011-02-24,36.4702
2011-02-23,36.8099
2011-02-22,36.63
2011-02-21,37.4501
2011-02-18,38.0401
2011-02-17,38.21
2011-02-16,37.85
2011-02-15,37.02
2011-02-14,36.3799
2011-02-11,36.1099
2011-02-10,34.7602
2011-02-09,34.9602
2011-02-08,35.7997
2011-02-07,34.7602
2011-02-04,34.41
2011-02-03,35.3902
2011-02-02,35.7601
2011-02-01,36.1002
2011-01-31,35.5901
2011-01-28,36.2901
2011-01-27,37.1003
2011-01-26,36.95
2011-01-24,37.4801
2011-01-21,37.21
2011-01-20,37.2001
2011-01-19,38.1299
2011-01-18,38.5503
2011-01-17,39.0501
2011-01-14,39.6102
2011-01-13,40.06
2011-01-12,40.25
2011-01-11,39.2201
2011-01-10,38.9802
2011-01-07,38.6701
2011-01-06,39.6402
2011-01-05,40.6001
2011-01-04,40.0002
2011-01-03,39.6799
2010-12-30,39.7901
2010-12-29,39.4903
2010-12-28,38.6301
2010-12-27,38.6502
2010-12-23,39.3304
2010-12-22,39.4303
2010-12-21,38.53
2010-12-20,37.6599
2010-12-17,38.5001
2010-12-16,38.1403
2010-12-15,38.4502
2010-12-14,38.6701
2010-12-13,38.5001
2010-12-10,38.3901
2010-12-09,38.3901
2010-12-08,38.9301
2010-12-07,39.2999
2010-12-06,39.1699
2010-12-03,39.53
2010-12-02,40.15
2010-12-01,40.0099
2010-11-30,39.2498
2010-11-29,39.6
2010-11-26,40.1
2010-11-25,40.4704
2010-11-24,40.5401
2010-11-23,40.19
2010-11-22,41.2803
2010-11-19,41.9301
2010-11-18,41.51
2010-11-17,41.1001
2010-11-16,41.1499
2010-11-12,42.0001
2010-11-11,42.0001
2010-11-10,42.8504
2010-11-09,42.36
2010-11-08,43.5299
2010-11-05,43.4903
2010-11-04,43.2702
2010-11-03,42.1501
2010-11-01,42.2802
2010-10-29,41.5
2010-10-28,41.1401
2010-10-27,41.54
2010-10-26,42.4001
2010-10-25,42.5
2010-10-22,42.3898
2010-10-21,42.01
2010-10-20,42.5502
2010-10-19,42.14
2010-10-18,43.0002
2010-10-15,42.7702
2010-10-14,42.3501
2010-10-13,42.66
2010-10-11,42.17
2010-10-08,42.4901
2010-10-07,41.5799
2010-10-06,41.5
2010-10-05,41.8701
2010-10-04,40.8503
2010-10-01,40.8001
2010-09-30,40.4704
2010-09-29,39.7604
2010-09-28,39.0501
2010-09-27,38.7001
2010-09-24,38.6502
2010-09-23,38.9501
2010-09-22,38.6502
2010-09-21,38.3901
2010-09-20,39.0001
2010-09-17,38.7001
2010-09-16,38.9003
2010-09-15,39.2802
2010-09-14,39.0501
2010-09-13,38.5001
2010-09-10,37.19
2010-09-09,37.2702
2010-09-08,37.4501
2010-09-06,37.4999
2010-09-03,37.85
2010-09-02,37.9002
2010-09-01,38.3099
2010-08-31,37.8202
2010-08-30,36.7501
2010-08-27,37.2001
2010-08-26,35.6901
2010-08-25,36.6002
2010-08-24,36.6201
2010-08-23,37.2602
2010-08-20,37.5199
2010-08-19,37.5999
2010-08-18,38.05
2010-08-17,38.1403
2010-08-16,37.8902
2010-08-13,37.7101
2010-08-12,37.65
2010-08-11,37.4702
2010-08-10,38.3203
2010-08-09,38.5001
2010-08-06,38.3502
2010-08-05,37.9101
2010-08-04,37.8401
2010-08-03,38.5001
2010-08-02,39.7102
2010-07-30,39.5901
2010-07-29,39.4303
2010-07-28,39.4002
2010-07-27,38.5001
2010-07-26,38.5901
2010-07-23,38.5001
2010-07-22,38.1
2010-07-21,37.09
2010-07-20,37.21
2010-07-19,36.9002
2010-07-16,36.07
2010-07-15,37.0003
2010-07-14,37.0801
2010-07-13,37.3501
2010-07-12,37.2299
2010-07-08,37.1003
2010-07-07,36.2901
2010-07-06,34.28
2010-07-05,33.48
2010-07-02,34.3101
2010-07-01,33.99
2010-06-30,32.5001
2010-06-29,33.09
2010-06-28,34.51
2010-06-25,34.6001
2010-06-24,34.35
2010-06-23,35.4701
2010-06-22,35.3
2010-06-21,35.4499
2010-06-18,35.3
2010-06-17,35.1401
2010-06-16,35.3
2010-06-15,35.1902
2010-06-14,34.35
2010-06-11,34.91
2010-06-10,34.4001
2010-06-09,33.4998
2010-06-08,33.8102
2010-06-07,33.2101
2010-06-04,34.2503
2010-06-02,34.9602
2010-06-01,34.0001
2010-05-31,34.6998
2010-05-28,33.79
2010-05-27,33.79
2010-05-26,33.1901
2010-05-25,32.1102
2010-05-24,32.9201
2010-05-21,33.4998
2010-05-20,33.1702
2010-05-19,33.2
2010-05-18,34.9899
2010-05-17,35.9003
2010-05-14,35.9501
2010-05-13,36.5501
2010-05-12,37.1003
2010-05-11,37.1699
2010-05-10,37.6902
2010-05-07,36.1402
2010-05-06,36.2403
2010-05-05,36.6801
2010-05-04,36.8002
2010-05-03,37.7999
2010-04-30,37.6999
2010-04-29,37.7999
2010-04-28,37.1302
2010-04-27,36.2099
2010-04-26,37.4602
2010-04-23,37.9499
2010-04-22,37.9002
2010-04-20,38.2503
2010-04-19,37.9101
2010-04-16,38.3502
2010-04-15,39.5901
2010-04-14,39.6501
2010-04-13,39.4303
2010-04-12,39.5502
2010-04-09,40.1
2010-04-08,39.9802
2010-04-07,38.6
2010-04-06,38.9501
2010-04-05,39.4501
2010-04-01,39.1999
2010-03-31,39.0001
2010-03-30,38.5503
2010-03-29,38.1599
2010-03-26,37.5999
2010-03-25,36.9399
2010-03-24,36.5
2010-03-23,37.2902
2010-03-22,37.5999
2010-03-19,37.0503
2010-03-18,37.2001
2010-03-17,37.4999
2010-03-16,37.85
2010-03-15,37.6103
2010-03-12,37.3902
2010-03-11,38.0001
2010-03-10,37.9002
2010-03-09,37.74
2010-03-08,37.2801
2010-03-05,37.2999
2010-03-04,37.1003
2010-03-03,37.1501
2010-03-02,37.1501
2010-03-01,36.5599
2010-02-26,36.5
2010-02-25,35.6
2010-02-24,35.6102
2010-02-23,36.0102
2010-02-22,36.6201
2010-02-19,37.4001
2010-02-18,38.0001
2010-02-17,37.8797
2010-02-12,37.0801
2010-02-11,37.09
2010-02-10,36.45
2010-02-09,36.2502
2010-02-08,34.6998
2010-02-05,34.8002
2010-02-04,35.71
2010-02-03,37.1401
2010-02-02,37.2999
2010-02-01,36.8099
2010-01-29,36.1301
2010-01-28,36.89
2010-01-27,35.8201
2010-01-26,36.3402
2010-01-22,36.2502
2010-01-21,35.8403
2010-01-20,36.5101
2010-01-19,37.4999
2010-01-18,37.5999
2010-01-15,37.2702
2010-01-14,37.9101
2010-01-13,38.4399
2010-01-12,38.3203
2010-01-11,38.6802
2010-01-08,39.0199
2010-01-07,39.6201
2010-01-06,40.0299
2010-01-05,40.38
2010-01-04,40.1201
2009-12-30,38.6901
2009-12-29,37.9002
2009-12-28,37.9002
2009-12-24,37.87
2009-12-23,37.87
2009-12-22,38.1905
2009-12-21,38.1499
2009-12-18,38.4802
2009-12-17,38.5201
2009-12-16,39.6
2009-12-15,40.1099
2009-12-14,39.7801
2009-12-11,40.0002
2009-12-10,40.0402
2009-12-09,39.8402
2009-12-08,39.85
2009-12-07,40.0501
2009-12-04,39.2999
2009-12-03,39.3502
2009-12-02,39.8
2009-12-01,39.3502
2009-11-30,37.9499
2009-11-27,37.75
2009-11-26,37.5199
2009-11-25,38.7901
2009-11-24,38.0899
2009-11-23,37.8902
2009-11-19,37.09
2009-11-18,38.0001
2009-11-17,38.4802
2009-11-16,38.2503
2009-11-13,37.98
2009-11-12,36.7501
2009-11-11,37.85
2009-11-10,37.8301
2009-11-09,37.3501
2009-11-06,36.5399
2009-11-05,36.7
2009-11-04,36.4002
2009-11-03,35.2601
2009-10-30,33.4998
2009-10-29,35.13
2009-10-28,33.0
2009-10-27,35.3601
2009-10-26,36.3
2009-10-23,36.3502
2009-10-22,36.7
2009-10-21,36.0
2009-10-20,36.3
2009-10-19,37.02
2009-10-16,36.6002
2009-10-15,36.95
2009-10-14,37.1003
2009-10-13,36.1002
2009-10-09,36.0
2009-10-08,35.6499
2009-10-07,35.0502
2009-10-06,36.2
2009-10-05,36.7
2009-10-02,36.0
2009-10-01,35.8499
2009-09-30,35.7
2009-09-29,35.2001
2009-09-28,34.0701
2009-09-25,33.3302
2009-09-24,33.1502
2009-09-23,33.4899
2009-09-22,34.05
2009-09-21,33.9001
2009-09-18,34.1499
2009-09-17,33.9501
2009-09-16,33.9401
2009-09-15,33.4899
2009-09-14,33.0
2009-09-11,32.9399
2009-09-10,32.5904
2009-09-09,32.4
2009-09-08,32.0
2009-09-04,31.5901
2009-09-03,30.81
2009-09-02,30.9599
2009-09-01,31.0499
2009-08-31,31.98
2009-08-28,35.4001
2009-08-27,35.4301
2009-08-26,35.7003
2009-08-25,34.9403
2009-08-24,34.5101
2009-08-21,34.4001
2009-08-20,34.6499
2009-08-19,34.2001
2009-08-18,33.7503
2009-08-17,32.6003
2009-08-14,33.4002
2009-08-13,33.92
2009-08-12,34.3401
2009-08-11,34.6001
2009-08-10,36.0802
2009-08-07,35.7099
2009-08-06,34.6998
2009-08-05,34.9899
2009-08-04,34.2999
2009-08-03,34.0001
2009-07-31,33.6003
2009-07-30,33.76
2009-07-29,33.4501
2009-07-28,33.9001
2009-07-27,33.9501
2009-07-24,34.0903
2009-07-23,33.99
2009-07-22,32.6901
2009-07-21,32.6003
2009-07-20,32.5702
2009-07-17,31.2503
2009-07-16,31.4001
2009-07-15,30.92
2009-07-14,29.6802
2009-07-13,30.0002
2009-07-10,30.0002
2009-07-09,30.3501
2009-07-08,30.3501
2009-07-07,30.5102
2009-07-06,31.0001
2009-07-03,30.8002
2009-07-02,31.04
2009-07-01,31.1101
2009-06-30,31.0999
2009-06-29,31.5205
2009-06-26,30.91
2009-06-25,30.43
2009-06-24,29.7498
2009-06-23,29.7498
2009-06-22,30.3801
2009-06-19,30.6002
2009-06-18,30.1399
2009-06-17,30.5599
2009-06-16,30.7302
2009-06-15,30.92
2009-06-12,32.0201
2009-06-10,31.5205
2009-06-09,31.4001
2009-06-08,31.8001
2009-06-05,31.7302
2009-06-04,32.0
2009-06-03,31.6004
2009-06-02,32.3697
2009-06-01,32.7801
2009-05-29,31.9003
2009-05-28,32.0
2009-05-27,31.6902
2009-05-26,31.5502
2009-05-25,30.3999
2009-05-22,30.3801
2009-05-21,29.99
2009-05-20,30.0302
2009-05-19,29.4502
2009-05-18,29.7601
2009-05-15,28.3901
2009-05-14,28.7
2009-05-13,28.3301
2009-05-12,29.1003
2009-05-11,29.5801
2009-05-08,30.3702
2009-05-07,30.02
2009-05-06,32.4801
2009-05-05,32.8501
2009-05-04,32.0601
2009-04-30,30.3999
2009-04-29,30.0804
2009-04-28,28.2
2009-04-27,27.5999
2009-04-24,28.5901
2009-04-23,27.8999
2009-04-22,26.8101
2009-04-20,27.2801
2009-04-17,28.3
2009-04-16,28.4899
2009-04-15,27.6899
2009-04-14,27.6899
2009-04-13,29.0502
2009-04-09,29.2501
2009-04-08,28.3
2009-04-07,28.34
2009-04-06,28.2799
2009-04-03,28.0002
2009-04-02,27.2999
2009-04-01,26.0501
2009-03-31,25.6502
2009-03-30,25.8298
2009-03-27,26.6
2009-03-26,26.7
2009-03-25,25.8801
2009-03-24,25.7901
2009-03-23,26.7505
2009-03-20,24.3998
2009-03-19,24.7601
2009-03-18,25.4099
2009-03-17,24.6401
2009-03-16,24.11
2009-03-13,24.0001
2009-03-12,23.8501
2009-03-11,23.2498
2009-03-10,23.2
2009-03-09,22.0399
2009-03-06,22.3001
2009-03-05,22.0
2009-03-04,22.1598
2009-03-03,20.9001
2009-03-02,20.9999
2009-02-27,22.2003
2009-02-26,22.6001
2009-02-25,22.5501
2009-02-20,22.8
2009-02-19,23.4804
2009-02-18,23.7003
2009-02-17,23.9001
2009-02-16,25.3998
2009-02-13,25.5001
2009-02-12,24.48
2009-02-11,24.7002
2009-02-10,24.75
2009-02-09,25.7499
2009-02-06,26.1502
2009-02-05,24.4103
2009-02-04,23.4104
2009-02-03,22.9901
2009-02-02,22.66
2009-01-30,23.5002
2009-01-29,23.7003
2009-01-28,24.48
2009-01-27,22.7898
2009-01-26,23.1197
2009-01-23,23.2703
2009-01-22,22.7499
2009-01-21,23.4002
2009-01-20,22.6402
2009-01-19,24.3002
2009-01-16,23.9503
2009-01-15,24.8002
2009-01-14,24.3602
2009-01-13,26.3399
2009-01-12,27.3401
2009-01-09,28.55
2009-01-08,28.5802
2009-01-07,28.4099
2009-01-06,30.1399
2009-01-05,28.9498
2009-01-02,28.88
2008-12-30,26.0999
2008-12-29,25.9001
2008-12-26,25.9001
2008-12-23,26.0103
2008-12-22,27.4602
2008-12-19,28.8001
2008-12-18,29.9
2008-12-17,30.4999
2008-12-16,29.8
2008-12-15,28.0002
2008-12-12,30.0002
2008-12-11,28.83
2008-12-10,29.7002
2008-12-09,29.6502
2008-12-08,29.9099
2008-12-05,27.1999
2008-12-04,26.9302
2008-12-03,26.7
2008-12-02,26.4402
2008-12-01,25.7901
2008-11-28,26.6401
2008-11-27,26.3799
2008-11-26,26.5002
2008-11-25,24.6898
2008-11-24,23.6002
2008-11-21,20.76
2008-11-19,22.5603
2008-11-18,23.7999
2008-11-17,25.7704
2008-11-14,25.81
2008-11-13,26.16
2008-11-12,23.96
2008-11-11,25.7499
2008-11-10,26.0
2008-11-07,25.2001
2008-11-06,24.3098
2008-11-05,25.9098
2008-11-04,28.4
2008-11-03,27.09
2008-10-31,23.3003
2008-10-30,23.8401
2008-10-29,21.5601
2008-10-28,19.0501
2008-10-27,17.5001
2008-10-24,17.5001
2008-10-23,19.5898
2008-10-22,21.35
2008-10-21,24.3002
2008-10-20,24.7104
2008-10-17,23.06
2008-10-16,24.5002
2008-10-15,26.0901
2008-10-14,29.3102
2008-10-13,28.2401
2008-10-10,22.8901
2008-10-09,23.75
2008-10-08,25.0001
2008-10-07,25.6997
2008-10-06,26.5498
2008-10-03,27.8698
2008-10-02,30.0002
2008-10-01,31.9003
2008-09-30,31.9003
2008-09-29,29.0598
2008-09-26,30.89
2008-09-25,31.0001
2008-09-24,29.8
2008-09-23,30.0002
2008-09-22,30.4999
2008-09-19,32.0
2008-09-18,29.4999
2008-09-17,27.68
2008-09-16,29.3102
2008-09-15,28.8499
2008-09-12,30.9001
2008-09-11,30.8497
2008-09-10,30.4501
2008-09-09,30.1
2008-09-08,31.0001
2008-09-05,30.6899
2008-09-04,30.1
2008-09-03,31.1301
2008-09-02,30.8002
2008-09-01,30.4603
2008-08-29,30.7501
2008-08-28,31.65
2008-08-27,30.5302
2008-08-26,30.1998
2008-08-25,30.5503
2008-08-22,31.5502
2008-08-21,31.27
2008-08-20,31.5
2008-08-19,30.2402
2008-08-18,30.3801
2008-08-15,31.3002
2008-08-14,31.8001
2008-08-13,31.02
2008-08-12,31.65
2008-08-11,31.9403
2008-08-08,32.7099
2008-08-07,33.2
2008-08-06,33.81
2008-08-05,33.2
2008-08-04,31.8001
2008-08-01,32.8501
2008-07-31,33.5
2008-07-30,33.4002
2008-07-29,32.7003
2008-07-28,31.6004
2008-07-25,32.1001
2008-07-24,32.9002
2008-07-23,34.2999
2008-07-22,34.2902
2008-07-21,33.81
2008-07-18,34.5902
2008-07-17,33.5599
2008-07-16,33.2
2008-07-15,30.39
2008-07-14,31.1497
2008-07-11,31.2001
2008-07-10,31.6902
2008-07-08,31.5901
2008-07-07,31.1101
2008-07-04,31.2799
2008-07-03,30.91
2008-07-02,32.0499
2008-07-01,32.1298
2008-06-30,32.6003
2008-06-27,32.5001
2008-06-26,32.3201
2008-06-25,34.2001
2008-06-24,33.2999
2008-06-23,34.2999
2008-06-20,34.2999
2008-06-19,35.7501
2008-06-18,35.9504
2008-06-17,37.2504
2008-06-16,36.3
2008-06-13,36.2099
2008-06-12,35.7997
2008-06-11,35.0001
2008-06-10,35.5
2008-06-09,36.7398
2008-06-06,37.59
2008-06-05,38.5001
2008-06-04,37.2298
2008-06-03,37.4999
2008-06-02,38.6
2008-05-30,50.4602
2008-05-29,48.5003
2008-05-28,48.8499
2008-05-27,47.1998
2008-05-26,45.8999
2008-05-23,45.8502
2008-05-21,46.0
2008-05-20,47.1998
2008-05-19,47.9599
2008-05-16,46.98
2008-05-15,46.95
2008-05-14,45.8999
2008-05-13,46.3
2008-05-12,47.2104
2008-05-09,46.9002
2008-05-08,47.25
2008-05-07,46.6501
2008-05-06,47.61
2008-05-05,49.7504
2008-05-02,49.0999
2008-04-30,47.4301
2008-04-29,43.7501
2008-04-28,44.6103
2008-04-25,43.9001
2008-04-24,43.2003
2008-04-23,43.15
2008-04-22,43.7999
2008-04-18,44.29
2008-04-17,43.5003
2008-04-16,42.0001
2008-04-15,40.0002
2008-04-14,39.8099
2008-04-11,40.5503
2008-04-10,41.11
2008-04-09,41.3002
2008-04-08,42.3
2008-04-07,41.7503
2008-04-04,41.2499
2008-04-03,41.5
2008-04-02,41.32
2008-04-01,41.2499
2008-03-31,40.0099
2008-03-28,39.1501
2008-03-27,39.5002
2008-03-26,40.5801
2008-03-25,41.0002
2008-03-24,39.1001
2008-03-20,39.8504
2008-03-19,39.4004
2008-03-18,41.0002
2008-03-17,41.8
2008-03-14,41.8
2008-03-13,42.2003
2008-03-12,41.4103
2008-03-11,42.9
2008-03-10,41.1599
2008-03-07,41.6001
2008-03-06,42.8101
2008-03-05,44.1002
2008-03-04,42.41
2008-03-03,43.3402
2008-02-29,42.5999
2008-02-28,44.4202
2008-02-27,44.6302
2008-02-26,44.0101
2008-02-25,42.8002
2008-02-22,42.4801
2008-02-21,41.5
2008-02-20,41.8
2008-02-19,40.8103
2008-02-18,41.9503
2008-02-15,40.6999
2008-02-14,40.0802
2008-02-13,41.6403
2008-02-12,39.6102
2008-02-11,37.32
2008-02-08,36.4504
2008-02-07,36.6901
2008-02-06,36.8102
2008-02-01,38.4502
2008-01-31,39.5303
2008-01-30,40.8503
2008-01-29,41.1002
2008-01-28,40.66
2008-01-24,40.8701
2008-01-23,37.8002
2008-01-22,38.1
2008-01-21,38.1
2008-01-18,39.0499
2008-01-17,39.9501
2008-01-16,40.7501
2008-01-15,41.4002
2008-01-14,43.2003
2008-01-11,43.03
2008-01-10,44.2101
2008-01-09,43.4
2008-01-08,43.4
2008-01-07,43.0003
2008-01-04,43.0003
2008-01-03,42.7004
2008-01-02,43.5201
2007-12-28,45.5001
2007-12-27,46.7501
2007-12-26,47.5002
2007-12-21,46.5104
2007-12-20,46.55
2007-12-19,46.99
2007-12-18,46.2002
2007-12-17,44.5103
2007-12-14,46.6501
2007-12-13,47.3004
2007-12-12,49.0003
2007-12-11,49.3
2007-12-10,50.0999
2007-12-07,50.39
2007-12-06,49.8802
2007-12-05,49.5099
2007-12-04,49.2003
2007-12-03,49.2003
2007-11-30,49.4999
2007-11-29,46.7501
2007-11-28,46.4
2007-11-27,43.6503
2007-11-26,41.8
2007-11-23,42.0001
2007-11-22,41.5
2007-11-21,41.8503
2007-11-19,44.1999
2007-11-16,46.7501
2007-11-14,45.5001
2007-11-13,45.2004
2007-11-12,43.25
2007-11-09,44.31
2007-11-08,43.8702
2007-11-07,45.3001
2007-11-06,46.6002
2007-11-05,46.3502
2007-11-01,47.61
2007-10-31,49.4
2007-10-30,48.4901
2007-10-29,49.3202
2007-10-26,49.4999
2007-10-25,47.15
2007-10-24,46.9101
2007-10-23,47.41
2007-10-22,46.5005
2007-10-19,45.8099
2007-10-18,47.91
2007-10-17,48.2901
2007-10-16,46.5104
2007-10-15,48.11
2007-10-11,48.1
2007-10-10,49.9901
2007-10-09,50.9999
2007-10-08,49.8901
2007-10-05,49.3099
2007-10-04,46.4501
2007-10-03,46.4
2007-10-02,47.9997
2007-10-01,47.4001
2007-09-28,92.1501
2007-09-27,93.0005
2007-09-26,90.0999
2007-09-25,86.6999
2007-09-24,86.6102
2007-09-21,85.4004
2007-09-20,84.9003
2007-09-19,85.6603
2007-09-18,84.5005
2007-09-17,79.9999
2007-09-14,81.6004
2007-09-13,81.5697
2007-09-12,79.82
2007-09-11,79.9999
2007-09-10,79.4003
2007-09-06,82.2103
2007-09-05,82.52
2007-09-04,84.8506
2007-09-03,86.0005
2007-08-31,86.0005
2007-08-30,81.7003
2007-08-29,81.5004
2007-08-28,81.74
2007-08-27,84.5005
2007-08-24,84.4902
2007-08-23,83.08
2007-08-22,83.2998
2007-08-21,81.2503
2007-08-20,79.2003
2007-08-17,78.0007
2007-08-16,75.4301
2007-08-15,76.3104
2007-08-14,79.8798
2007-08-13,80.8602
2007-08-10,82.5099
2007-08-09,82.1
2007-08-08,84.0002
2007-08-07,83.0003
2007-08-06,84.7901
2007-08-03,85.0001
2007-08-02,86.99
2007-08-01,86.0005
2007-07-31,86.4501
2007-07-30,86.0005
2007-07-27,83.5005
2007-07-26,86.2003
2007-07-25,88.5999
2007-07-24,88.9101
2007-07-23,93.2999
2007-07-20,92.1802
2007-07-19,94.3
2007-07-18,93.1002
2007-07-17,92.8903
2007-07-16,92.7
2007-07-13,90.7506
2007-07-12,91.4
2007-07-11,87.7004
2007-07-10,85.8003
2007-07-06,85.9805
2007-07-05,85.9805
2007-07-04,86.3903
2007-07-03,86.6999
2007-07-02,86.5603
2007-06-29,86.0005
2007-06-28,84.9003
2007-06-27,85.0001
2007-06-26,85.0102
2007-06-25,86.1501
2007-06-22,86.1002
2007-06-21,86.4998
2007-06-20,86.4998
2007-06-19,87.2797
2007-06-18,86.6999
2007-06-15,87.0499
2007-06-14,86.0005
2007-06-13,85.1003
2007-06-12,83.5005
2007-06-11,85.5003
2007-06-08,84.0101
2007-06-06,84.2001
2007-06-05,86.0005
2007-06-04,86.49
2007-06-01,87.4001
2007-05-31,84.3502
2007-05-30,85.7
2007-05-29,85.4004
2007-05-28,86.0005
2007-05-25,85.5003
2007-05-24,85.0001
2007-05-23,87.4001
2007-05-22,88.3997
2007-05-21,89.1498
2007-05-18,89.3
2007-05-17,86.5503
2007-05-16,85.1997
2007-05-15,82.8401
2007-05-14,83.0003
2007-05-11,84.9003
2007-05-10,83.7698
2007-05-09,86.3
2007-05-08,84.0002
2007-05-07,83.4002
2007-05-04,83.2899
2007-05-03,82.3499
2007-05-02,80.4002
2007-04-30,78.2004
2007-04-27,79.9402
2007-04-26,79.7602
2007-04-25,79.45
2007-04-24,78.0007
2007-04-23,79.2604
2007-04-20,79.9503
2007-04-19,78.8003
2007-04-18,78.0602
2007-04-17,79.2204
2007-04-16,77.2504
2007-04-13,75.0998
2007-04-12,74.1002
2007-04-11,73.5002
2007-04-10,75.0004
2007-04-09,74.7198
2007-04-05,74.1797
2007-04-04,73.6101
2007-04-03,72.79
2007-04-02,70.6002
2007-03-30,71.8997
2007-03-29,71.6202
2007-03-28,71.2998
2007-03-27,73.8503
2007-03-26,74.9
2007-03-23,74.6902
2007-03-22,75.0503
2007-03-21,75.2502
2007-03-20,72.5002
2007-03-19,71.8997
2007-03-16,69.2505
2007-03-15,70.6002
2007-03-14,70.5001
2007-03-13,70.1005
2007-03-12,72.9999
2007-03-09,72.7003
2007-03-08,71.9901
2007-03-07,70.9001
2007-03-06,71.8997
2007-03-05,68.0004
2007-03-02,69.2505
2007-03-01,71.8003
2007-02-28,72.79
2007-02-27,71.7505
2007-02-26,75.8002
2007-02-23,75.3
2007-02-22,76.9005
2007-02-21,75.79
2007-02-16,76.7998
2007-02-15,77.5997
2007-02-14,78.1498
2007-02-13,76.4002
2007-02-12,76.5003
2007-02-09,77.35
2007-02-08,79.2498
2007-02-07,78.71
2007-02-06,78.7504
2007-02-05,79.2398
2007-02-02,79.2003
2007-02-01,78.5001
2007-01-31,78.5001
2007-01-30,78.3805
2007-01-29,77.8503
2007-01-26,79.7005
2007-01-24,79.3903
2007-01-23,78.5001
2007-01-22,78.8003
2007-01-19,79.0
2007-01-18,77.35
2007-01-17,77.8503
2007-01-16,77.3002
2007-01-15,76.8704
2007-01-12,76.5003
2007-01-11,76.2002
2007-01-10,75.0102
2007-01-09,74.9805
2007-01-08,76.62
2007-01-05,75.0004
2007-01-04,78.0007
2007-01-03,78.7504
2007-01-02,78.2802
2006-12-28,77.4002
2006-12-27,76.9998
2006-12-26,75.6003
2006-12-22,74.8003
2006-12-21,75.6003
2006-12-20,75.4003
2006-12-19,74.7001
2006-12-18,74.9
2006-12-15,75.3
2006-12-14,74.9607
2006-12-13,74.0005
2006-12-12,73.7998
2006-12-11,73.8603
2006-12-08,73.5702
2006-12-07,73.3999
2006-12-06,74.7001
2006-12-05,73.8603
2006-12-04,73.5798
2006-12-01,71.3505
2006-11-30,72.2
2006-11-29,72.9702
2006-11-28,71.1704
2006-11-27,70.9001
2006-11-24,72.2
2006-11-23,73.5002
2006-11-22,74.1002
2006-11-21,72.5002
2006-11-20,73.4804
2006-11-17,73.4804
2006-11-16,72.9999
2006-11-15,73.3002
2006-11-14,73.3002
2006-11-13,71.1704
2006-11-10,70.64
2006-11-09,70.7001
2006-11-08,72.5504
2006-11-07,71.5
2006-11-06,71.5
2006-11-03,70.9001
2006-11-02,70.5001
2006-11-01,70.5001
2006-10-31,70.5001
2006-10-30,71.7604
2006-10-27,73.0101
2006-10-26,73.7998
2006-10-25,74.0005
2006-10-24,73.5002
2006-10-23,73.4506
2006-10-20,71.3505
2006-10-19,72.0003
2006-10-18,71.2998
2006-10-17,71.1
2006-10-16,71.47
2006-10-13,72.1004
2006-10-12,70.6002
2006-10-11,70.6002
2006-10-10,70.6504
2006-10-09,69.8204
2006-10-06,69.75
2006-10-05,70.38
2006-10-04,68.4102
2006-10-03,64.5007
2006-10-02,65.8505
2006-09-29,65.1003
2006-09-28,65.2
2006-09-27,64.2898
2006-09-26,64.1207
2006-09-25,63.4999
2006-09-22,63.2005
2006-09-21,64.0002
2006-09-20,66.0002
2006-09-19,66.48
2006-09-18,67.11
2006-09-15,66.8902
2006-09-14,66.1999
2006-09-13,67.1002
2006-09-12,65.9898
2006-09-11,63.2204
2006-09-08,64.2002
2006-09-07,64.3104
2006-09-06,64.3104
2006-09-05,65.8002
2006-09-04,66.76
2006-09-01,66.8005
2006-08-31,64.5104
2006-08-30,64.4002
2006-08-29,64.0002
2006-08-28,64.24
2006-08-25,61.7004
2006-08-24,62.9
2006-08-23,63.0003
2006-08-22,64.2002
2006-08-21,64.0002
2006-08-18,65.8002
2006-08-17,66.3897
2006-08-16,66.0002
2006-08-15,64.9403
2006-08-14,62.0099
2006-08-11,63.1
2006-08-10,64.5007
2006-08-09,63.7503
2006-08-08,63.7299
2006-08-07,64.9003
2006-08-04,65.41
2006-08-03,63.4999
2006-08-02,64.4103
2006-08-01,64.5007
2006-07-31,66.55
2006-07-28,66.5
2006-07-27,65.7
2006-07-26,66.0002
2006-07-25,66.0504
2006-07-24,65.0001
2006-07-21,62.4901
2006-07-20,62.6603
2006-07-19,62.9903
2006-07-18,58.2
2006-07-17,58.1502
2006-07-14,59.55
2006-07-13,60.6002
2006-07-12,62.2001
2006-07-11,64.0002
2006-07-10,62.6102
2006-07-07,62.9698
2006-07-06,63.6005
2006-07-05,63.6005
2006-07-04,65.2
2006-07-03,65.7
2006-06-30,63.1
2006-06-29,61.8
2006-06-28,58.1
2006-06-27,58.2505
2006-06-26,60.0104
2006-06-23,60.0999
2006-06-22,59.0105
2006-06-21,60.2999
2006-06-20,58.0
2006-06-19,56.8003
2006-06-16,57.0001
2006-06-15,52.6499
2006-06-14,52.6499
2006-06-13,52.64
2006-06-12,54.6002
2006-06-09,57.1005
2006-06-08,56.8003
2006-06-07,57.9403
2006-06-06,60.8001
2006-06-05,62.3997
2006-06-02,64.4002
2006-06-01,63.8999
2006-05-31,60.4998
2006-05-30,61.4
2006-05-29,64.4502
2006-05-26,65.3997
2006-05-25,62.8005
2006-05-24,59.7
2006-05-23,60.4101
2006-05-22,61.0002
2006-05-19,64.0499
2006-05-18,65.3003
2006-05-17,66.5102
2006-05-16,67.6998
2006-05-15,67.0104
2006-05-12,70.3401
2006-05-11,69.8
2006-05-10,72.0003
2006-05-09,73.8503
2006-05-08,73.6605
2006-05-05,71.8799
2006-05-04,69.9402
2006-05-03,69.0003
2006-05-02,68.4904
2006-05-01,65.8002
2006-04-28,65.8002
2006-04-27,65.2
2006-04-26,66.5
2006-04-25,64.9003
2006-04-24,64.7007
2006-04-21,65.2
2006-04-20,65.2
2006-04-19,65.7502
2006-04-18,64.6
2006-04-17,63.6404
2006-04-14,63.0003
2006-04-13,63.0003
2006-04-12,63.4503
2006-04-11,64.2997
2006-04-10,65.2
2006-04-07,67.1499
2006-04-06,68.21
2006-04-05,68.4904
2006-04-04,67.8004
2006-04-03,66.6504
2006-03-31,64.0002
2006-03-30,65.4704
2006-03-29,65.7901
2006-03-28,66.0002
2006-03-27,67.4002
2006-03-24,69.3501
2006-03-23,68.9004
2006-03-22,70.2005
2006-03-21,67.4999
2006-03-20,69.22
2006-03-17,69.4
2006-03-16,69.1502
2006-03-15,69.2
2006-03-14,68.57
2006-03-13,67.2002
2006-03-10,64.6
2006-03-09,63.0003
2006-03-08,65.0001
2006-03-07,66.5
2006-03-06,67.6998
2006-03-03,70.2503
2006-03-02,69.8903
2006-03-01,70.9001
2006-02-28,68.7001
2006-02-27,68.7001
2006-02-24,68.7001
2006-02-23,68.9898
2006-02-22,69.8
2006-02-21,70.7001
2006-02-20,71.9901
2006-02-17,70.7001
2006-02-16,71.8003
2006-02-15,68.3004
2006-02-14,67.1499
2006-02-13,68.0004
2006-02-10,68.4904
2006-02-09,67.0005
2006-02-08,65.0001
2006-02-07,64.1098
2006-02-06,65.7
2006-02-03,64.8001
2006-02-02,67.0005
2006-02-01,68.5902
2006-01-31,67.2002
2006-01-30,65.2498
2006-01-27,65.0001
2006-01-26,66.0002
2006-01-25,63.9903
2006-01-24,63.9903
2006-01-23,62.8203
2006-01-20,63.6998
2006-01-19,64.1098
2006-01-18,61.1403
2006-01-17,62.0805
2006-01-16,62.3003
2006-01-13,62.3003
2006-01-12,61.5102
2006-01-11,61.8
2006-01-10,60.9902
2006-01-09,60.8903
2006-01-06,61.3004
2006-01-05,59.2002
2006-01-04,59.6003
2006-01-03,57.95
2006-01-02,56.4003
2005-12-29,56.2999
2005-12-28,55.9
2005-12-27,56.0999
2005-12-26,55.6601
2005-12-23,57.0001
2005-12-22,57.0001
2005-12-21,56.2999
2005-12-20,55.3498
2005-12-19,56.4003
2005-12-16,57.1005
2005-12-15,57.3001
2005-12-14,57.5004
2005-12-13,57.8001
2005-12-12,57.5004
2005-12-09,56.5002
2005-12-08,56.3505
2005-12-07,58.6105
2005-12-06,59.4501
2005-12-05,58.5499
2005-12-02,58.0
2005-12-01,57.3001
2005-11-30,56.0002
2005-11-29,56.0002
2005-11-28,56.7801
2005-11-25,56.4498
2005-11-24,55.6802
2005-11-23,56.1099
2005-11-22,55.8003
2005-11-21,55.5003
2005-11-18,55.6004
2005-11-17,57.4497
2005-11-16,54.9498
2005-11-14,53.8907
2005-11-11,53.8907
2005-11-10,55.1905
2005-11-09,54.9898
2005-11-08,54.7998
2005-11-07,53.6498
2005-11-04,52.8999
2005-11-03,52.8498
2005-11-01,53.6498
2005-10-31,53.9103
2005-10-28,51.2005
2005-10-27,50.5107
2005-10-26,52.0003
2005-10-25,50.3005
2005-10-24,52.1
2005-10-21,50.0
2005-10-20,49.0997
2005-10-19,50.5699
2005-10-18,52.1
2005-10-17,54.1004
2005-10-14,51.3002
2005-10-13,51.6901
2005-10-11,54.2506
2005-10-10,53.3903
2005-10-07,54.2903
2005-10-06,51.7
2005-10-05,52.8999
2005-10-04,54.6002
2005-10-03,54.7001
2005-09-30,532.4981
2005-09-29,524.0013
2005-09-28,522.8985
2005-09-27,520.9986
2005-09-26,533.8003
2005-09-23,535.9991
2005-09-22,535.9991
2005-09-21,540.397
2005-09-20,531.9932
2005-09-19,523.9482
2005-09-16,505.752
2005-09-15,500.5968
2005-09-14,499.0026
2005-09-13,505.0012
2005-09-12,522.7988
2005-09-09,526.0012
2005-09-08,520.0021
2005-09-06,526.5126
2005-09-05,506.5493
2005-09-02,501.9386
2005-09-01,496.0991
2005-08-31,492.9969
2005-08-30,484.0017
2005-08-29,482.0022
2005-08-26,474.0034
2005-08-25,482.8989
2005-08-24,475.7972
2005-08-23,467.4997
2005-08-22,466.1973
2005-08-19,455.5481
2005-08-18,467.9978
2005-08-17,474.6013
2005-08-16,474.0034
2005-08-15,478.9995
2005-08-12,463.9985
2005-08-11,468.9412
2005-08-10,474.0034
2005-08-09,466.1973
2005-08-08,461.0024
2005-08-05,452.499
2005-08-04,457.9996
2005-08-03,464.7891
2005-08-02,476.4015
2005-08-01,461.0024
2005-07-29,450.9974
2005-07-28,452.0007
2005-07-27,438.003
2005-07-26,423.0025
2005-07-25,419.993
2005-07-22,438.003
2005-07-21,444.9786
2005-07-20,445.8887
2005-07-19,441.4977
2005-07-18,446.9982
2005-07-15,442.5471
2005-07-14,449.4029
2005-07-13,449.5028
2005-07-12,446.9915
2005-07-11,442.5005
2005-07-08,438.9997
2005-07-07,436.5019
2005-07-06,428.0978
2005-07-05,435.0003
2005-07-04,434.9871
2005-07-01,438.9997
2005-06-30,431.9974
2005-06-29,432.8877
2005-06-28,436.9999
2005-06-27,429.9978
2005-06-24,422.9028
2005-06-23,421.9994
2005-06-22,432.7016
2005-06-21,431.0077
2005-06-20,436.9999
2005-06-17,438.6012
2005-06-16,435.0003
2005-06-15,436.5019
2005-06-14,442.9989
2005-06-13,440.5011
2005-06-10,442.0026
2005-06-09,442.9989
2005-06-08,445.4969
2005-06-07,444.9984
2005-06-06,454.0004
2005-06-03,459.1224
2005-06-02,459.9992
2005-06-01,435.9771
2005-05-31,423.9989
2005-05-30,426.4902
2005-05-27,422.9891
2005-05-25,419.9998
2005-05-24,419.0032
2005-05-23,419.9998
2005-05-20,425.0021
2005-05-19,427.5
2005-05-18,427.9915
2005-05-17,425.0021
2005-05-16,423.0025
2005-05-13,416.9968
2005-05-12,412.0013
2005-05-11,423.0091
2005-05-10,427.0017
2005-05-09,442.0026
2005-05-06,442.9989
2005-05-05,444.9984
2005-05-04,450.9974
2005-05-03,432.3098
2005-05-02,442.9989
2005-04-29,442.0026
2005-04-28,427.5
2005-04-27,451.0109
2005-04-26,444.002
2005-04-25,431.9974
2005-04-22,429.0012
2005-04-20,416.6978
2005-04-19,425.9985
2005-04-18,416.0003
2005-04-15,411.0975
2005-04-14,417.9932
2005-04-13,427.9983
2005-04-12,427.5
2005-04-11,431.001
2005-04-08,427.0017
2005-04-07,429.9978
2005-04-06,427.9983
2005-04-05,428.5032
2005-04-04,429.0012
2005-04-01,433.9971
2005-03-31,435.0003
2005-03-30,429.0012
2005-03-29,421.9994
2005-03-28,431.4993
2005-03-24,442.0026
2005-03-23,423.5008
2005-03-22,436.0035
2005-03-21,442.0026
2005-03-18,457.003
2005-03-17,469.9976
2005-03-16,465.9983
2005-03-15,458.797
2005-03-14,463.2012
2005-03-11,469.9976
2005-03-10,472.5019
2005-03-09,474.9933
2005-03-08,482.7992
2005-03-07,484.0017
2005-03-04,486.0012
2005-03-03,474.9999
2005-03-02,458.0129
2005-03-01,453.0105
2005-02-28,450.0012
2005-02-25,457.9996
2005-02-24,463.9985
2005-02-23,442.0026
2005-02-22,441.4977
2005-02-21,431.001
2005-02-18,432.6088
2005-02-17,446.9982
2005-02-16,444.0087
2005-02-15,452.9906
2005-02-14,447.9881
2005-02-11,432.9009
2005-02-10,433.0008
2005-02-09,433.9971
2005-02-04,438.003
2005-02-03,423.0025
2005-02-02,408.9983
2005-02-01,398.1495
2005-01-31,389.9983
2005-01-28,378.997
2005-01-27,377.9872
2005-01-26,383.9926
2005-01-24,391.0012
2005-01-21,389.5
2005-01-20,391.998
2005-01-19,399.0
2005-01-18,391.998
2005-01-17,391.998
2005-01-14,398.01
2005-01-13,395.997
2005-01-12,385.0026
2005-01-11,390.7024
2005-01-10,395.9904
2005-01-07,393.4993
2005-01-06,393.9976
2005-01-05,399.0
2005-01-04,402.9993
2005-01-03,408.0083
