date,VALE3
2025-10-03,58.59
2025-10-02,58.7
2025-10-01,58.31
2025-09-30,57.58
2025-09-29,57.28
2025-09-26,57.09
2025-09-25,58.21
2025-09-24,57.89
2025-09-23,57.67
2025-09-22,58.0
2025-09-19,57.92
2025-09-18,57.69
2025-09-17,57.8
2025-09-16,57.7
2025-09-15,57.5
2025-09-12,57.0
2025-09-11,57.02
2025-09-10,56.58
2025-09-09,56.19
2025-09-08,56.36
2025-09-05,56.22
2025-09-04,55.71
2025-09-03,55.6
2025-09-02,55.39
2025-09-01,55.6
2025-08-29,55.56
2025-08-28,55.4
2025-08-27,55.38
2025-08-26,55.41
2025-08-25,54.92
2025-08-22,54.79
2025-08-21,53.45
2025-08-20,53.0
2025-08-19,53.24
2025-08-18,53.2
2025-08-15,53.32
2025-08-14,53.42
2025-08-13,54.09
2025-08-12,55.91
2025-08-11,55.33
2025-08-08,55.39
2025-08-07,54.16
2025-08-06,53.77
2025-08-05,54.11
2025-08-04,54.18
2025-08-01,53.75
2025-07-31,53.46
2025-07-30,53.84
2025-07-29,54.82
2025-07-28,55.16
2025-07-25,55.7
2025-07-24,56.53
2025-07-23,57.42
2025-07-22,57.5
2025-07-21,56.05
2025-07-18,54.56
2025-07-17,54.3
2025-07-16,54.4
2025-07-15,53.91
2025-07-14,55.36
2025-07-11,56.0
2025-07-10,55.28
2025-07-09,54.04
2025-07-08,54.58
2025-07-07,54.39
2025-07-04,55.2
2025-07-03,55.04
2025-07-02,55.3
2025-07-01,53.36
2025-06-30,52.65
2025-06-27,52.87
2025-06-26,52.0
2025-06-25,50.48
2025-06-24,50.54
2025-06-23,50.55
2025-06-20,49.92
2025-06-18,51.24
2025-06-17,51.41
2025-06-16,53.83
2025-06-13,52.13
2025-06-12,52.83
2025-06-11,53.18
2025-06-10,53.65
2025-06-09,53.29
2025-06-06,52.98
2025-06-05,52.91
2025-06-04,52.77
2025-06-03,52.53
2025-06-02,52.56
2025-05-30,52.1
2025-05-29,53.45
2025-05-28,53.41
2025-05-27,53.84
2025-05-26,54.01
2025-05-23,54.32
2025-05-22,54.23
2025-05-21,54.64
2025-05-20,55.35
2025-05-19,55.34
2025-05-16,55.49
2025-05-15,55.45
2025-05-14,54.9
2025-05-13,55.17
2025-05-12,54.28
2025-05-09,52.95
2025-05-08,52.74
2025-05-07,52.9
2025-05-06,53.0
2025-05-05,52.96
2025-05-02,52.8
2025-04-30,52.86
2025-04-29,53.84
2025-04-28,54.04
2025-04-25,53.85
2025-04-24,55.31
2025-04-23,54.46
2025-04-22,53.82
2025-04-17,52.88
2025-04-16,52.56
2025-04-15,53.81
2025-04-14,54.36
2025-04-11,53.66
2025-04-10,52.78
2025-04-09,51.85
2025-04-08,49.2
2025-04-07,52.05
2025-04-04,52.68
2025-04-03,54.87
2025-04-02,56.93
2025-04-01,57.19
2025-03-31,56.7
2025-03-28,57.56
2025-03-27,58.15
2025-03-26,57.69
2025-03-25,57.34
2025-03-24,57.15
2025-03-21,57.45
2025-03-20,57.24
2025-03-19,57.42
2025-03-18,57.52
2025-03-17,57.1
2025-03-14,56.29
2025-03-13,54.5
2025-03-12,53.76
2025-03-11,54.44
2025-03-10,53.99
2025-03-07,57.02
2025-03-06,56.2
2025-03-05,55.59
2025-02-28,55.15
2025-02-27,56.3
2025-02-26,56.72
2025-02-25,57.07
2025-02-24,57.63
2025-02-21,58.16
2025-02-20,57.74
2025-02-19,55.69
2025-02-18,55.74
2025-02-17,55.37
2025-02-14,55.67
2025-02-13,54.86
2025-02-12,54.79
2025-02-11,55.16
2025-02-10,55.4
2025-02-07,54.83
2025-02-06,55.13
2025-02-05,54.31
2025-02-04,54.02
2025-02-03,54.21
2025-01-31,54.17
2025-01-30,55.03
2025-01-29,52.8
2025-01-28,52.65
2025-01-27,53.96
2025-01-24,53.03
2025-01-23,52.32
2025-01-22,52.66
2025-01-21,54.02
2025-01-20,54.29
2025-01-17,54.49
2025-01-16,52.67
2025-01-15,52.6
2025-01-14,51.85
2025-01-13,51.51
2025-01-10,51.52
2025-01-09,51.23
2025-01-08,51.55
2025-01-07,52.05
2025-01-06,52.56
2025-01-03,53.24
2025-01-02,54.25
2024-12-30,54.55
2024-12-27,54.74
2024-12-26,55.01
2024-12-23,54.85
2024-12-20,54.62
2024-12-19,53.77
2024-12-18,54.81
2024-12-17,56.11
2024-12-16,55.83
2024-12-13,55.86
2024-12-12,56.71
2024-12-11,58.84
2024-12-10,59.77
2024-12-09,59.83
2024-12-06,56.81
2024-12-05,57.8
2024-12-04,57.33
2024-12-03,58.47
2024-12-02,58.92
2024-11-29,58.78
2024-11-28,57.53
2024-11-27,58.13
2024-11-26,57.43
2024-11-25,58.17
2024-11-22,58.18
2024-11-21,57.62
2024-11-19,57.68
2024-11-18,57.55
2024-11-14,56.84
2024-11-13,57.16
2024-11-12,57.32
2024-11-11,58.65
2024-11-08,60.63
2024-11-07,63.56
2024-11-06,61.42
2024-11-05,62.12
2024-11-04,62.67
2024-11-01,62.03
2024-10-31,62.06
2024-10-30,62.47
2024-10-29,62.66
2024-10-28,62.88
2024-10-25,61.73
2024-10-24,59.7
2024-10-23,59.35
2024-10-22,60.41
2024-10-21,60.33
2024-10-18,60.55
2024-10-17,60.76
2024-10-16,62.34
2024-10-15,61.17
2024-10-14,61.93
2024-10-11,62.13
2024-10-10,61.25
2024-10-09,60.96
2024-10-08,61.12
2024-10-07,63.03
2024-10-04,62.48
2024-10-03,62.94
2024-10-02,64.17
2024-10-01,63.82
2024-09-30,63.51
2024-09-27,63.96
2024-09-26,64.25
2024-09-25,60.61
2024-09-24,60.34
2024-09-23,57.53
2024-09-20,57.35
2024-09-19,58.23
2024-09-18,57.54
2024-09-17,58.22
2024-09-16,58.5
2024-09-13,58.5
2024-09-12,58.11
2024-09-11,57.59
2024-09-10,56.0
2024-09-09,56.68
2024-09-06,56.68
2024-09-05,57.4
2024-09-04,56.99
2024-09-03,56.55
2024-09-02,58.74
2024-08-30,59.58
2024-08-29,59.3
2024-08-28,59.37
2024-08-27,59.8
2024-08-26,58.05
2024-08-23,57.4
2024-08-22,58.38
2024-08-21,58.3
2024-08-20,57.2
2024-08-19,56.98
2024-08-16,56.08
2024-08-15,56.23
2024-08-14,56.0
2024-08-13,56.52
2024-08-12,56.77
2024-08-09,57.06
2024-08-08,56.85
2024-08-07,57.2
2024-08-06,57.31
2024-08-05,57.02
2024-08-02,59.41
2024-08-01,60.25
2024-07-31,61.63
2024-07-30,60.22
2024-07-29,61.58
2024-07-26,61.47
2024-07-25,60.57
2024-07-24,60.6
2024-07-23,60.23
2024-07-22,61.05
2024-07-19,61.12
2024-07-18,61.17
2024-07-17,61.75
2024-07-16,62.33
2024-07-15,62.99
2024-07-12,62.92
2024-07-11,62.01
2024-07-10,62.17
2024-07-09,63.02
2024-07-08,63.1
2024-07-05,63.6
2024-07-04,63.86
2024-07-03,64.18
2024-07-02,62.93
2024-07-01,63.14
2024-06-28,62.22
2024-06-27,61.56
2024-06-26,61.4
2024-06-25,60.65
2024-06-24,60.9
2024-06-21,60.83
2024-06-20,61.4
2024-06-19,60.85
2024-06-18,60.66
2024-06-17,60.38
2024-06-14,60.62
2024-06-13,60.83
2024-06-12,60.14
2024-06-11,60.98
2024-06-10,61.07
2024-06-07,60.41
2024-06-06,61.21
2024-06-05,60.37
2024-06-04,61.24
2024-06-03,61.87
2024-05-31,63.2
2024-05-29,63.24
2024-05-28,63.89
2024-05-27,65.3
2024-05-24,65.08
2024-05-23,65.05
2024-05-22,65.44
2024-05-21,65.96
2024-05-20,66.15
2024-05-17,66.18
2024-05-16,64.91
2024-05-15,64.44
2024-05-14,64.63
2024-05-13,64.67
2024-05-10,64.29
2024-05-09,64.51
2024-05-08,63.99
2024-05-07,64.58
2024-05-06,64.18
2024-05-03,63.99
2024-05-02,63.92
2024-04-30,63.29
2024-04-29,63.9
2024-04-26,62.22
2024-04-25,62.22
2024-04-24,63.56
2024-04-23,62.78
2024-04-22,63.33
2024-04-19,63.36
2024-04-18,62.34
2024-04-17,62.11
2024-04-16,61.44
2024-04-15,61.99
2024-04-12,61.63
2024-04-11,61.86
2024-04-10,61.6
2024-04-09,62.55
2024-04-08,62.97
2024-04-05,59.71
2024-04-04,60.37
2024-04-03,61.05
2024-04-02,61.94
2024-04-01,61.22
2024-03-28,60.83
2024-03-27,60.6
2024-03-26,60.05
2024-03-25,60.82
2024-03-22,60.95
2024-03-21,61.66
2024-03-20,61.81
2024-03-19,61.4
2024-03-18,60.9
2024-03-15,59.76
2024-03-14,60.45
2024-03-13,61.23
2024-03-12,60.84
2024-03-11,63.96
2024-03-08,66.01
2024-03-07,66.52
2024-03-06,66.75
2024-03-05,65.85
2024-03-04,66.73
2024-03-01,66.88
2024-02-29,66.99
2024-02-28,66.74
2024-02-27,67.48
2024-02-26,65.75
2024-02-23,67.38
2024-02-22,67.22
2024-02-21,66.51
2024-02-20,66.01
2024-02-19,67.49
2024-02-16,68.0
2024-02-15,65.51
2024-02-14,65.72
2024-02-09,65.92
2024-02-08,66.21
2024-02-07,66.8
2024-02-06,66.67
2024-02-05,65.51
2024-02-02,66.08
2024-02-01,67.45
2024-01-31,67.76
2024-01-30,68.78
2024-01-29,69.17
2024-01-26,69.5
2024-01-25,68.18
2024-01-24,69.9
2024-01-23,69.2
2024-01-22,67.8
2024-01-19,68.1
2024-01-18,69.0
2024-01-17,69.35
2024-01-16,70.62
2024-01-15,71.55
2024-01-12,71.69
2024-01-11,72.61
2024-01-10,72.23
2024-01-09,73.33
2024-01-08,74.27
2024-01-05,74.65
2024-01-04,75.62
2024-01-03,76.65
2024-01-02,77.05
2023-12-28,77.2
2023-12-27,77.4
2023-12-26,76.66
2023-12-22,76.39
2023-12-21,76.97
2023-12-20,74.49
2023-12-19,74.73
2023-12-18,74.21
2023-12-15,73.86
2023-12-14,73.4
2023-12-13,73.0
2023-12-12,72.99
2023-12-11,72.86
2023-12-08,72.8
2023-12-07,72.6
2023-12-06,72.37
2023-12-05,72.85
2023-12-04,73.53
2023-12-01,75.22
2023-11-30,73.85
2023-11-29,73.45
2023-11-28,73.47
2023-11-27,73.31
2023-11-24,73.75
2023-11-23,74.38
2023-11-22,74.85
2023-11-21,77.9
2023-11-20,76.06
2023-11-17,74.24
2023-11-16,74.1
2023-11-14,73.61
2023-11-13,71.4
2023-11-10,71.55
2023-11-09,70.47
2023-11-08,70.13
2023-11-07,70.08
2023-11-06,71.5
2023-11-03,71.2
2023-11-01,70.32
2023-10-31,69.0
2023-10-30,68.18
2023-10-27,67.57
2023-10-26,65.3
2023-10-25,63.93
2023-10-24,63.99
2023-10-23,62.56
2023-10-20,62.68
2023-10-19,64.42
2023-10-18,65.36
2023-10-17,67.85
2023-10-16,67.3
2023-10-13,66.59
2023-10-11,67.36
2023-10-10,66.78
2023-10-09,66.38
2023-10-06,66.86
2023-10-05,65.9
2023-10-04,65.87
2023-10-03,66.58
2023-10-02,66.99
2023-09-29,67.58
2023-09-28,66.7
2023-09-27,65.7
2023-09-26,65.56
2023-09-25,66.6
2023-09-22,68.0
2023-09-21,67.5
2023-09-20,69.31
2023-09-19,68.85
2023-09-18,68.72
2023-09-15,69.54
2023-09-14,70.12
2023-09-13,67.36
2023-09-12,67.62
2023-09-11,67.67
2023-09-08,66.71
2023-09-06,67.99
2023-09-05,69.1
2023-09-04,69.4
2023-09-01,68.89
2023-08-31,65.08
2023-08-30,64.98
2023-08-29,64.97
2023-08-28,62.96
2023-08-25,62.07
2023-08-24,62.2
2023-08-23,63.04
2023-08-22,62.58
2023-08-21,61.3
2023-08-18,61.22
2023-08-17,61.91
2023-08-16,61.05
2023-08-15,61.29
2023-08-14,61.9
2023-08-11,65.51
2023-08-10,66.06
2023-08-09,66.85
2023-08-08,67.46
2023-08-07,67.9
2023-08-04,67.56
2023-08-03,67.51
2023-08-02,67.09
2023-08-01,68.2
2023-07-31,69.16
2023-07-28,67.63
2023-07-27,70.42
2023-07-26,71.76
2023-07-25,72.01
2023-07-24,69.85
2023-07-21,67.8
2023-07-20,67.39
2023-07-19,67.24
2023-07-18,67.42
2023-07-17,67.85
2023-07-14,68.61
2023-07-13,68.61
2023-07-12,67.05
2023-07-11,66.58
2023-07-10,64.46
2023-07-07,65.46
2023-07-06,64.85
2023-07-05,65.32
2023-07-04,65.9
2023-07-03,66.23
2023-06-30,64.22
2023-06-29,65.51
2023-06-28,64.72
2023-06-27,66.83
2023-06-26,66.04
2023-06-23,65.9
2023-06-22,66.57
2023-06-21,66.93
2023-06-20,67.61
2023-06-19,69.4
2023-06-16,69.67
2023-06-15,69.56
2023-06-14,69.02
2023-06-13,67.83
2023-06-12,67.12
2023-06-09,68.36
2023-06-07,68.67
2023-06-06,67.6
2023-06-05,67.38
2023-06-02,67.94
2023-06-01,65.16
2023-05-31,63.81
2023-05-30,64.28
2023-05-29,65.83
2023-05-26,66.33
2023-05-25,64.85
2023-05-24,65.05
2023-05-23,66.56
2023-05-22,68.1
2023-05-19,69.21
2023-05-18,69.98
2023-05-17,69.88
2023-05-16,67.64
2023-05-15,69.06
2023-05-12,68.08
2023-05-11,68.01
2023-05-10,69.36
2023-05-09,70.69
2023-05-08,69.97
2023-05-05,69.04
2023-05-04,66.86
2023-05-03,69.0
2023-05-02,69.54
2023-04-28,72.4
2023-04-27,71.76
2023-04-26,70.27
2023-04-25,70.0
2023-04-24,71.96
2023-04-20,74.66
2023-04-19,76.25
2023-04-18,78.54
2023-04-17,77.87
2023-04-14,78.81
2023-04-13,79.51
2023-04-12,80.6
2023-04-11,82.36
2023-04-10,78.23
2023-04-06,76.75
2023-04-05,76.89
2023-04-04,78.04
2023-04-03,80.31
2023-03-31,80.29
2023-03-30,81.82
2023-03-29,80.51
2023-03-28,79.37
2023-03-27,78.54
2023-03-24,78.67
2023-03-23,79.58
2023-03-22,81.68
2023-03-21,82.71
2023-03-20,83.41
2023-03-17,82.73
2023-03-16,81.75
2023-03-15,81.45
2023-03-14,83.98
2023-03-13,85.05
2023-03-10,84.7
2023-03-09,84.98
2023-03-08,86.11
2023-03-07,85.33
2023-03-06,86.15
2023-03-03,89.3
2023-03-02,89.0
2023-03-01,89.2
2023-02-28,85.32
2023-02-27,85.04
2023-02-24,85.04
2023-02-23,86.95
2023-02-22,87.36
2023-02-17,88.03
2023-02-16,89.19
2023-02-15,89.0
2023-02-14,87.1
2023-02-13,86.71
2023-02-10,86.8
2023-02-09,88.39
2023-02-08,88.72
2023-02-07,88.42
2023-02-06,87.84
2023-02-03,88.95
2023-02-02,89.14
2023-02-01,93.46
2023-01-31,94.51
2023-01-30,94.98
2023-01-27,95.32
2023-01-26,98.0
2023-01-25,96.2
2023-01-24,95.3
2023-01-23,94.3
2023-01-20,93.99
2023-01-19,93.74
2023-01-18,93.34
2023-01-17,92.13
2023-01-16,92.25
2023-01-13,93.82
2023-01-12,93.74
2023-01-11,93.25
2023-01-10,93.58
2023-01-09,92.44
2023-01-06,92.34
2023-01-05,90.9
2023-01-04,89.4
2023-01-03,89.24
2023-01-02,89.4
2022-12-29,88.88
2022-12-28,88.99
2022-12-27,89.19
2022-12-26,87.11
2022-12-23,86.32
2022-12-22,85.75
2022-12-21,86.24
2022-12-20,85.75
2022-12-19,85.37
2022-12-16,85.68
2022-12-15,87.17
2022-12-14,86.89
2022-12-13,86.16
2022-12-12,86.09
2022-12-09,88.74
2022-12-08,85.88
2022-12-07,84.84
2022-12-06,87.97
2022-12-05,86.71
2022-12-02,86.8
2022-12-01,86.18
2022-11-30,85.71
2022-11-29,84.44
2022-11-28,81.3
2022-11-25,80.9
2022-11-24,81.45
2022-11-23,80.93
2022-11-22,80.14
2022-11-21,79.92
2022-11-18,80.83
2022-11-17,83.1
2022-11-16,82.44
2022-11-14,83.31
2022-11-11,82.3
2022-11-10,74.55
2022-11-09,73.15
2022-11-08,74.05
2022-11-07,71.87
2022-11-04,72.25
2022-11-03,67.15
2022-11-01,69.17
2022-10-31,67.13
2022-10-28,67.45
2022-10-27,70.91
2022-10-26,73.53
2022-10-25,71.93
2022-10-24,71.93
2022-10-21,74.13
2022-10-20,72.02
2022-10-19,71.11
2022-10-18,71.96
2022-10-17,70.93
2022-10-14,69.83
2022-10-13,72.18
2022-10-11,73.49
2022-10-10,73.99
2022-10-07,75.51
2022-10-06,75.23
2022-10-05,76.96
2022-10-04,75.79
2022-10-03,74.0
2022-09-30,72.04
2022-09-29,68.43
2022-09-28,68.34
2022-09-27,67.7
2022-09-26,68.72
2022-09-23,68.57
2022-09-22,70.02
2022-09-21,68.45
2022-09-20,69.45
2022-09-19,70.46
2022-09-16,68.25
2022-09-15,68.35
2022-09-14,67.0
2022-09-13,68.25
2022-09-12,70.16
2022-09-09,69.55
2022-09-08,64.51
2022-09-06,63.67
2022-09-05,65.22
2022-09-02,62.92
2022-09-01,63.89
2022-08-31,64.5
2022-08-30,64.97
2022-08-29,66.91
2022-08-26,68.23
2022-08-25,69.27
2022-08-24,67.95
2022-08-23,70.21
2022-08-22,65.98
2022-08-19,66.96
2022-08-18,67.72
2022-08-17,68.23
2022-08-16,69.82
2022-08-15,68.3
2022-08-12,69.8
2022-08-11,72.49
2022-08-10,70.05
2022-08-09,70.0
2022-08-08,68.58
2022-08-05,68.0
2022-08-04,67.13
2022-08-03,67.52
2022-08-02,70.25
2022-08-01,68.08
2022-07-29,69.75
2022-07-28,70.69
2022-07-27,70.52
2022-07-26,70.36
2022-07-25,70.49
2022-07-22,69.21
2022-07-21,68.57
2022-07-20,67.39
2022-07-19,68.88
2022-07-18,68.73
2022-07-15,68.37
2022-07-14,67.95
2022-07-13,72.8
2022-07-12,73.05
2022-07-11,72.83
2022-07-08,75.4
2022-07-07,77.18
2022-07-06,75.0
2022-07-05,74.3
2022-07-04,74.67
2022-07-01,75.1
2022-06-30,76.56
2022-06-29,78.79
2022-06-28,79.45
2022-06-27,78.05
2022-06-24,74.62
2022-06-23,72.6
2022-06-22,75.35
2022-06-21,76.0
2022-06-20,75.5
2022-06-17,77.41
2022-06-15,81.67
2022-06-14,81.72
2022-06-13,81.88
2022-06-10,84.56
2022-06-09,84.54
2022-06-08,87.5
2022-06-07,90.62
2022-06-06,88.55
2022-06-03,88.46
2022-06-02,89.9
2022-06-01,88.24
2022-05-31,86.21
2022-05-30,86.65
2022-05-27,85.72
2022-05-26,84.25
2022-05-25,84.3
2022-05-24,84.04
2022-05-23,82.92
2022-05-20,81.26
2022-05-19,79.85
2022-05-18,77.78
2022-05-17,79.8
2022-05-16,80.14
2022-05-13,77.81
2022-05-12,77.9
2022-05-11,78.69
2022-05-10,75.54
2022-05-09,76.49
2022-05-06,79.76
2022-05-05,80.33
2022-05-04,81.81
2022-05-03,82.5
2022-05-02,82.92
2022-04-29,83.29
2022-04-28,84.2
2022-04-27,82.17
2022-04-26,78.0
2022-04-25,79.08
2022-04-22,80.45
2022-04-20,85.4
2022-04-19,87.68
2022-04-18,90.57
2022-04-14,92.09
2022-04-13,93.4
2022-04-12,93.37
2022-04-11,94.0
2022-04-08,95.15
2022-04-07,97.13
2022-04-06,96.55
2022-04-05,95.11
2022-04-04,97.94
2022-04-01,96.96
2022-03-31,95.6
2022-03-30,95.87
2022-03-29,94.52
2022-03-28,95.34
2022-03-25,95.23
2022-03-24,96.91
2022-03-23,96.45
2022-03-22,96.6
2022-03-21,98.81
2022-03-18,96.09
2022-03-17,94.3
2022-03-16,91.13
2022-03-15,88.97
2022-03-14,91.6
2022-03-11,96.79
2022-03-10,97.3
2022-03-09,94.19
2022-03-08,100.46
2022-03-07,105.07
2022-03-04,101.97
2022-03-03,99.7
2022-03-02,99.65
2022-02-25,92.28
2022-02-24,87.54
2022-02-23,86.47
2022-02-22,87.39
2022-02-21,85.9
2022-02-18,85.83
2022-02-17,85.65
2022-02-16,89.5
2022-02-15,88.85
2022-02-14,91.57
2022-02-11,91.97
2022-02-10,93.87
2022-02-09,91.41
2022-02-08,91.39
2022-02-07,90.13
2022-02-04,88.0
2022-02-03,85.75
2022-02-02,85.79
2022-02-01,85.31
2022-01-31,80.87
2022-01-28,83.66
2022-01-27,84.49
2022-01-26,84.3
2022-01-25,84.06
2022-01-24,83.87
2022-01-21,84.91
2022-01-20,86.71
2022-01-19,88.21
2022-01-18,86.31
2022-01-17,84.25
2022-01-14,84.69
2022-01-13,84.2
2022-01-12,85.5
2022-01-11,84.58
2022-01-10,83.0
2022-01-07,84.0
2022-01-06,79.38
2022-01-05,77.81
2022-01-04,77.08
2022-01-03,78.0
2021-12-30,77.96
2021-12-29,77.25
2021-12-28,77.05
2021-12-27,78.95
2021-12-23,79.15
2021-12-22,79.92
2021-12-21,80.34
2021-12-20,78.28
2021-12-17,79.17
2021-12-16,80.44
2021-12-15,77.41
2021-12-14,77.85
2021-12-13,77.86
2021-12-10,75.65
2021-12-09,75.18
2021-12-08,75.76
2021-12-07,76.33
2021-12-06,75.77
2021-12-03,71.87
2021-12-02,73.49
2021-12-01,70.23
2021-11-30,69.95
2021-11-29,69.5
2021-11-26,68.64
2021-11-25,70.5
2021-11-24,70.98
2021-11-23,69.37
2021-11-22,67.59
2021-11-19,64.03
2021-11-18,62.33
2021-11-17,65.0
2021-11-16,66.33
2021-11-12,68.3
2021-11-11,68.01
2021-11-10,65.69
2021-11-09,65.94
2021-11-08,67.6
2021-11-05,64.11
2021-11-04,66.07
2021-11-03,66.83
2021-11-01,72.32
2021-10-29,71.61
2021-10-28,73.7
2021-10-27,74.45
2021-10-26,76.18
2021-10-25,77.0
2021-10-22,76.08
2021-10-21,75.16
2021-10-20,76.67
2021-10-19,79.0
2021-10-18,79.92
2021-10-15,80.68
2021-10-14,79.2
2021-10-13,79.2
2021-10-11,81.62
2021-10-08,79.85
2021-10-07,79.36
2021-10-06,77.06
2021-10-05,74.95
2021-10-04,75.49
2021-10-01,76.2
2021-09-30,76.24
2021-09-29,75.8
2021-09-28,74.85
2021-09-27,78.8
2021-09-24,77.69
2021-09-23,78.91
2021-09-22,87.11
2021-09-21,84.12
2021-09-20,82.75
2021-09-17,86.15
2021-09-16,87.93
2021-09-15,91.74
2021-09-14,94.09
2021-09-13,94.76
2021-09-10,94.81
2021-09-09,94.7
2021-09-08,95.04
2021-09-06,97.06
2021-09-03,98.61
2021-09-02,98.54
2021-09-01,98.85
2021-08-31,98.68
2021-08-30,100.05
2021-08-27,100.69
2021-08-26,98.23
2021-08-25,99.5
2021-08-24,99.71
2021-08-23,96.2
2021-08-20,97.55
2021-08-19,97.51
2021-08-18,103.41
2021-08-17,107.0
2021-08-16,108.8
2021-08-13,108.3
2021-08-12,109.2
2021-08-11,109.27
2021-08-10,110.06
2021-08-09,109.01
2021-08-06,109.7
2021-08-05,109.08
2021-08-04,112.52
2021-08-03,112.64
2021-08-02,108.93
2021-07-30,108.76
2021-07-29,115.57
2021-07-28,117.3
2021-07-27,114.18
2021-07-26,116.6
2021-07-23,114.12
2021-07-22,114.7
2021-07-21,114.4
2021-07-20,113.1
2021-07-19,112.16
2021-07-16,113.4
2021-07-15,115.48
2021-07-14,115.12
2021-07-13,115.75
2021-07-12,115.07
2021-07-08,113.66
2021-07-07,114.1
2021-07-06,113.77
2021-07-05,113.17
2021-07-02,113.58
2021-07-01,111.28
2021-06-30,113.25
2021-06-29,112.51
2021-06-28,110.6
2021-06-25,112.4
2021-06-24,111.03
2021-06-23,113.07
2021-06-22,111.4
2021-06-21,110.11
2021-06-18,109.09
2021-06-17,105.9
2021-06-16,108.15
2021-06-15,111.5
2021-06-14,113.72
2021-06-11,114.34
2021-06-10,111.83
2021-06-09,112.2
2021-06-08,109.92
2021-06-07,111.8
2021-06-04,112.9
2021-06-02,114.8
2021-06-01,113.2
2021-05-31,114.78
2021-05-28,111.59
2021-05-27,110.99
2021-05-26,110.2
2021-05-25,107.05
2021-05-24,109.78
2021-05-21,109.4
2021-05-20,111.11
2021-05-19,112.25
2021-05-18,114.6
2021-05-17,113.46
2021-05-14,110.56
2021-05-13,112.49
2021-05-12,114.33
2021-05-11,118.72
2021-05-10,114.69
2021-05-07,115.45
2021-05-06,115.05
2021-05-05,110.71
2021-05-04,110.1
2021-05-03,108.46
2021-04-30,109.02
2021-04-29,111.95
2021-04-28,111.92
2021-04-27,110.12
2021-04-26,108.57
2021-04-23,107.99
2021-04-22,106.23
2021-04-20,106.16
2021-04-19,107.73
2021-04-16,108.67
2021-04-15,108.21
2021-04-14,107.0
2021-04-13,103.58
2021-04-12,103.4
2021-04-09,103.0
2021-04-08,104.5
2021-04-07,104.56
2021-04-06,102.05
2021-04-05,103.39
2021-04-01,97.39
2021-03-31,97.97
2021-03-30,97.07
2021-03-29,97.98
2021-03-26,95.53
2021-03-25,92.44
2021-03-24,93.15
2021-03-23,91.06
2021-03-22,93.21
2021-03-19,94.78
2021-03-18,96.16
2021-03-17,97.9
2021-03-16,96.51
2021-03-15,96.82
2021-03-12,97.4
2021-03-11,99.7
2021-03-10,97.15
2021-03-09,98.67
2021-03-08,99.67
2021-03-05,100.21
2021-03-04,98.86
2021-03-03,100.35
2021-03-02,101.6
2021-03-01,98.57
2021-02-26,94.52
2021-02-25,95.71
2021-02-24,97.93
2021-02-23,96.95
2021-02-22,95.35
2021-02-19,97.77
2021-02-18,97.4
2021-02-17,96.35
2021-02-12,93.89
2021-02-11,93.1
2021-02-10,94.7
2021-02-09,94.25
2021-02-08,94.01
2021-02-05,92.69
2021-02-04,89.29
2021-02-03,90.43
2021-02-02,87.66
2021-02-01,91.27
2021-01-29,87.95
2021-01-28,91.1
2021-01-27,89.2
2021-01-26,91.75
2021-01-22,93.17
2021-01-21,93.36
2021-01-20,92.32
2021-01-19,94.06
2021-01-18,94.31
2021-01-15,93.55
2021-01-14,97.8
2021-01-13,96.22
2021-01-12,99.19
2021-01-11,101.98
2021-01-08,102.0
2021-01-07,102.32
2021-01-06,96.05
2021-01-05,93.0
2021-01-04,91.46
2020-12-30,87.45
2020-12-29,87.07
2020-12-28,87.31
2020-12-23,87.36
2020-12-22,86.94
2020-12-21,86.86
2020-12-18,87.8
2020-12-17,87.2
2020-12-16,86.22
2020-12-15,84.5
2020-12-14,83.55
2020-12-11,84.86
2020-12-10,85.0
2020-12-09,82.7
2020-12-08,82.9
2020-12-07,82.95
2020-12-04,81.98
2020-12-03,78.96
2020-12-02,79.84
2020-12-01,81.25
2020-11-30,78.0
2020-11-27,78.44
2020-11-26,76.57
2020-11-25,75.5
2020-11-24,74.8
2020-11-23,71.29
2020-11-19,67.72
2020-11-18,66.45
2020-11-17,66.97
2020-11-16,64.92
2020-11-13,63.25
2020-11-12,62.67
2020-11-11,63.6
2020-11-10,63.16
2020-11-09,63.19
2020-11-06,63.19
2020-11-05,62.55
2020-11-04,61.58
2020-11-03,63.34
2020-10-30,60.55
2020-10-29,62.02
2020-10-28,60.26
2020-10-27,62.53
2020-10-26,62.5
2020-10-23,63.45
2020-10-22,63.1
2020-10-21,62.85
2020-10-20,61.84
2020-10-19,61.95
2020-10-16,62.24
2020-10-15,62.47
2020-10-14,63.0
2020-10-13,62.14
2020-10-09,61.6
2020-10-08,61.29
2020-10-07,60.17
2020-10-06,58.62
2020-10-05,59.59
2020-10-02,58.32
2020-10-01,58.86
2020-09-30,59.11
2020-09-29,58.35
2020-09-28,58.78
2020-09-25,59.25
2020-09-24,58.66
2020-09-23,59.1
2020-09-22,57.81
2020-09-21,60.0
2020-09-18,61.66
2020-09-17,62.08
2020-09-16,60.97
2020-09-15,62.6
2020-09-14,61.91
2020-09-11,61.95
2020-09-10,58.53
2020-09-09,60.0
2020-09-08,59.27
2020-09-04,60.49
2020-09-03,59.32
2020-09-02,61.32
2020-09-01,61.76
2020-08-31,59.68
2020-08-28,61.1
2020-08-27,60.79
2020-08-26,61.75
2020-08-25,61.62
2020-08-24,62.96
2020-08-21,62.2
2020-08-20,62.95
2020-08-19,62.39
2020-08-18,63.06
2020-08-17,62.23
2020-08-14,61.35
2020-08-13,60.35
2020-08-12,61.5
2020-08-11,60.28
2020-08-10,62.2
2020-08-07,60.45
2020-08-06,61.83
2020-08-05,62.19
2020-08-04,60.7
2020-08-03,60.26
2020-07-31,60.71
2020-07-30,61.27
2020-07-29,62.95
2020-07-28,60.34
2020-07-27,61.37
2020-07-24,58.6
2020-07-23,58.85
2020-07-22,59.24
2020-07-21,59.7
2020-07-20,60.8
2020-07-17,61.04
2020-07-16,60.12
2020-07-15,61.79
2020-07-14,61.7
2020-07-13,57.65
2020-07-10,56.97
2020-07-09,56.42
2020-07-08,57.32
2020-07-07,56.37
2020-07-06,56.57
2020-07-03,55.26
2020-07-02,55.49
2020-07-01,54.54
2020-06-30,55.92
2020-06-29,55.63
2020-06-26,55.62
2020-06-25,56.0
2020-06-24,55.39
2020-06-23,55.59
2020-06-22,55.0
2020-06-19,55.17
2020-06-18,56.17
2020-06-17,56.2
2020-06-16,55.39
2020-06-15,53.88
2020-06-12,53.4
2020-06-10,54.2
2020-06-09,54.99
2020-06-08,54.78
2020-06-05,54.61
2020-06-04,55.66
2020-06-03,53.66
2020-06-02,53.42
2020-06-01,53.42
2020-05-29,53.0
2020-05-28,50.09
2020-05-27,50.64
2020-05-26,49.2
2020-05-25,50.1
2020-05-22,50.27
2020-05-21,51.13
2020-05-20,52.5
2020-05-19,52.3
2020-05-18,51.26
2020-05-15,48.05
2020-05-14,48.09
2020-05-13,48.54
2020-05-12,47.46
2020-05-11,47.73
2020-05-08,48.85
2020-05-07,46.05
2020-05-06,44.33
2020-05-05,43.7
2020-05-04,43.93
2020-04-30,44.86
2020-04-29,46.73
2020-04-28,44.61
2020-04-27,44.55
2020-04-24,43.76
2020-04-23,43.51
2020-04-22,42.9
2020-04-20,42.46
2020-04-17,44.0
2020-04-16,42.76
2020-04-15,43.19
2020-04-14,44.53
2020-04-13,44.57
2020-04-09,43.28
2020-04-08,43.51
2020-04-07,43.78
2020-04-06,43.13
2020-04-03,40.5
2020-04-02,42.78
2020-04-01,43.37
2020-03-31,43.22
2020-03-30,41.77
2020-03-27,40.1
2020-03-26,42.0
2020-03-25,40.85
2020-03-24,37.64
2020-03-23,34.1
2020-03-20,35.19
2020-03-19,36.4
2020-03-18,38.65
2020-03-17,41.51
2020-03-16,39.04
2020-03-13,42.9
2020-03-12,35.35
2020-03-11,40.74
2020-03-10,44.81
2020-03-09,37.83
2020-03-06,44.61
2020-03-05,46.85
2020-03-04,48.57
2020-03-03,46.35
2020-03-02,46.36
2020-02-28,44.31
2020-02-27,44.47
2020-02-26,45.35
2020-02-21,50.13
2020-02-20,52.2
2020-02-19,52.81
2020-02-18,52.8
2020-02-17,53.41
2020-02-14,51.0
2020-02-13,52.14
2020-02-12,53.07
2020-02-11,52.05
2020-02-10,50.19
2020-02-07,52.1
2020-02-06,53.28
2020-02-05,52.99
2020-02-04,52.27
2020-02-03,50.91
2020-01-31,50.27
2020-01-30,51.5
2020-01-29,50.75
2020-01-28,51.2
2020-01-27,50.51
2020-01-24,53.8
2020-01-23,55.5
2020-01-22,56.3
2020-01-21,56.03
2020-01-20,57.36
2020-01-17,57.0
2020-01-16,55.17
2020-01-15,55.46
2020-01-14,55.64
2020-01-13,55.3
2020-01-10,53.36
2020-01-09,53.3
2020-01-08,54.01
2020-01-07,54.0
2020-01-06,53.61
2020-01-03,53.93
2020-01-02,54.33
2019-12-30,53.3
2019-12-27,53.6
2019-12-26,54.79
2019-12-23,54.58
2019-12-20,54.79
2019-12-19,54.0
2019-12-18,53.47
2019-12-17,53.42
2019-12-16,53.34
2019-12-13,53.76
2019-12-12,52.95
2019-12-11,51.83
2019-12-10,51.2
2019-12-09,51.44
2019-12-06,51.35
2019-12-05,50.95
2019-12-04,50.92
2019-12-03,50.42
2019-12-02,51.34
2019-11-29,49.98
2019-11-28,50.37
2019-11-27,50.58
2019-11-26,51.22
2019-11-25,50.86
2019-11-22,50.03
2019-11-21,48.42
2019-11-19,48.17
2019-11-18,47.61
2019-11-14,47.0
2019-11-13,47.12
2019-11-12,47.9
2019-11-11,48.13
2019-11-08,49.18
2019-11-07,50.11
2019-11-06,49.69
2019-11-05,49.87
2019-11-04,49.82
2019-11-01,48.44
2019-10-31,47.2
2019-10-30,48.59
2019-10-29,48.65
2019-10-28,48.7
2019-10-25,48.56
2019-10-24,46.75
2019-10-23,47.11
2019-10-22,47.3
2019-10-21,47.21
2019-10-18,46.03
2019-10-17,46.71
2019-10-16,46.8
2019-10-15,47.91
2019-10-14,47.99
2019-10-11,48.64
2019-10-10,47.24
2019-10-09,45.67
2019-10-08,45.32
2019-10-07,46.04
2019-10-04,46.59
2019-10-03,45.44
2019-10-02,45.1
2019-10-01,47.71
2019-09-30,47.75
2019-09-27,47.66
2019-09-26,47.86
2019-09-25,47.86
2019-09-24,46.93
2019-09-23,48.1
2019-09-20,48.42
2019-09-19,48.32
2019-09-18,48.4
2019-09-17,48.9
2019-09-16,48.59
2019-09-13,49.79
2019-09-12,49.69
2019-09-11,47.95
2019-09-10,48.24
2019-09-09,47.89
2019-09-06,46.45
2019-09-05,46.52
2019-09-04,46.52
2019-09-03,45.52
2019-09-02,46.01
2019-08-30,45.57
2019-08-29,45.1
2019-08-28,43.48
2019-08-27,43.32
2019-08-26,42.8
2019-08-23,43.28
2019-08-22,43.89
2019-08-21,44.15
2019-08-20,43.84
2019-08-19,43.65
2019-08-16,43.69
2019-08-15,43.89
2019-08-14,44.88
2019-08-13,46.5
2019-08-12,45.16
2019-08-09,45.49
2019-08-08,47.18
2019-08-07,46.48
2019-08-06,46.62
2019-08-05,46.0
2019-08-02,47.84
2019-08-01,48.4
2019-07-31,49.81
2019-07-30,50.01
2019-07-29,50.26
2019-07-26,50.23
2019-07-25,50.49
2019-07-24,50.65
2019-07-23,51.76
2019-07-22,52.45
2019-07-19,52.72
2019-07-18,52.59
2019-07-17,52.69
2019-07-16,53.05
2019-07-15,52.69
2019-07-12,51.81
2019-07-11,52.05
2019-07-10,52.13
2019-07-08,50.95
2019-07-05,50.36
2019-07-04,51.67
2019-07-03,51.29
2019-07-02,51.39
2019-07-01,53.65
2019-06-28,51.82
2019-06-27,51.7
2019-06-26,51.58
2019-06-25,51.38
2019-06-24,52.4
2019-06-21,52.44
2019-06-19,52.3
2019-06-18,52.0
2019-06-17,50.2
2019-06-14,51.4
2019-06-13,51.85
2019-06-12,51.49
2019-06-11,51.43
2019-06-10,48.34
2019-06-07,48.66
2019-06-06,48.8
2019-06-05,48.39
2019-06-04,49.11
2019-06-03,48.83
2019-05-31,49.0
2019-05-30,50.01
2019-05-29,49.7
2019-05-28,50.25
2019-05-27,50.19
2019-05-24,48.31
2019-05-23,47.82
2019-05-22,47.46
2019-05-21,47.41
2019-05-20,46.75
2019-05-17,47.72
2019-05-16,46.4
2019-05-15,47.95
2019-05-14,47.59
2019-05-13,47.43
2019-05-10,49.46
2019-05-09,48.54
2019-05-08,49.0
2019-05-07,49.7
2019-05-06,49.66
2019-05-03,50.4
2019-05-02,48.94
2019-04-30,50.1
2019-04-29,50.25
2019-04-26,50.42
2019-04-25,50.33
2019-04-24,50.36
2019-04-23,51.92
2019-04-22,51.3
2019-04-18,52.58
2019-04-17,52.25
2019-04-16,53.1
2019-04-15,51.33
2019-04-12,51.48
2019-04-11,51.79
2019-04-10,51.76
2019-04-09,52.35
2019-04-08,53.39
2019-04-05,51.98
2019-04-04,52.16
2019-04-03,51.78
2019-04-02,51.63
2019-04-01,52.6
2019-03-29,50.93
2019-03-28,49.3
2019-03-27,49.6
2019-03-26,50.28
2019-03-25,49.55
2019-03-22,50.05
2019-03-21,50.89
2019-03-20,50.56
2019-03-19,51.9
2019-03-18,50.46
2019-03-15,50.55
2019-03-14,50.71
2019-03-13,50.7
2019-03-12,49.97
2019-03-11,49.88
2019-03-08,48.85
2019-03-07,48.86
2019-03-06,48.05
2019-03-01,46.74
2019-02-28,47.1
2019-02-27,46.83
2019-02-26,47.2
2019-02-25,47.12
2019-02-22,46.99
2019-02-21,45.38
2019-02-20,45.8
2019-02-19,45.49
2019-02-18,45.25
2019-02-15,45.88
2019-02-14,45.66
2019-02-13,45.49
2019-02-12,44.3
2019-02-11,42.02
2019-02-08,43.16
2019-02-07,41.59
2019-02-06,42.46
2019-02-05,44.52
2019-02-04,44.68
2019-02-01,46.25
2019-01-31,45.5
2019-01-30,46.6
2019-01-29,42.74
2019-01-28,42.36
2019-01-24,56.15
2019-01-23,55.65
2019-01-22,55.08
2019-01-21,55.28
2019-01-18,54.76
2019-01-17,54.23
2019-01-16,52.65
2019-01-15,52.35
2019-01-14,52.6
2019-01-11,52.38
2019-01-10,53.1
2019-01-09,53.69
2019-01-08,52.41
2019-01-07,51.91
2019-01-04,52.19
2019-01-03,49.0
2019-01-02,51.09
2018-12-28,51.0
2018-12-27,49.5
2018-12-26,50.44
2018-12-21,50.86
2018-12-20,49.81
2018-12-19,50.01
2018-12-18,51.44
2018-12-17,51.25
2018-12-14,50.88
2018-12-13,50.6
2018-12-12,50.37
2018-12-11,50.6
2018-12-10,50.2
2018-12-07,51.29
2018-12-06,52.3
2018-12-05,52.8
2018-12-04,52.88
2018-12-03,54.11
2018-11-30,52.8
2018-11-29,52.0
2018-11-28,52.3
2018-11-27,49.92
2018-11-26,50.12
2018-11-23,50.35
2018-11-22,54.04
2018-11-21,54.53
2018-11-19,55.37
2018-11-16,56.15
2018-11-14,55.16
2018-11-13,56.27
2018-11-12,54.85
2018-11-09,54.65
2018-11-08,57.02
2018-11-07,57.59
2018-11-06,57.23
2018-11-05,57.53
2018-11-01,57.5
2018-10-31,56.71
2018-10-30,53.87
2018-10-29,53.1
2018-10-26,55.6
2018-10-25,54.61
2018-10-24,54.43
2018-10-23,56.75
2018-10-22,58.37
2018-10-19,56.53
2018-10-18,56.5
2018-10-17,58.8
2018-10-16,57.7
2018-10-15,57.67
2018-10-11,56.48
2018-10-10,55.89
2018-10-09,57.7
2018-10-08,57.05
2018-10-05,57.49
2018-10-04,58.8
2018-10-03,59.95
2018-10-02,61.2
2018-10-01,60.4
2018-09-28,59.82
2018-09-27,59.48
2018-09-26,60.01
2018-09-25,62.2
2018-09-24,60.2
2018-09-21,61.01
2018-09-20,59.32
2018-09-19,58.58
2018-09-18,57.34
2018-09-17,55.04
2018-09-14,55.2
2018-09-13,53.78
2018-09-12,53.45
2018-09-11,52.59
2018-09-10,53.22
2018-09-06,53.48
2018-09-05,52.15
2018-09-04,52.0
2018-09-03,54.05
2018-08-31,53.62
2018-08-30,54.57
2018-08-29,55.22
2018-08-28,55.65
2018-08-27,55.67
2018-08-24,54.15
2018-08-23,53.35
2018-08-22,53.3
2018-08-21,51.73
2018-08-20,51.44
2018-08-17,50.8
2018-08-16,49.72
2018-08-15,50.41
2018-08-14,52.76
2018-08-13,52.28
2018-08-10,51.71
2018-08-09,51.84
2018-08-08,52.4
2018-08-07,52.75
2018-08-06,52.4
2018-08-03,52.55
2018-08-02,52.84
2018-08-01,53.06
2018-07-31,54.84
2018-07-30,54.33
2018-07-27,53.45
2018-07-26,52.78
2018-07-25,51.75
2018-07-24,51.31
2018-07-23,49.6
2018-07-20,48.72
2018-07-19,49.43
2018-07-18,51.45
2018-07-17,50.7
2018-07-16,50.0
2018-07-13,50.31
2018-07-12,50.45
2018-07-11,48.86
2018-07-10,49.53
2018-07-06,50.34
2018-07-05,49.7
2018-07-04,48.03
2018-07-03,47.96
2018-07-02,48.76
2018-06-29,49.59
2018-06-28,49.07
2018-06-27,48.15
2018-06-26,48.34
2018-06-25,47.16
2018-06-22,48.01
2018-06-21,47.21
2018-06-20,48.81
2018-06-19,48.3
2018-06-18,49.21
2018-06-15,49.13
2018-06-14,51.71
2018-06-13,51.55
2018-06-12,51.7
2018-06-11,50.85
2018-06-08,50.89
2018-06-07,54.37
2018-06-06,56.07
2018-06-05,53.73
2018-06-04,52.52
2018-06-01,52.76
2018-05-30,50.63
2018-05-29,50.16
2018-05-28,51.07
2018-05-25,51.48
2018-05-24,52.46
2018-05-23,51.94
2018-05-22,52.34
2018-05-21,53.0
2018-05-18,54.77
2018-05-17,55.38
2018-05-16,55.9
2018-05-15,54.65
2018-05-14,54.27
2018-05-11,52.63
2018-05-10,51.4
2018-05-09,50.25
2018-05-08,49.19
2018-05-07,49.24
2018-05-04,49.7
2018-05-03,49.09
2018-05-02,48.71
2018-04-30,48.67
2018-04-27,48.35
2018-04-26,48.7
2018-04-25,47.95
2018-04-24,48.31
2018-04-23,47.5
2018-04-20,47.63
2018-04-19,47.83
2018-04-18,47.48
2018-04-17,45.93
2018-04-16,44.54
2018-04-13,44.98
2018-04-12,44.81
2018-04-11,44.64
2018-04-10,44.84
2018-04-09,42.95
2018-04-06,42.74
2018-04-05,43.25
2018-04-04,42.55
2018-04-03,42.87
2018-04-02,43.0
2018-03-29,42.21
2018-03-28,41.54
2018-03-27,40.86
2018-03-26,42.0
2018-03-23,41.6
2018-03-22,41.93
2018-03-21,42.5
2018-03-20,41.6
2018-03-19,41.1
2018-03-16,42.3
2018-03-15,42.4
2018-03-14,42.6
2018-03-13,42.13
2018-03-12,42.46
2018-03-09,42.1
2018-03-08,41.46
2018-03-07,42.85
2018-03-06,43.49
2018-03-05,43.7
2018-03-02,43.75
2018-03-01,44.45
2018-02-28,45.05
2018-02-27,47.33
2018-02-26,47.4
2018-02-23,46.08
2018-02-22,45.67
2018-02-21,44.8
2018-02-20,45.51
2018-02-19,46.45
2018-02-16,46.03
2018-02-15,45.95
2018-02-14,44.51
2018-02-09,42.0
2018-02-08,41.59
2018-02-07,41.71
2018-02-06,42.47
2018-02-05,40.35
2018-02-02,40.8
2018-02-01,41.79
2018-01-31,41.45
2018-01-30,41.47
2018-01-29,41.89
2018-01-26,41.43
2018-01-25,41.78
2018-01-24,41.78
2018-01-23,40.93
2018-01-22,42.65
2018-01-19,42.88
2018-01-18,42.86
2018-01-17,43.15
2018-01-16,42.3
2018-01-15,43.47
2018-01-12,43.55
2018-01-11,43.3
2018-01-10,42.47
2018-01-09,43.07
2018-01-08,43.23
2018-01-05,42.29
2018-01-04,41.64
2018-01-03,41.47
2018-01-02,41.72
2017-12-29,40.26
2017-12-28,40.26
2017-12-27,39.86
2017-12-26,39.85
2017-12-25,39.79
2017-12-22,39.79
2017-12-21,39.73
2017-12-20,39.15
2017-12-19,37.85
2017-12-18,37.84
2017-12-15,36.89
2017-12-14,36.24
2017-12-13,36.11
2017-12-12,36.18
2017-12-11,35.76
2017-12-08,35.48
2017-12-07,35.34
2017-12-06,35.76
2017-12-05,36.02
2017-12-04,36.83
2017-12-01,35.48
2017-11-30,35.14
2017-11-29,35.7
2017-11-28,36.25
2017-11-27,35.41
2017-11-24,35.79
2017-11-23,35.2
2017-11-22,34.74
2017-11-21,34.05
2017-11-20,32.92
2017-11-17,32.92
2017-11-16,32.6
2017-11-15,32.16
2017-11-14,32.16
2017-11-13,33.14
2017-11-10,32.77
2017-11-09,32.8
2017-11-08,33.94
2017-11-07,33.52
2017-11-06,34.34
2017-11-03,33.54
2017-11-02,32.82
2017-11-01,32.82
2017-10-31,32.1
2017-10-30,32.35
2017-10-27,32.55
2017-10-26,32.67
2017-10-25,33.55
2017-10-24,33.83
2017-10-23,32.71
2017-10-20,32.95
2017-10-19,33.0
2017-10-18,32.27
2017-10-17,32.58
2017-10-16,33.35
2017-10-13,32.91
2017-10-12,31.1
2017-10-11,31.1
2017-10-10,31.32
2017-10-09,31.5
2017-10-06,32.14
2017-10-05,32.27
2017-10-04,32.61
2017-10-03,32.68
2017-10-02,31.9
2017-09-29,31.87
2017-09-28,31.75
2017-09-27,31.93
2017-09-26,31.5
2017-09-25,31.09
2017-09-22,31.91
2017-09-21,32.51
2017-09-20,33.17
2017-09-19,33.92
2017-09-18,34.25
2017-09-15,33.8
2017-09-14,33.62
2017-09-13,34.77
2017-09-12,35.26
2017-09-11,35.09
2017-09-08,34.48
2017-09-07,35.8
2017-09-06,35.8
2017-09-05,35.6
2017-09-04,36.1
2017-09-01,35.67
2017-08-31,35.08
2017-08-30,34.34
2017-08-29,34.44
2017-08-28,34.36
2017-08-25,33.83
2017-08-24,33.88
2017-08-23,32.54
2017-08-22,31.86
2017-08-21,31.75
2017-08-18,31.55
2017-08-17,31.2
2017-08-16,31.73
2017-08-15,31.12
2017-08-14,31.3
2017-08-11,30.8
2017-08-10,31.5
2017-08-09,31.92
2017-08-08,32.05
2017-08-07,32.42
2017-08-04,31.23
2017-08-03,30.68
2017-08-02,31.11
2017-08-01,31.06
2017-07-31,31.3
2017-07-28,30.34
2017-07-27,29.7
2017-07-26,29.66
2017-07-25,30.61
2017-07-24,29.13
2017-07-21,28.5
2017-07-20,28.72
2017-07-19,29.9
2017-07-18,29.9
2017-07-17,29.72
2017-07-14,29.52
2017-07-13,29.18
2017-07-12,29.9
2017-07-11,30.04
2017-07-10,29.71
2017-07-07,28.89
2017-07-06,28.92
2017-07-05,28.93
2017-07-04,29.62
2017-07-03,29.65
2017-06-30,29.0
2017-06-29,28.9
2017-06-28,28.79
2017-06-27,27.92
2017-06-26,27.47
2017-06-23,27.24
2017-06-22,27.02
2017-06-21,26.47
2017-06-20,25.71
2017-06-19,26.39
2017-06-16,25.56
2017-06-15,26.1
2017-06-14,26.1
2017-06-13,26.37
2017-06-12,26.84
2017-06-09,27.3
2017-06-08,27.02
2017-06-07,26.45
2017-06-06,26.58
2017-06-05,26.49
2017-06-02,26.78
2017-06-01,26.67
2017-05-31,27.17
2017-05-30,28.6
2017-05-29,27.86
2017-05-26,27.86
2017-05-25,27.7
2017-05-24,27.52
2017-05-23,28.26
2017-05-22,27.92
2017-05-19,27.25
2017-05-18,26.86
2017-05-17,26.84
2017-05-16,27.26
2017-05-15,26.65
2017-05-12,25.91
2017-05-11,26.32
2017-05-10,26.56
2017-05-09,26.5
2017-05-08,26.03
2017-05-05,26.05
2017-05-04,25.35
2017-05-03,26.32
2017-05-02,28.06
2017-04-28,27.47
2017-04-27,26.83
2017-04-26,27.73
2017-04-25,28.35
2017-04-24,27.45
2017-04-20,28.05
2017-04-19,26.67
2017-04-18,26.61
2017-04-17,27.43
2017-04-13,27.42
2017-04-12,27.42
2017-04-11,28.66
2017-04-10,29.03
2017-04-07,29.15
2017-04-06,28.91
2017-04-05,29.45
2017-04-04,30.65
2017-04-03,29.51
2017-03-31,29.79
2017-03-30,30.1
2017-03-29,30.11
2017-03-28,29.81
2017-03-27,29.39
2017-03-24,29.0
2017-03-23,29.24
2017-03-22,29.4
2017-03-21,29.04
2017-03-20,31.63
2017-03-17,31.3
2017-03-16,32.53
2017-03-15,33.32
2017-03-14,31.17
2017-03-13,31.01
2017-03-10,29.65
2017-03-09,30.18
2017-03-08,30.12
2017-03-07,30.92
2017-03-06,31.1
2017-03-03,31.82
2017-03-02,31.46
2017-03-01,33.17
2017-02-24,32.72
2017-02-23,33.17
2017-02-22,34.69
2017-02-21,35.54
2017-02-20,36.43
2017-02-17,34.07
2017-02-16,33.77
2017-02-15,33.82
2017-02-14,34.4
2017-02-13,35.81
2017-02-10,32.8
2017-02-09,31.08
2017-02-08,30.59
2017-02-07,30.24
2017-02-06,29.92
2017-02-03,30.61
2017-02-02,32.66
2017-02-01,32.89
2017-01-31,32.18
2017-01-30,32.25
2017-01-27,33.7
2017-01-26,33.6
2017-01-24,34.13
2017-01-23,33.31
2017-01-20,32.1
2017-01-19,31.47
2017-01-18,32.11
2017-01-17,30.57
2017-01-16,31.82
2017-01-13,30.98
2017-01-12,30.07
2017-01-11,29.13
2017-01-10,28.54
2017-01-09,26.5
2017-01-06,25.97
2017-01-05,26.68
2017-01-04,25.7
2017-01-03,26.17
2017-01-02,25.06
2016-12-29,25.68
2016-12-28,26.68
2016-12-27,25.86
2016-12-26,25.99
2016-12-23,25.19
2016-12-22,25.38
2016-12-21,26.48
2016-12-20,26.58
2016-12-19,26.05
2016-12-16,27.75
2016-12-15,28.23
2016-12-14,27.88
2016-12-13,28.33
2016-12-12,29.49
2016-12-09,29.61
2016-12-08,30.13
2016-12-07,31.03
2016-12-06,30.0
2016-12-05,29.6
2016-12-02,29.49
2016-12-01,28.47
2016-11-30,28.06
2016-11-29,29.18
2016-11-28,31.01
2016-11-25,28.9
2016-11-24,27.59
2016-11-23,28.17
2016-11-22,27.77
2016-11-21,25.83
2016-11-18,24.57
2016-11-17,24.74
2016-11-16,25.15
2016-11-14,26.46
2016-11-11,25.98
2016-11-10,26.87
2016-11-09,25.0
2016-11-08,23.97
2016-11-07,23.13
2016-11-04,21.61
2016-11-03,21.96
2016-11-01,22.3
2016-10-31,22.08
2016-10-28,22.14
2016-10-27,22.0
2016-10-26,21.77
2016-10-25,21.35
2016-10-24,20.3
2016-10-21,19.91
2016-10-20,19.1
2016-10-19,18.62
2016-10-18,18.77
2016-10-17,18.24
2016-10-14,18.02
2016-10-13,17.75
2016-10-11,18.6
2016-10-10,19.05
2016-10-07,18.0
2016-10-06,17.8
2016-10-05,17.86
2016-10-04,17.65
2016-10-03,18.1
2016-09-30,17.81
2016-09-29,17.99
2016-09-28,18.19
2016-09-27,17.6
2016-09-26,17.44
2016-09-23,17.65
2016-09-22,17.55
2016-09-21,17.65
2016-09-20,16.7
2016-09-19,16.66
2016-09-16,16.41
2016-09-15,16.64
2016-09-14,16.64
2016-09-13,16.27
2016-09-12,17.49
2016-09-09,16.86
2016-09-08,17.79
2016-09-06,18.27
2016-09-05,17.9
2016-09-02,18.24
2016-09-01,17.44
2016-08-31,16.94
2016-08-30,17.65
2016-08-29,18.1
2016-08-26,17.71
2016-08-25,18.18
2016-08-24,18.15
2016-08-23,18.75
2016-08-22,18.38
2016-08-19,19.08
2016-08-18,18.92
2016-08-17,19.12
2016-08-16,18.98
2016-08-15,18.43
2016-08-12,17.96
2016-08-11,18.41
2016-08-10,18.09
2016-08-09,18.99
2016-08-08,18.98
2016-08-05,18.97
2016-08-04,18.76
2016-08-03,18.82
2016-08-02,17.99
2016-08-01,17.9
2016-07-29,18.5
2016-07-28,19.04
2016-07-27,18.92
2016-07-26,18.42
2016-07-25,17.42
2016-07-22,17.15
2016-07-21,17.4
2016-07-20,16.51
2016-07-19,16.84
2016-07-18,17.58
2016-07-15,17.34
2016-07-14,17.35
2016-07-13,17.82
2016-07-12,17.69
2016-07-11,16.86
2016-07-08,16.19
2016-07-07,16.02
2016-07-06,16.29
2016-07-05,16.06
2016-07-04,16.97
2016-07-01,16.62
2016-06-30,16.27
2016-06-29,15.71
2016-06-28,15.46
2016-06-27,14.8
2016-06-24,15.21
2016-06-23,16.59
2016-06-22,15.85
2016-06-21,15.6
2016-06-20,15.57
2016-06-17,15.28
2016-06-16,15.23
2016-06-15,15.0
2016-06-14,14.63
2016-06-13,15.2
2016-06-10,14.95
2016-06-09,15.7
2016-06-08,17.0
2016-06-07,16.57
2016-06-06,16.89
2016-06-03,16.24
2016-06-02,14.95
2016-06-01,14.43
2016-05-31,14.22
2016-05-30,14.28
2016-05-27,14.29
2016-05-25,14.62
2016-05-24,14.02
2016-05-23,14.44
2016-05-20,14.13
2016-05-19,14.89
2016-05-18,14.71
2016-05-17,15.13
2016-05-16,14.93
2016-05-13,14.68
2016-05-12,15.44
2016-05-11,15.94
2016-05-10,15.87
2016-05-09,15.23
2016-05-06,16.88
2016-05-05,16.66
2016-05-04,17.4
2016-05-03,18.66
2016-05-02,19.87
2016-04-29,19.69
2016-04-28,19.79
2016-04-27,19.45
2016-04-26,18.69
2016-04-25,18.06
2016-04-22,19.33
2016-04-20,21.76
2016-04-19,20.46
2016-04-18,19.05
2016-04-15,18.6
2016-04-14,18.2
2016-04-13,19.57
2016-04-12,18.74
2016-04-11,16.97
2016-04-08,16.24
2016-04-07,15.01
2016-04-06,15.07
2016-04-05,15.29
2016-04-04,14.79
2016-04-01,15.51
2016-03-31,15.15
2016-03-30,15.54
2016-03-29,15.09
2016-03-28,15.17
2016-03-24,15.05
2016-03-23,14.12
2016-03-22,15.43
2016-03-21,15.15
2016-03-18,15.33
2016-03-17,15.5
2016-03-16,14.82
2016-03-15,13.48
2016-03-14,13.44
2016-03-11,13.87
2016-03-10,14.0
2016-03-09,14.5
2016-03-08,15.03
2016-03-07,17.58
2016-03-04,16.55
2016-03-03,15.62
2016-03-02,14.22
2016-03-01,12.81
2016-02-29,11.81
2016-02-26,11.0
2016-02-25,11.02
2016-02-24,11.71
2016-02-23,12.38
2016-02-22,13.14
2016-02-19,11.83
2016-02-18,11.51
2016-02-17,11.91
2016-02-16,11.29
2016-02-15,10.51
2016-02-12,10.25
2016-02-11,9.87
2016-02-10,10.2
2016-02-05,10.23
2016-02-04,10.34
2016-02-03,9.01
2016-02-02,8.6
2016-02-01,9.5
2016-01-29,9.72
2016-01-28,9.33
2016-01-27,9.41
2016-01-26,8.95
2016-01-22,9.03
2016-01-21,9.14
2016-01-20,9.21
2016-01-19,9.18
2016-01-18,8.89
2016-01-15,9.37
2016-01-14,9.65
2016-01-13,9.0
2016-01-12,9.41
2016-01-11,10.24
2016-01-08,10.54
2016-01-07,10.91
2016-01-06,11.6
2016-01-05,12.52
2016-01-04,12.69
2015-12-30,13.03
2015-12-29,12.72
2015-12-28,12.64
2015-12-23,13.22
2015-12-22,12.55
2015-12-21,12.29
2015-12-18,12.89
2015-12-17,12.74
2015-12-16,13.25
2015-12-15,12.88
2015-12-14,12.46
2015-12-11,12.21
2015-12-10,12.67
2015-12-09,12.08
2015-12-08,11.65
2015-12-07,12.21
2015-12-04,12.35
2015-12-03,12.87
2015-12-02,12.94
2015-12-01,12.84
2015-11-30,13.17
2015-11-27,13.3
2015-11-26,14.19
2015-11-25,14.06
2015-11-24,14.47
2015-11-23,14.25
2015-11-19,14.64
2015-11-18,14.59
2015-11-17,14.52
2015-11-16,15.05
2015-11-13,15.37
2015-11-12,15.05
2015-11-11,15.32
2015-11-10,15.38
2015-11-09,15.44
2015-11-06,15.67
2015-11-05,16.95
2015-11-04,17.4
2015-11-03,17.75
2015-10-30,17.06
2015-10-29,16.14
2015-10-28,16.57
2015-10-27,17.03
2015-10-26,17.86
2015-10-23,18.6
2015-10-22,18.51
2015-10-21,18.09
2015-10-20,17.61
2015-10-19,17.8
2015-10-16,18.42
2015-10-15,18.97
2015-10-14,18.7
2015-10-13,18.58
2015-10-09,20.79
2015-10-08,20.06
2015-10-07,20.15
2015-10-06,18.31
2015-10-05,18.14
2015-10-02,17.82
2015-10-01,17.22
2015-09-30,16.58
2015-09-29,16.48
2015-09-28,16.59
2015-09-25,17.93
2015-09-24,18.45
2015-09-23,18.9
2015-09-22,19.46
2015-09-21,19.93
2015-09-18,19.91
2015-09-17,19.49
2015-09-16,19.04
2015-09-15,18.6
2015-09-14,19.15
2015-09-11,19.45
2015-09-10,19.94
2015-09-09,19.06
2015-09-08,18.93
2015-09-04,18.24
2015-09-03,18.73
2015-09-02,18.11
2015-09-01,17.1
2015-08-31,17.92
2015-08-28,17.31
2015-08-27,17.69
2015-08-26,15.9
2015-08-25,15.35
2015-08-24,15.4
2015-08-21,16.7
2015-08-20,17.17
2015-08-19,16.84
2015-08-18,17.42
2015-08-17,18.01
2015-08-14,18.2
2015-08-13,18.48
2015-08-12,18.92
2015-08-11,18.6
2015-08-10,19.35
2015-08-07,18.42
2015-08-06,19.58
2015-08-05,19.01
2015-08-04,18.1
2015-08-03,17.59
2015-07-31,17.87
2015-07-30,17.45
2015-07-29,18.35
2015-07-28,18.09
2015-07-27,16.76
2015-07-24,16.79
2015-07-23,17.32
2015-07-22,17.29
2015-07-21,17.55
2015-07-20,17.31
2015-07-17,17.45
2015-07-16,17.64
2015-07-15,17.11
2015-07-14,17.82
2015-07-13,18.5
2015-07-10,17.11
2015-07-08,17.16
2015-07-07,17.93
2015-07-06,17.65
2015-07-03,17.68
2015-07-02,18.07
2015-07-01,18.11
2015-06-30,18.29
2015-06-29,19.2
2015-06-26,19.62
2015-06-25,19.32
2015-06-24,19.8
2015-06-23,19.81
2015-06-22,19.69
2015-06-19,20.32
2015-06-18,20.4
2015-06-17,19.47
2015-06-16,19.75
2015-06-15,20.34
2015-06-12,21.16
2015-06-11,21.33
2015-06-10,21.21
2015-06-09,19.98
2015-06-08,20.1
2015-06-05,20.6
2015-06-03,20.89
2015-06-02,21.35
2015-06-01,20.04
2015-05-29,20.05
2015-05-28,20.54
2015-05-27,20.95
2015-05-26,20.79
2015-05-25,20.57
2015-05-22,20.26
2015-05-21,20.25
2015-05-20,19.85
2015-05-19,20.12
2015-05-18,20.24
2015-05-15,21.28
2015-05-14,21.33
2015-05-13,21.6
2015-05-12,22.33
2015-05-11,23.28
2015-05-08,22.75
2015-05-07,23.88
2015-05-06,24.93
2015-05-05,27.06
2015-05-04,24.78
2015-04-30,22.65
2015-04-29,21.11
2015-04-28,22.55
2015-04-27,23.46
2015-04-24,23.2
2015-04-23,21.09
2015-04-22,19.45
2015-04-20,17.73
2015-04-17,17.8
2015-04-16,18.06
2015-04-15,18.6
2015-04-14,18.75
2015-04-13,18.24
2015-04-10,18.42
2015-04-09,18.8
2015-04-08,18.75
2015-04-07,19.0
2015-04-06,18.13
2015-04-02,18.0
2015-04-01,17.54
2015-03-31,17.94
2015-03-30,18.62
2015-03-27,18.35
2015-03-26,18.92
2015-03-25,19.76
2015-03-24,19.58
2015-03-23,20.38
2015-03-20,20.25
2015-03-19,19.15
2015-03-18,19.59
2015-03-17,19.88
2015-03-16,18.9
2015-03-13,18.88
2015-03-12,18.86
2015-03-11,18.86
2015-03-10,19.1
2015-03-09,19.54
2015-03-06,19.59
2015-03-05,19.5
2015-03-04,20.39
2015-03-03,20.79
2015-03-02,20.56
2015-02-27,21.25
2015-02-26,21.25
2015-02-25,22.14
2015-02-24,22.04
2015-02-23,21.62
2015-02-20,22.62
2015-02-19,22.1
2015-02-18,22.71
2015-02-13,22.48
2015-02-12,21.58
2015-02-11,21.1
2015-02-10,20.4
2015-02-09,21.59
2015-02-06,20.42
2015-02-05,20.45
2015-02-04,20.55
2015-02-03,20.87
2015-02-02,19.74
2015-01-30,18.61
2015-01-29,18.05
2015-01-28,18.89
2015-01-27,19.0
2015-01-26,19.58
2015-01-23,20.52
2015-01-22,21.91
2015-01-21,22.08
2015-01-20,21.74
2015-01-19,21.65
2015-01-16,21.88
2015-01-15,20.94
2015-01-14,20.7
2015-01-13,22.51
2015-01-12,22.64
2015-01-09,22.35
2015-01-08,22.84
2015-01-07,22.6
2015-01-06,21.8
2015-01-05,20.96
2015-01-02,21.28
2014-12-30,21.91
2014-12-29,22.11
2014-12-26,21.68
2014-12-23,22.22
2014-12-22,21.37
2014-12-19,21.57
2014-12-18,19.96
2014-12-17,19.71
2014-12-16,19.35
2014-12-15,18.69
2014-12-12,18.91
2014-12-11,19.37
2014-12-10,19.93
2014-12-09,20.7
2014-12-08,21.18
2014-12-05,21.88
2014-12-04,21.67
2014-12-03,21.95
2014-12-02,21.47
2014-12-01,22.13
2014-11-28,23.29
2014-11-27,22.98
2014-11-26,23.04
2014-11-25,23.96
2014-11-24,23.7
2014-11-21,23.59
2014-11-19,22.16
2014-11-18,22.03
2014-11-17,22.93
2014-11-14,23.0
2014-11-13,22.46
2014-11-12,22.52
2014-11-11,22.57
2014-11-10,23.3
2014-11-07,24.02
2014-11-06,23.65
2014-11-05,24.0
2014-11-04,24.11
2014-11-03,24.9
2014-10-31,25.0
2014-10-30,23.7
2014-10-29,24.76
2014-10-28,26.14
2014-10-27,26.46
2014-10-24,27.45
2014-10-23,27.25
2014-10-22,26.76
2014-10-21,26.72
2014-10-20,26.49
2014-10-17,26.62
2014-10-16,27.38
2014-10-15,28.3
2014-10-14,28.31
2014-10-13,27.49
2014-10-10,26.4
2014-10-09,26.9
2014-10-08,27.37
2014-10-07,27.4
2014-10-06,27.34
2014-10-03,27.2
2014-10-02,27.61
2014-10-01,26.83
2014-09-30,26.85
2014-09-29,26.54
2014-09-26,26.97
2014-09-25,27.35
2014-09-24,27.64
2014-09-23,27.55
2014-09-22,27.28
2014-09-19,28.32
2014-09-18,29.09
2014-09-17,29.06
2014-09-16,29.15
2014-09-15,29.11
2014-09-12,28.62
2014-09-11,28.36
2014-09-10,28.4
2014-09-09,28.61
2014-09-08,28.1
2014-09-05,28.25
2014-09-04,28.68
2014-09-03,29.0
2014-09-02,28.75
2014-09-01,28.95
2014-08-29,29.2
2014-08-28,29.33
2014-08-27,30.68
2014-08-26,31.02
2014-08-25,31.17
2014-08-22,31.37
2014-08-21,31.56
2014-08-20,31.77
2014-08-19,31.25
2014-08-18,31.24
2014-08-15,31.0
2014-08-14,30.59
2014-08-13,31.34
2014-08-12,32.01
2014-08-11,31.84
2014-08-08,31.61
2014-08-07,31.6
2014-08-06,31.8
2014-08-05,31.62
2014-08-04,32.14
2014-08-01,31.77
2014-07-31,32.55
2014-07-30,32.22
2014-07-29,32.92
2014-07-28,32.82
2014-07-25,32.38
2014-07-24,32.34
2014-07-23,31.73
2014-07-22,31.87
2014-07-21,31.56
2014-07-18,31.45
2014-07-17,31.48
2014-07-16,31.92
2014-07-15,31.06
2014-07-14,30.86
2014-07-11,30.71
2014-07-10,30.8
2014-07-08,30.81
2014-07-07,30.8
2014-07-04,31.22
2014-07-03,31.04
2014-07-02,30.44
2014-07-01,29.65
2014-06-30,29.24
2014-06-27,29.06
2014-06-26,29.34
2014-06-25,28.66
2014-06-24,28.71
2014-06-23,29.11
2014-06-20,28.77
2014-06-18,28.85
2014-06-17,28.45
2014-06-16,28.42
2014-06-13,28.6
2014-06-11,29.64
2014-06-10,29.44
2014-06-09,29.63
2014-06-06,29.37
2014-06-05,28.78
2014-06-04,28.92
2014-06-03,28.85
2014-06-02,29.14
2014-05-30,28.46
2014-05-29,29.34
2014-05-28,29.09
2014-05-27,29.09
2014-05-26,29.6
2014-05-23,29.26
2014-05-22,29.34
2014-05-21,28.89
2014-05-20,28.86
2014-05-19,29.47
2014-05-16,30.4
2014-05-15,31.1
2014-05-14,31.39
2014-05-13,30.65
2014-05-12,30.6
2014-05-09,29.22
2014-05-08,29.47
2014-05-07,29.97
2014-05-06,29.82
2014-05-05,30.11
2014-05-02,30.2
2014-04-30,29.55
2014-04-29,29.78
2014-04-28,29.59
2014-04-25,30.32
2014-04-24,30.79
2014-04-23,30.29
2014-04-22,30.71
2014-04-17,31.65
2014-04-16,31.08
2014-04-15,30.94
2014-04-14,32.76
2014-04-11,32.97
2014-04-10,32.8
2014-04-09,32.98
2014-04-08,33.26
2014-04-07,33.34
2014-04-04,32.48
2014-04-03,32.91
2014-04-02,32.53
2014-04-01,31.36
2014-03-31,31.42
2014-03-28,31.01
2014-03-27,31.11
2014-03-26,30.47
2014-03-25,30.82
2014-03-24,30.58
2014-03-21,30.43
2014-03-20,29.88
2014-03-19,29.61
2014-03-18,29.81
2014-03-17,29.31
2014-03-14,29.26
2014-03-13,29.3
2014-03-12,30.11
2014-03-11,29.55
2014-03-10,30.04
2014-03-07,30.55
2014-03-06,31.75
2014-03-05,31.85
2014-02-28,33.0
2014-02-27,33.01
2014-02-26,32.52
2014-02-25,32.51
2014-02-24,33.67
2014-02-21,34.61
2014-02-20,34.52
2014-02-19,34.92
2014-02-18,34.57
2014-02-17,34.49
2014-02-14,34.84
2014-02-13,34.32
2014-02-12,34.46
2014-02-11,34.49
2014-02-10,33.64
2014-02-07,34.05
2014-02-06,34.26
2014-02-05,33.5
2014-02-04,32.67
2014-02-03,32.13
2014-01-31,33.05
2014-01-30,32.5
2014-01-29,33.1
2014-01-28,31.75
2014-01-27,31.12
2014-01-24,31.25
2014-01-23,30.93
2014-01-22,31.81
2014-01-21,31.08
2014-01-20,31.79
2014-01-17,32.49
2014-01-16,32.83
2014-01-15,32.45
2014-01-14,32.02
2014-01-13,32.04
2014-01-10,32.25
2014-01-09,32.29
2014-01-08,33.48
2014-01-07,33.25
2014-01-06,34.09
2014-01-03,34.06
2014-01-02,34.81
2013-12-30,35.71
2013-12-27,35.5
2013-12-26,34.71
2013-12-23,34.56
2013-12-20,34.45
2013-12-19,35.11
2013-12-18,34.37
2013-12-17,34.27
2013-12-16,34.39
2013-12-13,34.16
2013-12-12,34.55
2013-12-11,34.7
2013-12-10,35.42
2013-12-09,35.54
2013-12-06,35.56
2013-12-05,35.63
2013-12-04,35.45
2013-12-03,35.08
2013-12-02,35.41
2013-11-29,35.87
2013-11-28,35.2
2013-11-27,34.24
2013-11-26,33.54
2013-11-25,34.65
2013-11-22,35.33
2013-11-21,35.02
2013-11-19,35.6
2013-11-18,36.25
2013-11-14,35.88
2013-11-13,35.53
2013-11-12,35.79
2013-11-11,36.95
2013-11-08,36.75
2013-11-07,37.23
2013-11-06,38.47
2013-11-05,37.83
2013-11-04,37.9
2013-11-01,36.9
2013-10-31,35.75
2013-10-30,35.02
2013-10-29,35.14
2013-10-28,35.31
2013-10-25,35.07
2013-10-24,35.05
2013-10-23,35.05
2013-10-22,35.89
2013-10-21,35.38
2013-10-18,34.94
2013-10-17,36.23
2013-10-16,35.44
2013-10-15,35.63
2013-10-14,35.34
2013-10-11,33.77
2013-10-10,33.45
2013-10-09,33.2
2013-10-08,33.61
2013-10-07,34.09
2013-10-04,34.39
2013-10-03,34.04
2013-10-02,34.51
2013-10-01,34.5
2013-09-30,34.46
2013-09-27,35.16
2013-09-26,36.0
2013-09-25,35.75
2013-09-24,35.45
2013-09-23,36.01
2013-09-20,35.77
2013-09-19,36.38
2013-09-18,36.53
2013-09-17,36.49
2013-09-16,36.39
2013-09-13,36.5
2013-09-12,36.95
2013-09-11,37.14
2013-09-10,37.85
2013-09-09,36.95
2013-09-06,35.9
2013-09-05,35.99
2013-09-04,36.0
2013-09-03,35.85
2013-09-02,35.62
2013-08-30,34.34
2013-08-29,34.02
2013-08-28,34.84
2013-08-27,35.27
2013-08-26,35.9
2013-08-23,36.12
2013-08-22,36.26
2013-08-21,35.01
2013-08-20,35.38
2013-08-19,36.41
2013-08-16,36.6
2013-08-15,36.15
2013-08-14,35.78
2013-08-13,35.61
2013-08-12,35.5
2013-08-09,34.75
2013-08-08,33.18
2013-08-07,32.0
2013-08-06,31.31
2013-08-05,31.55
2013-08-02,31.25
2013-08-01,31.33
2013-07-31,31.02
2013-07-30,31.06
2013-07-29,31.84
2013-07-26,32.26
2013-07-25,32.26
2013-07-24,31.91
2013-07-23,32.02
2013-07-22,31.41
2013-07-19,30.93
2013-07-18,31.65
2013-07-17,31.84
2013-07-16,31.23
2013-07-15,30.13
2013-07-12,29.84
2013-07-11,30.48
2013-07-10,29.05
2013-07-08,28.38
2013-07-05,28.7
2013-07-04,29.47
2013-07-03,28.39
2013-07-02,28.5
2013-07-01,29.49
2013-06-28,28.91
2013-06-27,28.45
2013-06-26,28.45
2013-06-25,29.4
2013-06-24,28.89
2013-06-21,30.45
2013-06-20,30.95
2013-06-19,30.71
2013-06-18,31.03
2013-06-17,30.4
2013-06-14,30.08
2013-06-13,30.89
2013-06-12,29.39
2013-06-11,29.71
2013-06-10,30.46
2013-06-07,30.77
2013-06-06,31.28
2013-06-05,30.92
2013-06-04,32.0
2013-06-03,31.6
2013-05-31,30.45
2013-05-29,31.05
2013-05-28,31.3
2013-05-27,31.85
2013-05-24,31.7
2013-05-23,32.01
2013-05-22,32.62
2013-05-21,33.15
2013-05-20,32.89
2013-05-17,31.77
2013-05-16,31.35
2013-05-15,32.1
2013-05-14,32.79
2013-05-13,33.44
2013-05-10,34.24
2013-05-09,35.15
2013-05-08,34.96
2013-05-07,34.85
2013-05-06,33.83
2013-05-03,33.8
2013-05-02,33.49
2013-04-30,34.29
2013-04-29,33.6
2013-04-26,34.11
2013-04-25,34.11
2013-04-24,33.58
2013-04-23,33.4
2013-04-22,32.39
2013-04-19,32.1
2013-04-18,31.9
2013-04-17,32.46
2013-04-16,33.2
2013-04-15,32.46
2013-04-12,34.58
2013-04-11,34.14
2013-04-10,35.0
2013-04-09,36.19
2013-04-08,34.7
2013-04-05,34.56
2013-04-04,34.19
2013-04-03,35.35
2013-04-02,33.25
2013-04-01,34.0
2013-03-28,35.13
2013-03-27,35.13
2013-03-26,34.45
2013-03-25,34.25
2013-03-22,34.71
2013-03-21,34.64
2013-03-20,34.35
2013-03-19,33.58
2013-03-18,35.0
2013-03-15,34.73
2013-03-14,35.0
2013-03-13,34.86
2013-03-12,36.29
2013-03-11,36.67
2013-03-08,36.34
2013-03-07,37.38
2013-03-06,37.4
2013-03-05,35.45
2013-03-04,35.64
2013-03-01,36.75
2013-02-28,37.8
2013-02-27,37.0
2013-02-26,36.6
2013-02-25,35.88
2013-02-22,35.72
2013-02-21,36.7
2013-02-20,36.44
2013-02-19,37.65
2013-02-18,38.04
2013-02-15,38.3
2013-02-14,38.58
2013-02-13,39.11
2013-02-08,39.34
2013-02-07,39.03
2013-02-06,40.15
2013-02-05,39.7
2013-02-04,40.45
2013-02-01,40.85
2013-01-31,40.26
2013-01-30,38.75
2013-01-29,39.24
2013-01-28,38.79
2013-01-24,40.0
2013-01-23,40.85
2013-01-22,41.07
2013-01-21,40.58
2013-01-18,40.61
2013-01-17,40.98
2013-01-16,40.9
2013-01-15,41.16
2013-01-14,41.26
2013-01-11,41.27
2013-01-10,42.14
2013-01-09,41.7
2013-01-08,41.51
2013-01-07,41.84
2013-01-04,42.68
2013-01-03,43.35
2013-01-02,44.1
2012-12-28,42.28
2012-12-27,42.16
2012-12-26,42.17
2012-12-21,41.89
2012-12-20,42.25
2012-12-19,42.05
2012-12-18,42.82
2012-12-17,42.0
2012-12-14,41.2
2012-12-13,39.62
2012-12-12,39.4
2012-12-11,39.0
2012-12-10,38.15
2012-12-07,37.48
2012-12-06,37.05
2012-12-05,37.3
2012-12-04,36.7
2012-12-03,37.38
2012-11-30,37.6
2012-11-29,37.46
2012-11-28,35.87
2012-11-27,36.48
2012-11-26,36.61
2012-11-23,36.92
2012-11-22,36.29
2012-11-21,36.45
2012-11-19,35.95
2012-11-16,35.48
2012-11-14,36.59
2012-11-13,37.26
2012-11-12,37.0
2012-11-09,37.3
2012-11-08,36.98
2012-11-07,37.83
2012-11-06,38.23
2012-11-05,38.05
2012-11-01,38.39
2012-10-31,37.45
2012-10-30,37.45
2012-10-29,37.27
2012-10-26,37.03
2012-10-25,37.31
2012-10-24,35.32
2012-10-23,35.57
2012-10-22,36.6
2012-10-19,36.6
2012-10-18,37.4
2012-10-17,37.58
2012-10-16,38.11
2012-10-15,37.4
2012-10-11,37.4
2012-10-10,36.9
2012-10-09,37.3
2012-10-08,37.1
2012-10-05,35.91
2012-10-04,36.1
2012-10-03,35.7
2012-10-02,36.19
2012-10-01,36.33
2012-09-28,36.49
2012-09-27,36.88
2012-09-26,36.95
2012-09-25,36.82
2012-09-24,37.88
2012-09-21,37.8
2012-09-20,38.77
2012-09-19,39.1
2012-09-18,39.55
2012-09-17,39.19
2012-09-14,38.65
2012-09-13,38.23
2012-09-12,37.28
2012-09-11,36.8
2012-09-10,34.52
2012-09-06,34.52
2012-09-05,33.0
2012-09-04,32.45
2012-09-03,33.55
2012-08-31,33.78
2012-08-30,32.8
2012-08-29,32.91
2012-08-28,33.92
2012-08-27,34.0
2012-08-24,34.53
2012-08-23,34.7
2012-08-22,36.1
2012-08-21,36.09
2012-08-20,35.65
2012-08-17,35.65
2012-08-16,36.8
2012-08-15,36.3
2012-08-14,37.05
2012-08-13,38.61
2012-08-10,38.58
2012-08-09,38.3
2012-08-08,37.93
2012-08-07,37.64
2012-08-06,37.7
2012-08-03,37.3
2012-08-02,36.75
2012-08-01,37.39
2012-07-31,37.15
2012-07-30,37.52
2012-07-27,37.55
2012-07-26,36.09
2012-07-25,35.65
2012-07-24,35.84
2012-07-23,37.68
2012-07-20,38.59
2012-07-19,39.55
2012-07-18,39.5
2012-07-17,39.45
2012-07-16,39.6
2012-07-13,40.23
2012-07-12,39.39
2012-07-11,39.56
2012-07-10,39.6
2012-07-06,40.79
2012-07-05,41.77
2012-07-04,41.25
2012-07-03,41.0
2012-07-02,40.24
2012-06-29,40.13
2012-06-28,39.22
2012-06-27,39.69
2012-06-26,39.85
2012-06-25,38.95
2012-06-22,39.71
2012-06-21,39.8
2012-06-20,40.93
2012-06-19,40.81
2012-06-18,39.52
2012-06-15,39.52
2012-06-14,38.9
2012-06-13,38.8
2012-06-12,38.75
2012-06-11,37.86
2012-06-08,38.34
2012-06-06,37.96
2012-06-05,36.89
2012-06-04,36.92
2012-06-01,37.0
2012-05-31,37.59
2012-05-30,37.28
2012-05-29,37.5
2012-05-28,36.88
2012-05-25,36.55
2012-05-24,37.25
2012-05-23,37.68
2012-05-22,37.38
2012-05-21,37.85
2012-05-18,36.68
2012-05-17,35.83
2012-05-16,37.1
2012-05-15,38.16
2012-05-14,38.45
2012-05-11,39.1
2012-05-10,40.31
2012-05-09,40.3
2012-05-08,40.4
2012-05-07,41.5
2012-05-04,41.53
2012-05-03,42.76
2012-05-02,43.2
2012-04-30,42.6
2012-04-27,42.62
2012-04-26,42.9
2012-04-25,42.28
2012-04-24,42.9
2012-04-23,42.8
2012-04-20,43.08
2012-04-19,43.18
2012-04-18,43.5
2012-04-17,43.06
2012-04-16,42.16
2012-04-13,43.8
2012-04-12,43.86
2012-04-11,41.24
2012-04-10,41.24
2012-04-09,41.62
2012-04-05,42.06
2012-04-04,42.17
2012-04-03,43.02
2012-04-02,44.01
2012-03-30,42.9
2012-03-29,42.16
2012-03-28,41.6
2012-03-27,42.41
2012-03-26,42.11
2012-03-23,41.55
2012-03-22,41.57
2012-03-21,42.45
2012-03-20,42.61
2012-03-19,42.97
2012-03-16,42.97
2012-03-15,42.7
2012-03-14,42.3
2012-03-13,42.7
2012-03-12,40.62
2012-03-09,41.11
2012-03-08,41.15
2012-03-07,41.0
2012-03-06,41.06
2012-03-05,43.15
2012-03-02,44.45
2012-03-01,44.05
2012-02-29,43.55
2012-02-28,44.08
2012-02-27,43.62
2012-02-24,44.09
2012-02-23,43.86
2012-02-22,43.0
2012-02-17,42.93
2012-02-16,43.63
2012-02-15,43.47
2012-02-14,44.25
2012-02-13,45.45
2012-02-10,44.33
2012-02-09,45.1
2012-02-08,45.52
2012-02-07,45.84
2012-02-06,45.85
2012-02-03,45.87
2012-02-02,45.57
2012-02-01,45.6
2012-01-31,44.7
2012-01-30,43.49
2012-01-27,43.04
2012-01-26,42.79
2012-01-24,43.01
2012-01-23,42.61
2012-01-20,42.92
2012-01-19,42.98
2012-01-18,43.1
2012-01-17,40.71
2012-01-16,40.71
2012-01-13,40.45
2012-01-12,41.29
2012-01-11,41.71
2012-01-10,41.4
2012-01-09,41.45
2012-01-06,41.5
2012-01-05,41.86
2012-01-04,43.01
2012-01-03,42.72
2012-01-02,40.9
2011-12-29,39.45
2011-12-28,39.72
2011-12-27,40.9
2011-12-26,40.63
2011-12-23,40.95
2011-12-22,40.7
2011-12-21,40.13
2011-12-20,40.0
2011-12-19,38.59
2011-12-16,39.2
2011-12-15,39.2
2011-12-14,39.84
2011-12-13,40.48
2011-12-12,41.23
2011-12-09,41.23
2011-12-08,40.42
2011-12-07,41.27
2011-12-06,43.15
2011-12-05,43.2
2011-12-02,42.42
2011-12-01,41.9
2011-11-30,41.65
2011-11-29,41.3
2011-11-28,41.89
2011-11-25,41.48
2011-11-24,42.45
2011-11-23,42.4
2011-11-22,43.55
2011-11-21,43.94
2011-11-18,44.2
2011-11-17,44.35
2011-11-16,45.58
2011-11-14,45.2
2011-11-11,45.42
2011-11-10,44.96
2011-11-09,44.96
2011-11-08,45.71
2011-11-07,46.0
2011-11-04,45.6
2011-11-03,44.69
2011-11-01,43.3
2011-10-31,43.71
2011-10-28,44.6
2011-10-27,42.95
2011-10-26,42.95
2011-10-25,42.95
2011-10-24,42.95
2011-10-21,40.55
2011-10-20,39.65
2011-10-19,40.15
2011-10-18,41.55
2011-10-17,41.38
2011-10-14,44.02
2011-10-13,43.95
2011-10-11,43.12
2011-10-10,42.5
2011-10-07,41.21
2011-10-06,42.45
2011-10-05,41.85
2011-10-04,41.0
2011-10-03,41.37
2011-09-30,42.65
2011-09-29,43.71
2011-09-28,43.98
2011-09-27,44.22
2011-09-26,43.71
2011-09-23,44.3
2011-09-22,44.62
2011-09-21,47.12
2011-09-20,47.92
2011-09-19,47.44
2011-09-16,46.8
2011-09-15,46.56
2011-09-14,46.05
2011-09-13,45.5
2011-09-12,45.16
2011-09-09,44.9
2011-09-08,45.6
2011-09-06,44.62
2011-09-05,43.4
2011-09-02,44.41
2011-09-01,45.07
2011-08-31,44.8
2011-08-30,44.0
2011-08-29,43.9
2011-08-26,42.81
2011-08-25,42.1
2011-08-24,42.57
2011-08-23,42.3
2011-08-22,40.94
2011-08-19,41.0
2011-08-18,41.6
2011-08-17,43.8
2011-08-16,43.07
2011-08-15,43.37
2011-08-12,42.59
2011-08-11,43.7
2011-08-10,41.89
2011-08-09,41.85
2011-08-08,39.81
2011-08-05,44.0
2011-08-04,45.1
2011-08-03,47.86
2011-08-02,49.15
2011-08-01,50.2
2011-07-29,50.13
2011-07-28,51.15
2011-07-27,50.69
2011-07-26,51.08
2011-07-25,51.16
2011-07-22,51.17
2011-07-21,51.01
2011-07-20,50.86
2011-07-19,50.86
2011-07-18,50.75
2011-07-15,50.6
2011-07-14,50.63
2011-07-13,51.33
2011-07-12,50.7
2011-07-11,50.66
2011-07-08,51.1
2011-07-07,51.45
2011-07-06,51.13
2011-07-05,51.3
2011-07-04,52.35
2011-07-01,51.69
2011-06-30,49.49
2011-06-29,49.14
2011-06-28,49.11
2011-06-27,48.52
2011-06-24,48.88
2011-06-22,48.55
2011-06-21,48.39
2011-06-20,47.95
2011-06-17,47.22
2011-06-16,47.46
2011-06-15,48.0
2011-06-14,48.32
2011-06-13,48.08
2011-06-10,48.99
2011-06-09,49.54
2011-06-08,49.0
2011-06-07,48.96
2011-06-06,49.05
2011-06-03,49.43
2011-06-02,49.85
2011-06-01,49.77
2011-05-31,50.25
2011-05-30,50.14
2011-05-27,50.35
2011-05-26,50.05
2011-05-25,49.28
2011-05-24,49.16
2011-05-23,48.7
2011-05-20,48.75
2011-05-19,48.54
2011-05-18,48.11
2011-05-17,47.96
2011-05-16,47.66
2011-05-13,47.66
2011-05-12,48.45
2011-05-11,48.36
2011-05-10,50.08
2011-05-09,50.08
2011-05-06,49.75
2011-05-05,49.74
2011-05-04,49.12
2011-05-03,50.05
2011-05-02,51.22
2011-04-29,51.79
2011-04-28,51.5
2011-04-27,51.9
2011-04-26,52.58
2011-04-25,52.54
2011-04-20,52.03
2011-04-19,51.1
2011-04-18,50.64
2011-04-15,51.15
2011-04-14,51.28
2011-04-13,51.25
2011-04-12,52.0
2011-04-11,53.07
2011-04-08,53.0
2011-04-07,53.11
2011-04-06,53.55
2011-04-05,54.4
2011-04-04,54.15
2011-04-01,53.35
2011-03-31,53.35
2011-03-30,52.9
2011-03-29,53.59
2011-03-28,52.51
2011-03-25,52.8
2011-03-24,52.17
2011-03-23,53.49
2011-03-22,52.7
2011-03-21,53.2
2011-03-18,52.88
2011-03-17,52.19
2011-03-16,50.75
2011-03-15,52.05
2011-03-14,53.0
2011-03-11,52.82
2011-03-10,52.1
2011-03-09,55.65
2011-03-04,55.65
2011-03-03,56.6
2011-03-02,56.18
2011-03-01,55.24
2011-02-28,56.3
2011-02-25,55.7
2011-02-24,56.0
2011-02-23,56.0
2011-02-22,54.98
2011-02-21,56.1
2011-02-18,57.4
2011-02-17,57.99
2011-02-16,57.91
2011-02-15,57.36
2011-02-14,57.55
2011-02-11,56.45
2011-02-10,55.31
2011-02-09,54.6
2011-02-08,56.43
2011-02-07,56.76
2011-02-04,56.34
2011-02-03,57.3
2011-02-02,57.4
2011-02-01,58.75
2011-01-31,57.08
2011-01-28,57.07
2011-01-27,58.76
2011-01-26,59.35
2011-01-24,59.4
2011-01-21,59.0
2011-01-20,58.6
2011-01-19,59.6
2011-01-18,60.92
2011-01-17,60.17
2011-01-14,59.96
2011-01-13,59.7
2011-01-12,60.12
2011-01-11,58.5
2011-01-10,57.89
2011-01-07,58.0
2011-01-06,58.44
2011-01-05,59.2
2011-01-04,58.15
2011-01-03,56.97
2010-12-30,55.33
2010-12-29,55.12
2010-12-28,54.74
2010-12-27,55.23
2010-12-23,56.85
2010-12-22,57.03
2010-12-21,57.19
2010-12-20,56.5
2010-12-17,56.9
2010-12-16,56.75
2010-12-15,56.8
2010-12-14,57.68
2010-12-13,58.19
2010-12-10,56.77
2010-12-09,56.07
2010-12-08,55.46
2010-12-07,56.72
2010-12-06,56.85
2010-12-03,56.6
2010-12-02,55.9
2010-12-01,55.3
2010-11-30,53.56
2010-11-29,54.21
2010-11-26,54.09
2010-11-25,54.92
2010-11-24,55.27
2010-11-23,53.9
2010-11-22,55.3
2010-11-19,55.45
2010-11-18,55.24
2010-11-17,53.81
2010-11-16,53.89
2010-11-12,55.0
2010-11-11,56.04
2010-11-10,55.8
2010-11-09,55.9
2010-11-08,56.1
2010-11-05,55.7
2010-11-04,55.59
2010-11-03,54.2
2010-11-01,54.8
2010-10-29,53.6
2010-10-28,53.6
2010-10-27,54.65
2010-10-26,55.2
2010-10-25,54.4
2010-10-22,53.95
2010-10-21,53.9
2010-10-20,54.78
2010-10-19,53.2
2010-10-18,54.5
2010-10-15,53.35
2010-10-14,53.75
2010-10-13,53.55
2010-10-11,53.6
2010-10-08,53.3
2010-10-07,53.48
2010-10-06,53.67
2010-10-05,53.51
2010-10-04,52.84
2010-10-01,52.8
2010-09-30,52.3
2010-09-29,52.19
2010-09-28,52.16
2010-09-27,51.76
2010-09-24,50.83
2010-09-23,49.14
2010-09-22,49.3
2010-09-21,48.25
2010-09-20,48.1
2010-09-17,47.13
2010-09-16,47.77
2010-09-15,48.08
2010-09-14,47.8
2010-09-13,48.2
2010-09-10,46.86
2010-09-09,47.3
2010-09-08,47.19
2010-09-06,48.0
2010-09-03,48.4
2010-09-02,48.58
2010-09-01,49.19
2010-08-31,46.88
2010-08-30,46.13
2010-08-27,47.45
2010-08-26,45.86
2010-08-25,46.38
2010-08-24,46.8
2010-08-23,47.83
2010-08-20,49.24
2010-08-19,49.85
2010-08-18,50.35
2010-08-17,50.01
2010-08-16,49.44
2010-08-13,48.8
2010-08-12,48.72
2010-08-11,48.31
2010-08-10,50.0
2010-08-09,50.71
2010-08-06,50.58
2010-08-05,50.65
2010-08-04,50.43
2010-08-03,50.47
2010-08-02,50.53
2010-07-30,48.55
2010-07-29,48.4
2010-07-28,48.85
2010-07-27,48.0
2010-07-26,48.19
2010-07-23,48.17
2010-07-22,47.8
2010-07-21,46.81
2010-07-20,46.54
2010-07-19,44.05
2010-07-16,42.85
2010-07-15,43.82
2010-07-14,44.17
2010-07-13,44.16
2010-07-12,43.77
2010-07-08,44.74
2010-07-07,44.59
2010-07-06,43.54
2010-07-05,43.0
2010-07-02,43.62
2010-07-01,43.84
2010-06-30,43.65
2010-06-29,44.9
2010-06-28,47.18
2010-06-25,48.08
2010-06-24,47.5
2010-06-23,48.59
2010-06-22,48.0
2010-06-21,48.47
2010-06-18,46.92
2010-06-17,47.45
2010-06-16,48.3
2010-06-15,48.91
2010-06-14,48.22
2010-06-11,48.19
2010-06-10,47.61
2010-06-09,46.76
2010-06-08,46.59
2010-06-07,46.1
2010-06-04,47.59
2010-06-02,49.95
2010-06-01,48.92
2010-05-31,50.0
2010-05-28,48.95
2010-05-27,49.4
2010-05-26,46.47
2010-05-25,46.72
2010-05-24,46.31
2010-05-21,46.8
2010-05-20,43.85
2010-05-19,45.5
2010-05-18,46.4
2010-05-17,48.14
2010-05-14,48.9
2010-05-13,50.39
2010-05-12,51.13
2010-05-11,51.31
2010-05-10,51.81
2010-05-07,49.7
2010-05-06,49.87
2010-05-05,50.59
2010-05-04,49.36
2010-05-03,51.7
2010-04-30,53.1
2010-04-29,54.4
2010-04-28,52.95
2010-04-27,53.31
2010-04-26,56.17
2010-04-23,56.4
2010-04-22,56.9
2010-04-20,56.7
2010-04-19,57.5
2010-04-16,58.53
2010-04-15,59.35
2010-04-14,59.85
2010-04-13,59.35
2010-04-12,58.88
2010-04-09,59.29
2010-04-08,59.2
2010-04-07,58.07
2010-04-06,57.49
2010-04-05,57.57
2010-04-01,57.73
2010-03-31,57.15
2010-03-30,57.45
2010-03-29,57.05
2010-03-26,55.8
2010-03-25,55.3
2010-03-24,55.7
2010-03-23,55.8
2010-03-22,53.89
2010-03-19,53.17
2010-03-18,53.75
2010-03-17,54.28
2010-03-16,54.22
2010-03-15,52.9
2010-03-12,52.6
2010-03-11,52.9
2010-03-10,53.6
2010-03-09,54.3
2010-03-08,53.9
2010-03-05,54.3
2010-03-04,52.6
2010-03-03,51.88
2010-03-02,51.99
2010-03-01,50.97
2010-02-26,50.45
2010-02-25,50.7
2010-02-24,50.4
2010-02-23,50.22
2010-02-22,51.0
2010-02-19,52.0
2010-02-18,52.17
2010-02-17,51.3
2010-02-12,49.35
2010-02-11,49.69
2010-02-10,48.55
2010-02-09,48.5
2010-02-08,47.5
2010-02-05,47.16
2010-02-04,47.56
2010-02-03,50.28
2010-02-02,50.39
2010-02-01,50.39
2010-01-29,48.91
2010-01-28,48.78
2010-01-27,48.81
2010-01-26,49.49
2010-01-22,50.51
2010-01-21,51.6
2010-01-20,53.45
2010-01-19,54.95
2010-01-18,54.2
2010-01-15,53.45
2010-01-14,54.15
2010-01-13,54.16
2010-01-12,53.5
2010-01-11,53.65
2010-01-08,53.81
2010-01-07,53.29
2010-01-06,53.07
2010-01-05,51.97
2010-01-04,51.49
2009-12-30,49.66
2009-12-29,49.66
2009-12-28,49.8
2009-12-24,49.71
2009-12-23,49.71
2009-12-22,49.05
2009-12-21,48.14
2009-12-18,48.3
2009-12-17,48.41
2009-12-16,49.96
2009-12-15,50.22
2009-12-14,50.28
2009-12-11,49.4
2009-12-10,49.0
2009-12-09,48.2
2009-12-08,47.7
2009-12-07,48.13
2009-12-04,48.05
2009-12-03,48.95
2009-12-02,49.5
2009-12-01,49.9
2009-11-30,49.02
2009-11-27,49.6
2009-11-26,48.8
2009-11-25,50.3
2009-11-24,49.47
2009-11-23,49.19
2009-11-19,48.67
2009-11-18,48.56
2009-11-17,49.41
2009-11-16,48.77
2009-11-13,46.9
2009-11-12,46.1
2009-11-11,47.83
2009-11-10,47.92
2009-11-09,48.45
2009-11-06,46.84
2009-11-05,47.14
2009-11-04,46.94
2009-11-03,46.5
2009-10-30,44.8
2009-10-29,46.5
2009-10-28,42.71
2009-10-27,44.65
2009-10-26,46.4
2009-10-23,46.11
2009-10-22,46.92
2009-10-21,46.11
2009-10-20,45.77
2009-10-19,46.61
2009-10-16,45.25
2009-10-15,45.79
2009-10-14,45.3
2009-10-13,43.3
2009-10-09,43.72
2009-10-08,43.5
2009-10-07,42.89
2009-10-06,41.88
2009-10-05,41.5
2009-10-02,40.96
2009-10-01,40.05
2009-09-30,41.19
2009-09-29,41.0
2009-09-28,41.37
2009-09-25,40.69
2009-09-24,40.64
2009-09-23,41.36
2009-09-22,41.77
2009-09-21,40.68
2009-09-18,39.99
2009-09-17,39.75
2009-09-16,40.25
2009-09-15,39.48
2009-09-14,38.9
2009-09-11,38.4
2009-09-10,38.85
2009-09-09,38.15
2009-09-08,38.3
2009-09-04,37.1
2009-09-03,36.48
2009-09-02,36.01
2009-09-01,36.56
2009-08-31,36.68
2009-08-28,37.89
2009-08-27,37.35
2009-08-26,37.58
2009-08-25,37.68
2009-08-24,37.95
2009-08-21,37.5
2009-08-20,36.97
2009-08-19,36.68
2009-08-18,36.7
2009-08-17,36.9
2009-08-14,38.5
2009-08-13,38.19
2009-08-12,37.23
2009-08-11,36.89
2009-08-10,37.85
2009-08-07,37.95
2009-08-06,37.55
2009-08-05,38.08
2009-08-04,38.02
2009-08-03,38.08
2009-07-31,37.05
2009-07-30,36.6
2009-07-29,36.15
2009-07-28,36.94
2009-07-27,37.05
2009-07-24,36.8
2009-07-23,36.5
2009-07-22,35.75
2009-07-21,36.49
2009-07-20,36.08
2009-07-17,34.75
2009-07-16,34.78
2009-07-15,34.72
2009-07-14,32.22
2009-07-13,32.5
2009-07-10,32.5
2009-07-09,32.56
2009-07-08,32.56
2009-07-07,31.89
2009-07-06,33.57
2009-07-03,34.18
2009-07-02,34.35
2009-07-01,34.63
2009-06-30,34.5
2009-06-29,34.91
2009-06-26,34.6
2009-06-25,35.2
2009-06-24,34.06
2009-06-23,34.85
2009-06-22,34.57
2009-06-19,36.55
2009-06-18,36.59
2009-06-17,36.81
2009-06-16,37.1
2009-06-15,37.76
2009-06-12,38.52
2009-06-10,38.75
2009-06-09,38.41
2009-06-08,38.4
2009-06-05,38.18
2009-06-04,37.78
2009-06-03,36.94
2009-06-02,38.54
2009-06-01,39.9
2009-05-29,38.02
2009-05-28,38.78
2009-05-27,37.85
2009-05-26,38.88
2009-05-25,38.09
2009-05-22,37.75
2009-05-21,37.82
2009-05-20,39.42
2009-05-19,39.3
2009-05-18,39.0
2009-05-15,36.6
2009-05-14,36.84
2009-05-13,36.6
2009-05-12,38.12
2009-05-11,39.17
2009-05-08,39.05
2009-05-07,38.5
2009-05-06,40.0
2009-05-05,39.7
2009-05-04,40.0
2009-04-30,36.08
2009-04-29,35.01
2009-04-28,34.3
2009-04-27,34.91
2009-04-24,35.91
2009-04-23,35.25
2009-04-22,34.28
2009-04-20,33.88
2009-04-17,35.3
2009-04-16,35.59
2009-04-15,35.89
2009-04-14,35.63
2009-04-13,35.6
2009-04-09,34.7
2009-04-08,32.6
2009-04-07,32.34
2009-04-06,33.06
2009-04-03,33.95
2009-04-02,33.57
2009-04-01,31.5
2009-03-31,31.0
2009-03-30,30.43
2009-03-27,32.25
2009-03-26,33.09
2009-03-25,32.2
2009-03-24,32.11
2009-03-23,33.32
2009-03-20,31.35
2009-03-19,31.8
2009-03-18,31.14
2009-03-17,31.45
2009-03-16,30.68
2009-03-13,30.82
2009-03-12,31.66
2009-03-11,32.22
2009-03-10,31.9
2009-03-09,29.7
2009-03-06,30.4
2009-03-05,31.22
2009-03-04,32.69
2009-03-03,29.68
2009-03-02,29.12
2009-02-27,30.87
2009-02-26,30.5
2009-02-25,30.5
2009-02-20,32.23
2009-02-19,35.02
2009-02-18,34.8
2009-02-17,34.11
2009-02-16,36.51
2009-02-13,36.39
2009-02-12,34.81
2009-02-11,35.48
2009-02-10,36.5
2009-02-09,37.6
2009-02-06,38.75
2009-02-05,36.95
2009-02-04,35.41
2009-02-03,33.91
2009-02-02,32.31
2009-01-30,32.5
2009-01-29,33.03
2009-01-28,33.94
2009-01-27,32.11
2009-01-26,30.82
2009-01-23,30.25
2009-01-22,29.23
2009-01-21,29.19
2009-01-20,28.36
2009-01-19,29.67
2009-01-16,30.0
2009-01-15,29.45
2009-01-14,28.7
2009-01-13,30.1
2009-01-12,29.31
2009-01-09,31.85
2009-01-08,32.38
2009-01-07,31.0
2009-01-06,33.05
2009-01-05,32.16
2009-01-02,30.5
2008-12-30,27.69
2008-12-29,27.04
2008-12-26,27.1
2008-12-23,25.86
2008-12-22,26.88
2008-12-19,28.69
2008-12-18,28.81
2008-12-17,30.3
2008-12-16,29.9
2008-12-15,28.39
2008-12-12,28.21
2008-12-11,28.11
2008-12-10,28.71
2008-12-09,26.87
2008-12-08,26.5
2008-12-05,23.55
2008-12-04,24.09
2008-12-03,24.87
2008-12-02,24.55
2008-12-01,25.5
2008-11-28,27.53
2008-11-27,27.05
2008-11-26,27.59
2008-11-25,26.81
2008-11-24,26.11
2008-11-21,22.8
2008-11-19,25.0
2008-11-18,25.55
2008-11-17,26.7
2008-11-14,27.05
2008-11-13,27.29
2008-11-12,26.41
2008-11-11,28.25
2008-11-10,27.9
2008-11-07,26.65
2008-11-06,27.5
2008-11-05,28.4
2008-11-04,31.04
2008-11-03,29.0
2008-10-31,28.39
2008-10-30,27.79
2008-10-29,25.94
2008-10-28,25.16
2008-10-27,22.1
2008-10-24,24.39
2008-10-23,25.65
2008-10-22,27.2
2008-10-21,28.84
2008-10-20,28.55
2008-10-17,25.2
2008-10-16,25.0
2008-10-15,25.64
2008-10-14,31.49
2008-10-13,32.0
2008-10-10,28.3
2008-10-09,27.94
2008-10-08,29.0
2008-10-07,29.02
2008-10-06,30.25
2008-10-03,32.74
2008-10-02,32.55
2008-10-01,36.39
2008-09-30,36.55
2008-09-29,33.8
2008-09-26,38.5
2008-09-25,40.88
2008-09-24,39.5
2008-09-23,38.83
2008-09-22,41.9
2008-09-19,43.1
2008-09-18,39.8
2008-09-17,37.1
2008-09-16,39.9
2008-09-15,38.9
2008-09-12,42.66
2008-09-11,41.6
2008-09-10,39.55
2008-09-09,37.36
2008-09-08,39.31
2008-09-05,40.79
2008-09-04,40.34
2008-09-03,41.6
2008-09-02,41.8
2008-09-01,42.79
2008-08-29,43.47
2008-08-28,43.8
2008-08-27,43.58
2008-08-26,42.2
2008-08-25,42.16
2008-08-22,43.48
2008-08-21,44.2
2008-08-20,43.36
2008-08-19,41.1
2008-08-18,40.48
2008-08-15,41.4
2008-08-14,42.2
2008-08-13,41.75
2008-08-12,39.92
2008-08-11,40.15
2008-08-08,41.69
2008-08-07,42.4
2008-08-06,42.2
2008-08-05,41.63
2008-08-04,41.19
2008-08-01,44.39
2008-07-31,47.34
2008-07-30,48.1
2008-07-29,45.05
2008-07-28,43.99
2008-07-25,43.5
2008-07-24,43.73
2008-07-23,45.87
2008-07-22,45.91
2008-07-21,47.7
2008-07-18,46.01
2008-07-17,46.54
2008-07-16,49.2
2008-07-15,49.91
2008-07-14,51.0
2008-07-11,50.17
2008-07-10,51.0
2008-07-08,51.0
2008-07-07,51.56
2008-07-04,51.5
2008-07-03,50.95
2008-07-02,52.19
2008-07-01,55.01
2008-06-30,57.4
2008-06-27,56.23
2008-06-26,56.6
2008-06-25,58.68
2008-06-24,57.49
2008-06-23,56.48
2008-06-20,55.44
2008-06-19,58.05
2008-06-18,58.17
2008-06-17,58.48
2008-06-16,56.8
2008-06-13,56.76
2008-06-12,58.15
2008-06-11,56.59
2008-06-10,58.4
2008-06-09,59.7
2008-06-06,61.79
2008-06-05,63.44
2008-06-04,60.74
2008-06-03,62.96
2008-06-02,65.29
2008-05-30,65.51
2008-05-29,64.45
2008-05-28,67.66
2008-05-27,66.19
2008-05-26,67.5
2008-05-23,68.25
2008-05-21,69.2
2008-05-20,71.5
2008-05-19,71.5
2008-05-16,72.09
2008-05-15,69.6
2008-05-14,67.26
2008-05-13,67.5
2008-05-12,67.31
2008-05-09,66.41
2008-05-08,66.74
2008-05-07,65.95
2008-05-06,67.82
2008-05-05,66.6
2008-05-02,65.4
2008-04-30,65.64
2008-04-29,62.3
2008-04-28,63.86
2008-04-25,63.0
2008-04-24,62.25
2008-04-23,64.8
2008-04-22,65.26
2008-04-18,63.2
2008-04-17,62.65
2008-04-16,62.61
2008-04-15,60.77
2008-04-14,59.32
2008-04-11,60.11
2008-04-10,61.21
2008-04-09,61.6
2008-04-08,62.7
2008-04-07,62.41
2008-04-04,62.51
2008-04-03,61.87
2008-04-02,61.1
2008-04-01,61.75
2008-03-31,60.5
2008-03-28,59.8
2008-03-27,59.75
2008-03-26,59.51
2008-03-25,57.02
2008-03-24,55.45
2008-03-20,52.73
2008-03-19,53.16
2008-03-18,57.08
2008-03-17,55.33
2008-03-14,58.9
2008-03-13,57.6
2008-03-12,57.3
2008-03-11,56.74
2008-03-10,54.5
2008-03-07,56.02
2008-03-06,57.23
2008-03-05,58.77
2008-03-04,57.06
2008-03-03,58.3
2008-02-29,58.66
2008-02-28,62.5
2008-02-27,60.51
2008-02-26,60.7
2008-02-25,60.7
2008-02-22,60.7
2008-02-21,59.8
2008-02-20,60.0
2008-02-19,57.91
2008-02-18,57.59
2008-02-15,55.22
2008-02-14,56.31
2008-02-13,56.79
2008-02-12,55.91
2008-02-11,55.5
2008-02-08,53.5
2008-02-07,52.4
2008-02-06,53.11
2008-02-01,54.9
2008-01-31,51.83
2008-01-30,52.39
2008-01-29,51.08
2008-01-28,50.25
2008-01-24,50.12
2008-01-23,45.0
2008-01-22,47.6
2008-01-21,46.22
2008-01-18,51.59
2008-01-17,51.05
2008-01-16,51.41
2008-01-15,53.9
2008-01-14,56.0
2008-01-11,56.1
2008-01-10,56.81
2008-01-09,55.6
2008-01-08,56.2
2008-01-07,55.1
2008-01-04,56.1
2008-01-03,58.2
2008-01-02,57.9
2007-12-28,59.31
2007-12-27,59.6
2007-12-26,60.89
2007-12-21,59.81
2007-12-20,59.14
2007-12-19,58.23
2007-12-18,57.4
2007-12-17,56.65
2007-12-14,58.7
2007-12-13,58.65
2007-12-12,61.05
2007-12-11,61.85
2007-12-10,63.5
2007-12-07,63.5
2007-12-06,64.55
2007-12-05,63.3
2007-12-04,62.31
2007-12-03,62.2
2007-11-30,62.7
2007-11-29,61.35
2007-11-28,60.34
2007-11-27,56.8
2007-11-26,57.5
2007-11-23,58.55
2007-11-22,58.5
2007-11-21,57.55
2007-11-19,59.5
2007-11-16,62.0
2007-11-14,63.4
2007-11-13,60.9
2007-11-12,60.29
2007-11-09,63.7
2007-11-08,63.1
2007-11-07,63.57
2007-11-06,64.61
2007-11-05,61.61
2007-11-01,64.09
2007-10-31,65.0
2007-10-30,63.94
2007-10-29,65.6
2007-10-26,62.93
2007-10-25,59.8
2007-10-24,59.0
2007-10-23,60.85
2007-10-22,59.03
2007-10-19,59.63
2007-10-18,63.6
2007-10-17,63.0
2007-10-16,62.01
2007-10-15,63.6
2007-10-11,61.6
2007-10-10,61.4
2007-10-09,62.17
2007-10-08,60.65
2007-10-05,60.54
2007-10-04,58.2
2007-10-03,60.1
2007-10-02,65.0
2007-10-01,65.6
2007-09-28,61.95
2007-09-27,63.14
2007-09-26,60.62
2007-09-25,59.55
2007-09-24,59.3
2007-09-21,56.7
2007-09-20,56.3
2007-09-19,55.84
2007-09-18,55.19
2007-09-17,51.85
2007-09-14,51.31
2007-09-13,52.55
2007-09-12,50.74
2007-09-11,50.39
2007-09-10,49.0
2007-09-06,50.51
2007-09-05,48.85
2007-09-04,50.0
2007-09-03,48.96
2007-08-31,96.98
2007-08-30,94.2
2007-08-29,93.8
2007-08-28,90.5
2007-08-27,95.0
2007-08-24,92.67
2007-08-23,89.9
2007-08-22,88.25
2007-08-21,83.05
2007-08-20,81.17
2007-08-17,80.8
2007-08-16,79.49
2007-08-15,80.49
2007-08-14,83.99
2007-08-13,87.85
2007-08-10,87.33
2007-08-09,89.9
2007-08-08,92.52
2007-08-07,90.49
2007-08-06,88.55
2007-08-03,88.5
2007-08-02,92.55
2007-08-01,91.5
2007-07-31,92.8
2007-07-30,91.62
2007-07-27,88.98
2007-07-26,91.0
2007-07-25,93.6
2007-07-24,95.0
2007-07-23,97.4
2007-07-20,95.0
2007-07-19,96.25
2007-07-18,95.0
2007-07-17,95.24
2007-07-16,95.25
2007-07-13,96.75
2007-07-12,97.81
2007-07-11,93.39
2007-07-10,91.25
2007-07-06,91.79
2007-07-05,90.75
2007-07-04,89.8
2007-07-03,88.79
2007-07-02,88.55
2007-06-29,86.18
2007-06-28,84.4
2007-06-27,86.44
2007-06-26,85.0
2007-06-25,87.0
2007-06-22,87.8
2007-06-21,88.1
2007-06-20,86.95
2007-06-19,87.49
2007-06-18,90.9
2007-06-15,89.51
2007-06-14,88.15
2007-06-13,87.15
2007-06-12,84.86
2007-06-11,87.59
2007-06-08,86.95
2007-06-06,88.1
2007-06-05,90.36
2007-06-04,90.3
2007-06-01,89.65
2007-05-31,87.02
2007-05-30,86.01
2007-05-29,84.5
2007-05-28,85.79
2007-05-25,84.8
2007-05-24,83.0
2007-05-23,85.8
2007-05-22,87.1
2007-05-21,87.67
2007-05-18,88.6
2007-05-17,87.6
2007-05-16,88.7
2007-05-15,87.3
2007-05-14,87.55
2007-05-11,89.7
2007-05-10,88.35
2007-05-09,90.41
2007-05-08,86.65
2007-05-07,87.7
2007-05-04,89.44
2007-05-03,86.8
2007-05-02,84.46
2007-04-30,84.0
2007-04-27,83.84
2007-04-26,83.8
2007-04-25,85.55
2007-04-24,85.3
2007-04-23,85.45
2007-04-20,85.0
2007-04-19,83.49
2007-04-18,84.5
2007-04-17,85.9
2007-04-16,85.44
2007-04-13,83.08
2007-04-12,83.0
2007-04-11,82.0
2007-04-10,81.5
2007-04-09,80.9
2007-04-05,80.9
2007-04-04,80.5
2007-04-03,78.95
2007-04-02,76.46
2007-03-30,76.3
2007-03-29,75.3
2007-03-28,74.11
2007-03-27,76.01
2007-03-26,77.0
2007-03-23,75.85
2007-03-22,75.86
2007-03-21,76.3
2007-03-20,75.56
2007-03-19,75.9
2007-03-16,73.9
2007-03-15,74.85
2007-03-14,73.3
2007-03-13,71.71
2007-03-12,74.39
2007-03-09,73.4
2007-03-08,72.52
2007-03-07,72.3
2007-03-06,72.4
2007-03-05,67.51
2007-03-02,69.45
2007-03-01,70.76
2007-02-28,72.51
2007-02-27,70.34
2007-02-26,76.7
2007-02-23,76.64
2007-02-22,76.89
2007-02-21,76.4
2007-02-16,75.3
2007-02-15,75.65
2007-02-14,75.1
2007-02-13,73.1
2007-02-12,69.65
2007-02-09,70.0
2007-02-08,71.18
2007-02-07,70.8
2007-02-06,72.6
2007-02-05,70.85
2007-02-02,71.2
2007-02-01,71.35
2007-01-31,71.1
2007-01-30,69.55
2007-01-29,69.5
2007-01-26,70.4
2007-01-24,71.34
2007-01-23,68.95
2007-01-22,65.63
2007-01-19,64.72
2007-01-18,62.75
2007-01-17,63.1
2007-01-16,62.8
2007-01-15,63.6
2007-01-12,63.6
2007-01-11,61.88
2007-01-10,61.5
2007-01-09,59.25
2007-01-08,60.8
2007-01-05,58.6
2007-01-04,61.2
2007-01-03,62.2
2007-01-02,65.4
2006-12-28,63.7
2006-12-27,64.3
2006-12-26,62.81
2006-12-22,62.7
2006-12-21,62.6
2006-12-20,62.89
2006-12-19,63.2
2006-12-18,63.1
2006-12-15,63.9
2006-12-14,64.2
2006-12-13,62.45
2006-12-12,62.5
2006-12-11,63.1
2006-12-08,62.2
2006-12-07,62.69
2006-12-06,63.3
2006-12-05,63.45
2006-12-04,61.59
2006-12-01,58.7
2006-11-30,59.72
2006-11-29,60.0
2006-11-28,58.11
2006-11-27,58.5
2006-11-24,58.9
2006-11-23,58.85
2006-11-22,58.8
2006-11-21,58.19
2006-11-20,56.99
2006-11-17,56.99
2006-11-16,56.8
2006-11-15,56.95
2006-11-14,56.95
2006-11-13,56.8
2006-11-10,58.0
2006-11-09,59.0
2006-11-08,57.3
2006-11-07,57.36
2006-11-06,57.99
2006-11-03,56.4
2006-11-02,55.7
2006-11-01,55.7
2006-10-31,54.15
2006-10-30,53.7
2006-10-27,54.5
2006-10-26,54.8
2006-10-25,55.0
2006-10-24,54.4
2006-10-23,51.99
2006-10-20,51.44
2006-10-19,52.05
2006-10-18,51.21
2006-10-17,50.99
2006-10-16,51.99
2006-10-13,50.75
2006-10-12,50.3
2006-10-11,50.3
2006-10-10,49.77
2006-10-09,49.01
2006-10-06,48.11
2006-10-05,48.38
2006-10-04,47.35
2006-10-03,45.6
2006-10-02,47.44
2006-09-29,46.85
2006-09-28,46.49
2006-09-27,46.15
2006-09-26,45.35
2006-09-25,43.72
2006-09-22,44.05
2006-09-21,44.79
2006-09-20,43.9
2006-09-19,44.67
2006-09-18,45.2
2006-09-15,45.0
2006-09-14,45.1
2006-09-13,45.4
2006-09-12,44.52
2006-09-11,44.9
2006-09-08,46.61
2006-09-07,47.3
2006-09-06,47.3
2006-09-05,48.3
2006-09-04,48.24
2006-09-01,47.79
2006-08-31,46.0
2006-08-30,46.15
2006-08-29,45.85
2006-08-28,46.1
2006-08-25,45.34
2006-08-24,45.05
2006-08-23,44.97
2006-08-22,46.4
2006-08-21,47.37
2006-08-18,48.35
2006-08-17,48.78
2006-08-16,47.94
2006-08-15,46.7
2006-08-14,47.55
2006-08-11,48.4
2006-08-10,49.3
2006-08-09,50.0
2006-08-08,51.2
2006-08-07,51.7
2006-08-04,52.6
2006-08-03,51.8
2006-08-02,51.0
2006-08-01,50.4
2006-07-31,50.55
2006-07-28,51.5
2006-07-27,50.12
2006-07-26,49.5
2006-07-25,49.9
2006-07-24,48.14
2006-07-21,47.55
2006-07-20,48.66
2006-07-19,50.9
2006-07-18,47.65
2006-07-17,47.85
2006-07-14,49.5
2006-07-13,49.46
2006-07-12,50.37
2006-07-11,51.15
2006-07-10,51.12
2006-07-07,51.25
2006-07-06,51.35
2006-07-05,51.61
2006-07-04,53.4
2006-07-03,53.6
2006-06-30,52.28
2006-06-29,51.4
2006-06-28,49.35
2006-06-27,48.61
2006-06-26,49.5
2006-06-23,49.2
2006-06-22,49.31
2006-06-21,49.71
2006-06-20,47.0
2006-06-19,47.5
2006-06-16,48.79
2006-06-15,47.01
2006-06-14,47.01
2006-06-13,45.5
2006-06-12,47.2
2006-06-09,48.89
2006-06-08,48.35
2006-06-07,48.05
2006-06-06,50.5
2006-06-05,52.19
2006-06-02,53.86
2006-06-01,53.1
2006-05-31,52.7
2006-05-30,53.51
2006-05-29,55.0
2006-05-26,55.62
2006-05-25,54.5
2006-05-24,52.5
2006-05-23,51.66
2006-05-22,52.0
2006-05-19,105.81
2006-05-18,104.4
2006-05-17,107.5
2006-05-16,108.7
2006-05-15,112.0
2006-05-12,115.98
2006-05-11,117.21
2006-05-10,119.09
2006-05-09,119.99
2006-05-08,117.1
2006-05-05,115.2
2006-05-04,113.64
2006-05-03,111.55
2006-05-02,112.0
2006-05-01,107.02
2006-04-28,107.02
2006-04-27,106.0
2006-04-26,110.8
2006-04-25,108.75
2006-04-24,108.62
2006-04-21,105.45
2006-04-20,105.45
2006-04-19,106.0
2006-04-18,106.66
2006-04-17,104.01
2006-04-14,102.8
2006-04-13,102.8
2006-04-12,102.75
2006-04-11,102.49
2006-04-10,104.4
2006-04-07,105.29
2006-04-06,106.0
2006-04-05,105.5
2006-04-04,104.94
2006-04-03,106.0
2006-03-31,105.6
2006-03-30,105.9
2006-03-29,102.8
2006-03-28,100.5
2006-03-27,99.8
2006-03-24,97.5
2006-03-23,95.84
2006-03-22,95.8
2006-03-21,95.51
2006-03-20,96.6
2006-03-17,95.5
2006-03-16,95.19
2006-03-15,95.49
2006-03-14,93.58
2006-03-13,92.8
2006-03-10,92.03
2006-03-09,91.38
2006-03-08,94.2
2006-03-07,96.19
2006-03-06,99.7
2006-03-03,100.89
2006-03-02,100.75
2006-03-01,102.1
2006-02-28,103.9
2006-02-27,103.9
2006-02-24,103.9
2006-02-23,103.1
2006-02-22,102.0
2006-02-21,100.92
2006-02-20,99.0
2006-02-17,100.3
2006-02-16,101.8
2006-02-15,101.9
2006-02-14,99.85
2006-02-13,98.06
2006-02-10,100.7
2006-02-09,103.95
2006-02-08,102.7
2006-02-07,103.81
2006-02-06,107.25
2006-02-03,107.7
2006-02-02,109.3
2006-02-01,112.7
2006-01-31,113.19
2006-01-30,110.9
2006-01-27,110.5
2006-01-26,110.39
2006-01-25,109.1
2006-01-24,109.1
2006-01-23,105.61
2006-01-20,107.15
2006-01-19,110.02
2006-01-18,106.7
2006-01-17,108.01
2006-01-16,109.3
2006-01-13,107.21
2006-01-12,107.5
2006-01-11,105.4
2006-01-10,101.5
2006-01-09,102.0
2006-01-06,102.21
2006-01-05,101.0
2006-01-04,101.15
2006-01-03,99.6
2006-01-02,95.8
2005-12-29,95.5
2005-12-28,95.7
2005-12-27,95.28
2005-12-26,94.85
2005-12-23,95.6
2005-12-22,96.5
2005-12-21,96.2
2005-12-20,94.75
2005-12-19,95.9
2005-12-16,96.0
2005-12-15,94.65
2005-12-14,95.01
2005-12-13,95.8
2005-12-12,94.8
2005-12-09,94.79
2005-12-08,92.6
2005-12-07,92.25
2005-12-06,95.7
2005-12-05,97.1
2005-12-02,98.85
2005-12-01,98.79
2005-11-30,95.7
2005-11-29,96.59
2005-11-28,96.3
2005-11-25,98.89
2005-11-24,98.36
2005-11-23,99.49
2005-11-22,96.85
2005-11-21,95.8
2005-11-18,95.3
2005-11-17,95.0
2005-11-16,92.2
2005-11-14,90.91
2005-11-11,91.3
2005-11-10,90.4
2005-11-09,93.4
2005-11-08,94.59
2005-11-07,95.59
2005-11-04,94.49
2005-11-03,96.99
2005-11-01,95.8
2005-10-31,93.17
2005-10-28,89.85
2005-10-27,89.45
2005-10-26,90.9
2005-10-25,88.95
2005-10-24,90.46
2005-10-21,87.2
2005-10-20,83.75
2005-10-19,86.2
2005-10-18,86.09
2005-10-17,89.0
2005-10-14,89.99
2005-10-13,88.65
2005-10-11,92.7
2005-10-10,91.6
2005-10-07,88.5
2005-10-06,87.69
2005-10-05,91.41
2005-10-04,96.35
2005-10-03,97.88
2005-09-30,99.0
2005-09-29,98.8
2005-09-28,98.69
2005-09-27,98.29
2005-09-26,98.65
2005-09-23,97.55
2005-09-22,95.2
2005-09-21,95.2
2005-09-20,90.34
2005-09-19,90.9
2005-09-16,91.5
2005-09-15,87.9
2005-09-14,85.7
2005-09-13,85.0
2005-09-12,86.0
2005-09-09,85.95
2005-09-08,84.3
2005-09-06,84.75
2005-09-05,85.5
2005-09-02,83.75
2005-09-01,82.3
2005-08-31,81.1
2005-08-30,81.0
2005-08-29,81.1
2005-08-26,80.5
2005-08-25,81.0
2005-08-24,79.5
2005-08-23,81.51
2005-08-22,82.89
2005-08-19,81.19
2005-08-18,79.5
2005-08-17,80.4
2005-08-16,80.75
2005-08-15,82.75
2005-08-12,82.2
2005-08-11,81.73
2005-08-10,82.0
2005-08-09,81.58
2005-08-08,80.3
2005-08-05,78.5
2005-08-04,79.0
2005-08-03,79.95
2005-08-02,79.5
2005-08-01,78.01
2005-07-29,78.49
2005-07-28,79.0
2005-07-27,78.6
2005-07-26,78.39
2005-07-25,78.98
2005-07-22,79.1
2005-07-21,78.0
2005-07-20,76.08
2005-07-19,74.38
2005-07-18,72.67
2005-07-15,72.5
2005-07-14,74.3
2005-07-13,74.99
2005-07-12,73.85
2005-07-11,74.2
2005-07-08,73.8
2005-07-07,71.69
2005-07-06,71.75
2005-07-05,70.04
2005-07-04,70.41
2005-07-01,70.49
2005-06-30,69.3
2005-06-29,70.0
2005-06-28,70.59
2005-06-27,68.8
2005-06-24,67.0
2005-06-23,68.3
2005-06-22,70.26
2005-06-21,70.7
2005-06-20,72.79
2005-06-17,73.79
2005-06-16,72.4
2005-06-15,70.45
2005-06-14,70.0
2005-06-13,69.35
2005-06-10,69.6
2005-06-09,69.2
2005-06-08,69.98
2005-06-07,70.4
2005-06-06,71.2
2005-06-03,72.95
2005-06-02,72.79
2005-06-01,71.8
2005-05-31,69.95
2005-05-30,70.9
2005-05-27,70.64
2005-05-25,70.19
2005-05-24,70.9
2005-05-23,69.25
2005-05-20,69.4
2005-05-19,70.5
2005-05-18,70.75
2005-05-17,67.0
2005-05-16,66.8
2005-05-13,64.0
2005-05-12,64.6
2005-05-11,67.7
2005-05-10,68.2
2005-05-09,70.5
2005-05-06,69.4
2005-05-05,68.6
2005-05-04,69.5
2005-05-03,67.65
2005-05-02,68.0
2005-04-29,68.5
2005-04-28,67.7
2005-04-27,71.5
2005-04-26,72.8
2005-04-25,74.3
2005-04-22,72.3
2005-04-20,72.6
2005-04-19,73.5
2005-04-18,71.8
2005-04-15,71.5
2005-04-14,71.9
2005-04-13,75.51
2005-04-12,79.25
2005-04-11,81.1
2005-04-08,81.5
2005-04-07,81.5
2005-04-06,80.0
2005-04-05,81.2
2005-04-04,82.1
2005-04-01,84.5
2005-03-31,85.0
2005-03-30,82.71
2005-03-29,80.2
2005-03-28,84.15
2005-03-24,86.3
2005-03-23,83.4
2005-03-22,88.7
2005-03-21,89.1
2005-03-18,90.13
2005-03-17,91.7
2005-03-16,87.5
2005-03-15,88.3
2005-03-14,89.0
2005-03-11,90.3
2005-03-10,90.4
2005-03-09,92.49
2005-03-08,93.2
2005-03-07,94.87
2005-03-04,95.5
2005-03-03,92.5
2005-03-02,89.7
2005-03-01,87.6
2005-02-28,90.5
2005-02-25,92.5
2005-02-24,95.75
2005-02-23,90.11
2005-02-22,86.6
2005-02-21,83.5
2005-02-18,81.3
2005-02-17,79.8
2005-02-16,78.0
2005-02-15,78.5
2005-02-14,77.01
2005-02-11,75.8
2005-02-10,76.11
2005-02-09,76.5
2005-02-04,77.69
2005-02-03,77.8
2005-02-02,78.8
2005-02-01,79.6
2005-01-31,79.2
2005-01-28,79.3
2005-01-27,81.0
2005-01-26,81.5
2005-01-24,81.75
2005-01-21,80.1
2005-01-20,76.9
2005-01-19,77.7
2005-01-18,78.2
2005-01-17,77.5
2005-01-14,78.5
2005-01-13,74.99
2005-01-12,71.48
2005-01-11,71.9
2005-01-10,72.3
2005-01-07,72.9
2005-01-06,71.0
2005-01-05,71.3
2005-01-04,71.8
2005-01-03,74.85
