date,ABEV3
2025-10-03,11.87
2025-10-02,11.93
2025-10-01,11.99
2025-09-30,12.09
2025-09-29,12.41
2025-09-26,12.46
2025-09-25,12.46
2025-09-24,12.38
2025-09-23,12.46
2025-09-22,12.36
2025-09-19,12.55
2025-09-18,12.52
2025-09-17,12.79
2025-09-16,12.71
2025-09-15,12.63
2025-09-12,12.58
2025-09-11,12.52
2025-09-10,12.36
2025-09-09,12.33
2025-09-08,12.14
2025-09-05,12.25
2025-09-04,12.16
2025-09-03,11.9
2025-09-02,12.16
2025-09-01,12.3
2025-08-29,12.35
2025-08-28,12.25
2025-08-27,12.15
2025-08-26,12.18
2025-08-25,12.12
2025-08-22,12.21
2025-08-21,12.06
2025-08-20,12.1
2025-08-19,12.07
2025-08-18,12.07
2025-08-15,12.04
2025-08-14,12.02
2025-08-13,12.12
2025-08-12,12.23
2025-08-11,12.31
2025-08-08,12.37
2025-08-07,12.54
2025-08-06,12.48
2025-08-05,12.36
2025-08-04,12.41
2025-08-01,12.29
2025-07-31,12.46
2025-07-30,13.15
2025-07-29,13.19
2025-07-28,13.06
2025-07-25,13.47
2025-07-24,13.5
2025-07-23,13.59
2025-07-22,13.4
2025-07-21,13.42
2025-07-18,13.32
2025-07-17,13.46
2025-07-16,13.68
2025-07-15,13.27
2025-07-14,13.29
2025-07-12,13.3
2025-07-11,13.3
2025-07-10,13.23
2025-07-09,13.31
2025-07-08,13.38
2025-07-07,13.4
2025-07-04,13.52
2025-07-03,13.48
2025-07-02,13.65
2025-07-01,13.38
2025-06-30,13.32
2025-06-27,13.15
2025-06-26,13.32
2025-06-25,13.15
2025-06-24,13.51
2025-06-23,13.56
2025-06-20,13.53
2025-06-18,13.49
2025-06-17,13.47
2025-06-16,13.68
2025-06-13,13.64
2025-06-12,13.8
2025-06-11,13.91
2025-06-10,13.8
2025-06-09,13.96
2025-06-06,14.08
2025-06-05,13.87
2025-06-04,14.08
2025-06-03,14.01
2025-06-02,13.91
2025-05-30,14.03
2025-05-29,14.06
2025-05-28,14.1
2025-05-27,14.2
2025-05-26,14.26
2025-05-23,14.24
2025-05-22,14.1
2025-05-21,14.16
2025-05-20,14.29
2025-05-19,14.32
2025-05-16,14.39
2025-05-15,14.41
2025-05-14,14.23
2025-05-13,14.25
2025-05-12,14.29
2025-05-09,14.28
2025-05-08,14.37
2025-05-07,14.27
2025-05-06,14.21
2025-05-05,14.06
2025-05-02,14.12
2025-04-30,14.57
2025-04-29,14.51
2025-04-28,14.3
2025-04-25,14.09
2025-04-24,14.15
2025-04-23,14.05
2025-04-22,14.02
2025-04-17,14.0
2025-04-16,13.89
2025-04-15,13.66
2025-04-14,13.68
2025-04-11,13.48
2025-04-10,13.6
2025-04-09,13.67
2025-04-08,13.24
2025-04-07,13.18
2025-04-04,13.71
2025-04-03,13.85
2025-04-02,13.67
2025-04-01,13.61
2025-03-31,13.5
2025-03-28,13.43
2025-03-27,13.46
2025-03-26,13.38
2025-03-25,13.6
2025-03-24,13.54
2025-03-21,13.73
2025-03-20,13.6
2025-03-19,13.68
2025-03-18,13.55
2025-03-17,13.57
2025-03-14,13.64
2025-03-13,13.33
2025-03-12,13.03
2025-03-11,12.86
2025-03-10,13.12
2025-03-07,13.1
2025-03-06,12.85
2025-03-05,12.78
2025-02-28,12.22
2025-02-27,12.32
2025-02-26,11.7
2025-02-25,11.09
2025-02-24,11.03
2025-02-21,11.12
2025-02-20,11.04
2025-02-19,10.97
2025-02-18,11.09
2025-02-17,11.1
2025-02-14,11.13
2025-02-13,10.98
2025-02-12,10.92
2025-02-11,10.96
2025-02-10,10.97
2025-02-07,10.85
2025-02-06,10.86
2025-02-05,10.82
2025-02-04,10.9
2025-02-03,11.03
2025-01-31,11.1
2025-01-30,11.11
2025-01-29,10.97
2025-01-28,11.11
2025-01-27,11.12
2025-01-24,10.87
2025-01-23,11.05
2025-01-22,11.02
2025-01-21,11.25
2025-01-20,11.05
2025-01-17,11.09
2025-01-16,11.08
2025-01-15,11.39
2025-01-14,11.21
2025-01-13,11.24
2025-01-10,11.16
2025-01-09,11.4
2025-01-08,11.42
2025-01-07,11.54
2025-01-06,11.29
2025-01-03,11.33
2025-01-02,11.6
2024-12-30,11.74
2024-12-27,12.07
2024-12-26,12.14
2024-12-23,12.22
2024-12-20,12.23
2024-12-19,12.78
2024-12-18,12.76
2024-12-17,13.1
2024-12-16,12.84
2024-12-13,13.08
2024-12-12,13.1
2024-12-11,13.8
2024-12-10,14.27
2024-12-09,14.21
2024-12-06,14.22
2024-12-05,14.42
2024-12-04,13.93
2024-12-03,13.85
2024-12-02,13.25
2024-11-30,12.73
2024-11-29,12.73
2024-11-28,12.4
2024-11-27,12.55
2024-11-26,12.61
2024-11-25,12.54
2024-11-22,12.68
2024-11-21,12.39
2024-11-19,12.43
2024-11-18,12.42
2024-11-14,12.64
2024-11-13,12.73
2024-11-12,12.58
2024-11-11,12.51
2024-11-08,12.33
2024-11-07,12.55
2024-11-06,12.5
2024-11-05,12.68
2024-11-04,12.67
2024-11-01,12.54
2024-10-31,12.64
2024-10-30,12.93
2024-10-29,12.98
2024-10-28,12.89
2024-10-25,12.75
2024-10-24,12.83
2024-10-23,12.75
2024-10-22,12.82
2024-10-21,12.83
2024-10-18,12.88
2024-10-17,12.86
2024-10-16,12.94
2024-10-15,12.88
2024-10-14,12.92
2024-10-11,12.88
2024-10-10,13.11
2024-10-09,13.08
2024-10-08,13.08
2024-10-07,13.17
2024-10-04,13.28
2024-10-03,13.4
2024-10-02,13.72
2024-10-01,13.6
2024-09-30,13.08
2024-09-27,12.92
2024-09-26,12.84
2024-09-25,12.68
2024-09-24,12.76
2024-09-23,12.75
2024-09-20,12.76
2024-09-19,12.95
2024-09-18,12.98
2024-09-17,12.96
2024-09-16,12.86
2024-09-13,12.73
2024-09-12,12.91
2024-09-11,13.04
2024-09-10,13.24
2024-09-09,13.11
2024-09-06,12.99
2024-09-05,12.97
2024-09-04,12.99
2024-09-03,12.8
2024-09-02,12.87
2024-08-30,12.86
2024-08-29,12.86
2024-08-28,12.95
2024-08-27,13.03
2024-08-26,13.08
2024-08-23,13.08
2024-08-22,13.0
2024-08-21,12.94
2024-08-20,12.94
2024-08-19,13.01
2024-08-17,13.01
2024-08-16,13.01
2024-08-15,13.03
2024-08-14,12.56
2024-08-13,12.57
2024-08-12,12.39
2024-08-09,12.45
2024-08-08,12.36
2024-08-07,12.51
2024-08-06,12.01
2024-08-05,11.85
2024-08-02,11.87
2024-08-01,11.74
2024-07-31,11.58
2024-07-30,11.64
2024-07-29,11.82
2024-07-26,11.88
2024-07-25,11.85
2024-07-24,11.79
2024-07-23,11.78
2024-07-22,11.81
2024-07-19,11.73
2024-07-18,11.67
2024-07-17,11.82
2024-07-16,11.7
2024-07-15,11.64
2024-07-12,11.64
2024-07-11,11.53
2024-07-10,11.4
2024-07-09,11.25
2024-07-08,11.25
2024-07-05,11.32
2024-07-04,11.45
2024-07-03,11.38
2024-07-02,11.46
2024-07-01,11.45
2024-06-29,11.41
2024-06-28,11.41
2024-06-27,11.46
2024-06-26,11.45
2024-06-25,11.38
2024-06-24,11.32
2024-06-21,11.28
2024-06-20,11.28
2024-06-19,11.2
2024-06-18,11.25
2024-06-17,11.24
2024-06-14,11.24
2024-06-13,11.09
2024-06-12,11.27
2024-06-11,11.4
2024-06-10,11.46
2024-06-07,11.56
2024-06-06,11.82
2024-06-05,11.57
2024-06-04,11.69
2024-06-03,11.55
2024-05-31,11.56
2024-05-29,11.52
2024-05-28,11.59
2024-05-27,11.81
2024-05-24,11.87
2024-05-23,11.96
2024-05-22,11.97
2024-05-21,12.02
2024-05-20,12.1
2024-05-17,12.38
2024-05-16,12.38
2024-05-15,12.31
2024-05-14,12.16
2024-05-13,12.06
2024-05-10,12.04
2024-05-09,12.05
2024-05-08,12.17
2024-05-07,12.6
2024-05-06,12.45
2024-05-03,12.37
2024-05-02,12.33
2024-04-30,12.15
2024-04-29,12.1
2024-04-26,12.01
2024-04-25,12.02
2024-04-24,12.04
2024-04-23,11.86
2024-04-22,11.95
2024-04-19,11.95
2024-04-18,11.96
2024-04-17,11.91
2024-04-16,11.94
2024-04-15,12.07
2024-04-12,12.12
2024-04-11,12.2
2024-04-10,12.1
2024-04-09,12.36
2024-04-08,12.17
2024-04-05,12.23
2024-04-04,12.47
2024-04-03,12.45
2024-04-02,12.27
2024-04-01,12.33
2024-03-28,12.49
2024-03-27,12.45
2024-03-26,12.41
2024-03-25,12.23
2024-03-23,12.41
2024-03-22,12.41
2024-03-21,12.61
2024-03-20,12.54
2024-03-19,12.54
2024-03-18,12.63
2024-03-15,12.63
2024-03-14,12.8
2024-03-13,12.75
2024-03-12,12.84
2024-03-11,12.8
2024-03-08,12.84
2024-03-07,12.65
2024-03-06,12.69
2024-03-05,12.75
2024-03-04,12.48
2024-03-01,12.44
2024-02-29,12.58
2024-02-28,13.45
2024-02-27,13.31
2024-02-26,13.04
2024-02-23,12.89
2024-02-22,12.96
2024-02-21,12.9
2024-02-20,12.85
2024-02-19,12.81
2024-02-16,12.76
2024-02-15,12.85
2024-02-14,12.92
2024-02-09,12.95
2024-02-08,12.95
2024-02-07,13.0
2024-02-06,13.23
2024-02-05,13.09
2024-02-02,13.07
2024-02-01,13.07
2024-01-31,13.08
2024-01-30,13.04
2024-01-29,13.25
2024-01-26,13.2
2024-01-25,13.2
2024-01-24,13.2
2024-01-23,13.37
2024-01-22,13.36
2024-01-19,13.35
2024-01-18,13.34
2024-01-17,13.43
2024-01-16,13.35
2024-01-15,13.59
2024-01-12,13.59
2024-01-11,13.56
2024-01-10,13.76
2024-01-09,13.62
2024-01-08,13.71
2024-01-05,13.6
2024-01-04,13.65
2024-01-03,13.6
2024-01-02,13.71
2023-12-28,13.73
2023-12-27,13.84
2023-12-26,13.77
2023-12-22,13.71
2023-12-21,13.7
2023-12-20,13.74
2023-12-19,14.7
2023-12-18,14.55
2023-12-15,14.47
2023-12-14,14.5
2023-12-13,14.7
2023-12-12,14.23
2023-12-11,14.32
2023-12-08,14.31
2023-12-07,14.08
2023-12-06,13.99
2023-12-05,14.24
2023-12-04,14.06
2023-12-01,14.08
2023-11-30,13.69
2023-11-29,13.3
2023-11-28,13.65
2023-11-27,13.58
2023-11-24,13.39
2023-11-23,13.55
2023-11-22,13.57
2023-11-21,13.44
2023-11-20,13.6
2023-11-17,13.6
2023-11-16,13.67
2023-11-14,13.7
2023-11-13,13.43
2023-11-10,13.35
2023-11-09,13.41
2023-11-08,13.54
2023-11-07,13.57
2023-11-06,13.51
2023-11-03,13.29
2023-11-01,12.99
2023-10-31,12.86
2023-10-30,12.36
2023-10-27,12.29
2023-10-26,12.63
2023-10-25,12.44
2023-10-24,12.52
2023-10-23,12.48
2023-10-20,12.49
2023-10-19,12.52
2023-10-18,12.53
2023-10-17,12.8
2023-10-16,13.01
2023-10-13,12.98
2023-10-11,13.29
2023-10-10,13.25
2023-10-09,13.17
2023-10-06,13.19
2023-10-05,12.89
2023-10-04,13.21
2023-10-03,13.05
2023-10-02,13.09
2023-09-29,13.11
2023-09-28,12.98
2023-09-27,12.97
2023-09-26,13.04
2023-09-25,13.22
2023-09-22,13.12
2023-09-21,13.24
2023-09-20,13.47
2023-09-19,13.43
2023-09-18,13.39
2023-09-15,13.42
2023-09-14,13.53
2023-09-13,13.64
2023-09-12,13.71
2023-09-11,13.87
2023-09-09,13.7
2023-09-08,13.7
2023-09-06,13.98
2023-09-05,14.01
2023-09-04,13.86
2023-09-02,13.87
2023-09-01,13.87
2023-08-31,13.84
2023-08-30,14.18
2023-08-29,14.26
2023-08-28,14.21
2023-08-25,13.99
2023-08-24,14.19
2023-08-23,14.45
2023-08-22,14.42
2023-08-21,14.31
2023-08-18,14.36
2023-08-17,14.22
2023-08-16,14.18
2023-08-15,14.2
2023-08-14,14.33
2023-08-11,14.36
2023-08-10,14.37
2023-08-09,14.38
2023-08-08,14.5
2023-08-07,14.68
2023-08-04,14.71
2023-08-03,14.63
2023-08-02,15.05
2023-08-01,14.97
2023-07-31,14.86
2023-07-28,14.96
2023-07-27,14.7
2023-07-26,14.98
2023-07-25,15.03
2023-07-24,15.12
2023-07-21,15.3
2023-07-20,14.92
2023-07-19,14.63
2023-07-18,14.67
2023-07-17,14.82
2023-07-14,14.74
2023-07-13,14.76
2023-07-12,14.69
2023-07-11,14.63
2023-07-10,15.01
2023-07-07,14.85
2023-07-06,14.83
2023-07-05,15.21
2023-07-04,15.14
2023-07-03,15.41
2023-06-30,15.41
2023-06-29,15.22
2023-06-28,15.22
2023-06-27,15.38
2023-06-26,15.34
2023-06-23,15.49
2023-06-22,15.55
2023-06-21,15.28
2023-06-20,15.14
2023-06-19,15.11
2023-06-16,15.07
2023-06-15,15.19
2023-06-14,15.33
2023-06-13,15.27
2023-06-12,15.16
2023-06-09,15.14
2023-06-07,14.85
2023-06-06,14.82
2023-06-05,14.41
2023-06-02,14.46
2023-06-01,14.24
2023-05-31,14.41
2023-05-30,14.48
2023-05-29,14.76
2023-05-26,14.76
2023-05-25,14.74
2023-05-24,14.66
2023-05-23,14.59
2023-05-22,14.62
2023-05-19,14.58
2023-05-18,14.55
2023-05-17,14.56
2023-05-16,14.6
2023-05-15,14.62
2023-05-12,14.45
2023-05-11,14.5
2023-05-10,14.4
2023-05-09,14.5
2023-05-08,14.51
2023-05-06,14.49
2023-05-05,14.49
2023-05-04,14.63
2023-05-03,14.58
2023-05-02,14.26
2023-04-29,14.16
2023-04-28,14.16
2023-04-27,14.16
2023-04-26,14.21
2023-04-25,14.29
2023-04-24,14.34
2023-04-20,14.6
2023-04-19,14.58
2023-04-18,14.63
2023-04-17,14.75
2023-04-14,14.65
2023-04-13,14.59
2023-04-12,14.76
2023-04-11,14.78
2023-04-10,14.46
2023-04-05,14.4
2023-04-04,14.43
2023-04-03,14.33
2023-03-31,14.33
2023-03-30,14.82
2023-03-29,14.81
2023-03-28,14.59
2023-03-27,13.93
2023-03-24,13.89
2023-03-23,13.78
2023-03-22,13.95
2023-03-21,13.95
2023-03-20,14.12
2023-03-17,14.22
2023-03-16,14.26
2023-03-15,14.02
2023-03-14,13.95
2023-03-13,13.61
2023-03-10,13.51
2023-03-09,13.6
2023-03-08,13.62
2023-03-07,13.43
2023-03-06,13.5
2023-03-03,13.11
2023-03-02,13.13
2023-03-01,13.47
2023-02-28,13.39
2023-02-27,13.4
2023-02-24,13.32
2023-02-23,13.25
2023-02-22,13.21
2023-02-17,13.2
2023-02-16,13.08
2023-02-15,13.23
2023-02-14,13.0
2023-02-13,13.13
2023-02-10,12.86
2023-02-09,13.02
2023-02-08,13.19
2023-02-07,12.96
2023-02-06,13.02
2023-02-03,12.98
2023-02-02,13.11
2023-02-01,13.18
2023-01-31,13.66
2023-01-30,13.53
2023-01-27,13.65
2023-01-26,13.74
2023-01-25,13.71
2023-01-24,13.61
2023-01-23,13.42
2023-01-20,13.53
2023-01-19,13.64
2023-01-18,13.78
2023-01-17,13.86
2023-01-16,13.2
2023-01-13,13.88
2023-01-12,14.1
2023-01-11,14.29
2023-01-10,14.54
2023-01-09,14.4
2023-01-06,14.32
2023-01-05,14.29
2023-01-04,14.25
2023-01-03,14.17
2023-01-02,14.19
2022-12-29,14.52
2022-12-28,14.55
2022-12-27,14.52
2022-12-26,14.52
2022-12-23,14.62
2022-12-22,14.42
2022-12-21,14.35
2022-12-20,14.52
2022-12-19,15.23
2022-12-16,14.85
2022-12-15,15.0
2022-12-14,15.13
2022-12-13,15.28
2022-12-12,15.24
2022-12-09,15.51
2022-12-08,15.7
2022-12-07,16.0
2022-12-06,16.05
2022-12-05,16.02
2022-12-02,16.33
2022-12-01,16.08
2022-11-30,15.92
2022-11-29,15.76
2022-11-28,15.91
2022-11-25,15.77
2022-11-24,16.04
2022-11-23,15.72
2022-11-22,15.66
2022-11-21,15.67
2022-11-18,15.62
2022-11-17,15.4
2022-11-16,15.44
2022-11-14,15.95
2022-11-11,16.09
2022-11-10,15.99
2022-11-09,16.48
2022-11-08,16.74
2022-11-07,16.36
2022-11-04,16.45
2022-11-03,16.02
2022-11-01,15.79
2022-10-31,16.0
2022-10-28,15.77
2022-10-27,15.56
2022-10-26,15.1
2022-10-25,14.91
2022-10-24,15.18
2022-10-21,15.31
2022-10-20,15.04
2022-10-19,14.89
2022-10-18,14.9
2022-10-17,14.92
2022-10-14,14.83
2022-10-13,15.01
2022-10-11,14.99
2022-10-10,15.2
2022-10-07,15.42
2022-10-06,16.03
2022-10-05,16.12
2022-10-04,16.24
2022-10-03,16.3
2022-09-30,15.54
2022-09-29,15.61
2022-09-28,15.72
2022-09-27,15.44
2022-09-26,15.27
2022-09-23,15.37
2022-09-22,15.67
2022-09-21,15.55
2022-09-20,15.76
2022-09-19,15.47
2022-09-16,15.27
2022-09-15,15.3
2022-09-14,15.38
2022-09-13,15.59
2022-09-12,15.71
2022-09-09,15.72
2022-09-08,15.5
2022-09-06,15.56
2022-09-05,15.55
2022-09-02,15.48
2022-09-01,15.43
2022-08-31,15.27
2022-08-30,15.39
2022-08-29,15.61
2022-08-26,15.67
2022-08-25,15.82
2022-08-24,15.8
2022-08-23,15.44
2022-08-22,15.42
2022-08-19,15.66
2022-08-18,16.0
2022-08-17,15.55
2022-08-16,15.5
2022-08-15,15.42
2022-08-12,15.21
2022-08-11,15.13
2022-08-10,15.16
2022-08-09,14.74
2022-08-08,14.8
2022-08-05,14.6
2022-08-04,14.68
2022-08-03,14.63
2022-08-02,14.71
2022-08-01,14.63
2022-07-29,14.93
2022-07-28,15.1
2022-07-27,14.98
2022-07-26,14.82
2022-07-25,14.68
2022-07-22,14.51
2022-07-21,14.56
2022-07-20,14.3
2022-07-19,14.48
2022-07-18,14.49
2022-07-15,14.59
2022-07-14,14.84
2022-07-13,14.57
2022-07-12,13.79
2022-07-11,14.1
2022-07-08,14.31
2022-07-07,14.23
2022-07-06,14.23
2022-07-05,14.09
2022-07-04,13.68
2022-07-01,13.76
2022-06-30,13.4
2022-06-29,13.61
2022-06-28,13.52
2022-06-27,13.72
2022-06-24,13.67
2022-06-23,13.33
2022-06-22,13.3
2022-06-21,13.17
2022-06-20,13.05
2022-06-17,13.03
2022-06-15,13.06
2022-06-14,13.15
2022-06-13,13.33
2022-06-10,13.59
2022-06-09,13.61
2022-06-08,13.76
2022-06-07,13.73
2022-06-06,14.05
2022-06-03,14.08
2022-06-02,14.12
2022-06-01,14.12
2022-05-31,14.19
2022-05-30,14.09
2022-05-27,14.21
2022-05-26,14.21
2022-05-25,14.04
2022-05-24,14.13
2022-05-23,14.08
2022-05-20,14.02
2022-05-19,14.14
2022-05-18,14.22
2022-05-17,14.73
2022-05-16,14.69
2022-05-13,14.54
2022-05-12,14.48
2022-05-11,13.95
2022-05-10,13.73
2022-05-09,13.69
2022-05-06,13.53
2022-05-05,13.73
2022-05-04,14.34
2022-05-03,14.24
2022-05-02,14.47
2022-04-29,14.52
2022-04-28,14.71
2022-04-27,14.68
2022-04-26,14.75
2022-04-25,15.12
2022-04-22,14.75
2022-04-20,14.73
2022-04-19,14.65
2022-04-18,14.71
2022-04-14,14.7
2022-04-13,14.83
2022-04-12,15.05
2022-04-11,15.2
2022-04-08,14.93
2022-04-07,15.06
2022-04-06,14.95
2022-04-05,15.07
2022-04-04,15.19
2022-04-01,15.39
2022-03-31,15.4
2022-03-30,15.17
2022-03-29,15.25
2022-03-28,14.74
2022-03-25,14.32
2022-03-24,14.2
2022-03-23,14.19
2022-03-22,14.38
2022-03-21,14.18
2022-03-18,14.25
2022-03-17,13.93
2022-03-16,13.78
2022-03-15,13.47
2022-03-14,13.32
2022-03-11,13.18
2022-03-10,13.38
2022-03-09,13.93
2022-03-08,13.44
2022-03-07,13.43
2022-03-04,13.93
2022-03-03,14.18
2022-03-02,14.52
2022-02-25,15.2
2022-02-24,14.84
2022-02-23,14.81
2022-02-22,14.71
2022-02-21,14.45
2022-02-18,14.77
2022-02-17,14.85
2022-02-16,15.08
2022-02-15,15.38
2022-02-14,15.06
2022-02-11,14.86
2022-02-10,14.75
2022-02-09,14.54
2022-02-08,14.16
2022-02-07,14.29
2022-02-04,14.41
2022-02-03,14.46
2022-02-02,14.52
2022-02-01,14.85
2022-01-31,14.97
2022-01-28,14.93
2022-01-27,15.4
2022-01-26,15.0
2022-01-25,15.07
2022-01-24,14.7
2022-01-21,14.69
2022-01-20,14.49
2022-01-19,14.54
2022-01-18,14.58
2022-01-17,14.8
2022-01-14,15.1
2022-01-13,14.99
2022-01-12,14.88
2022-01-11,14.68
2022-01-10,14.65
2022-01-07,14.53
2022-01-06,14.77
2022-01-05,15.01
2022-01-04,15.31
2022-01-03,15.33
2021-12-30,15.42
2021-12-29,15.45
2021-12-28,15.52
2021-12-27,15.53
2021-12-23,15.55
2021-12-22,15.39
2021-12-21,15.4
2021-12-20,15.42
2021-12-17,16.07
2021-12-16,16.1
2021-12-15,16.08
2021-12-14,16.17
2021-12-13,16.01
2021-12-10,15.95
2021-12-09,15.81
2021-12-08,16.08
2021-12-07,16.1
2021-12-06,16.08
2021-12-03,16.0
2021-12-02,16.01
2021-12-01,15.86
2021-11-30,16.06
2021-11-29,16.34
2021-11-26,16.69
2021-11-25,17.23
2021-11-24,17.1
2021-11-23,17.2
2021-11-22,17.32
2021-11-19,17.39
2021-11-18,17.6
2021-11-17,17.54
2021-11-16,17.51
2021-11-12,17.51
2021-11-11,17.61
2021-11-10,17.75
2021-11-09,17.89
2021-11-08,17.74
2021-11-05,17.9
2021-11-04,17.88
2021-11-03,17.83
2021-11-01,17.36
2021-10-29,16.99
2021-10-28,16.7
2021-10-27,15.22
2021-10-26,15.16
2021-10-25,15.27
2021-10-22,15.0
2021-10-21,15.14
2021-10-20,15.35
2021-10-19,15.14
2021-10-18,15.62
2021-10-15,15.53
2021-10-14,15.49
2021-10-13,15.51
2021-10-11,15.24
2021-10-08,15.36
2021-10-07,15.08
2021-10-06,15.1
2021-10-05,15.18
2021-10-04,15.04
2021-10-01,15.27
2021-09-30,15.3
2021-09-29,15.49
2021-09-28,15.44
2021-09-27,15.83
2021-09-24,15.84
2021-09-23,15.88
2021-09-22,15.72
2021-09-21,15.66
2021-09-20,15.61
2021-09-17,15.74
2021-09-16,16.13
2021-09-15,16.02
2021-09-14,16.44
2021-09-13,16.35
2021-09-10,16.1
2021-09-09,16.31
2021-09-08,16.21
2021-09-06,17.19
2021-09-03,16.56
2021-09-02,16.52
2021-09-01,17.26
2021-08-31,17.1
2021-08-30,17.18
2021-08-27,17.04
2021-08-26,17.11
2021-08-25,17.58
2021-08-24,17.59
2021-08-23,17.36
2021-08-20,17.54
2021-08-19,17.19
2021-08-18,16.47
2021-08-17,16.32
2021-08-16,16.4
2021-08-13,16.65
2021-08-12,16.58
2021-08-11,16.57
2021-08-10,16.71
2021-08-09,17.16
2021-08-06,17.1
2021-08-05,16.62
2021-08-04,16.63
2021-08-03,17.07
2021-08-02,16.86
2021-07-30,16.64
2021-07-29,17.13
2021-07-28,17.33
2021-07-27,16.92
2021-07-26,17.09
2021-07-23,16.75
2021-07-22,17.03
2021-07-21,17.2
2021-07-20,17.03
2021-07-19,17.01
2021-07-16,17.43
2021-07-15,17.62
2021-07-14,17.91
2021-07-13,17.8
2021-07-12,17.66
2021-07-08,17.36
2021-07-07,17.77
2021-07-06,17.55
2021-07-05,17.94
2021-07-02,17.43
2021-07-01,17.2
2021-06-30,17.07
2021-06-29,17.29
2021-06-28,17.5
2021-06-25,16.95
2021-06-24,17.95
2021-06-23,17.99
2021-06-22,18.29
2021-06-21,18.73
2021-06-18,18.76
2021-06-17,19.01
2021-06-16,19.09
2021-06-15,19.13
2021-06-14,19.48
2021-06-11,18.94
2021-06-10,19.32
2021-06-09,19.31
2021-06-08,19.59
2021-06-07,19.6
2021-06-04,19.38
2021-06-02,19.37
2021-06-01,18.77
2021-05-31,17.95
2021-05-28,17.85
2021-05-27,17.69
2021-05-26,17.47
2021-05-25,17.61
2021-05-24,17.63
2021-05-21,17.61
2021-05-20,17.54
2021-05-19,17.56
2021-05-18,17.42
2021-05-17,17.4
2021-05-14,17.18
2021-05-13,16.88
2021-05-12,16.87
2021-05-11,16.87
2021-05-10,16.5
2021-05-07,16.21
2021-05-06,16.18
2021-05-05,14.86
2021-05-04,14.64
2021-05-03,14.8
2021-04-30,14.94
2021-04-29,15.26
2021-04-28,15.21
2021-04-27,15.29
2021-04-26,15.59
2021-04-23,15.85
2021-04-22,15.9
2021-04-20,15.62
2021-04-19,15.73
2021-04-16,15.8
2021-04-15,15.87
2021-04-14,15.81
2021-04-13,15.63
2021-04-12,15.51
2021-04-09,15.36
2021-04-08,15.45
2021-04-07,15.22
2021-04-06,15.39
2021-04-05,15.27
2021-04-01,15.0
2021-03-31,15.29
2021-03-30,15.59
2021-03-29,15.3
2021-03-26,15.15
2021-03-25,14.99
2021-03-24,14.8
2021-03-23,15.08
2021-03-22,15.54
2021-03-19,15.49
2021-03-18,15.3
2021-03-17,15.42
2021-03-16,15.05
2021-03-15,15.3
2021-03-12,15.03
2021-03-11,15.09
2021-03-10,15.27
2021-03-09,15.16
2021-03-08,14.69
2021-03-05,15.08
2021-03-04,14.78
2021-03-03,14.17
2021-03-02,13.99
2021-03-01,13.77
2021-02-26,14.02
2021-02-25,14.17
2021-02-24,14.68
2021-02-23,14.69
2021-02-22,14.58
2021-02-19,14.89
2021-02-18,14.79
2021-02-17,15.27
2021-02-12,14.79
2021-02-11,14.95
2021-02-10,15.01
2021-02-09,14.96
2021-02-08,14.94
2021-02-05,15.52
2021-02-04,15.6
2021-02-03,15.68
2021-02-02,15.61
2021-02-01,15.6
2021-01-29,15.11
2021-01-28,15.54
2021-01-27,15.39
2021-01-26,15.4
2021-01-22,15.15
2021-01-21,15.61
2021-01-20,16.02
2021-01-19,16.27
2021-01-18,16.22
2021-01-15,15.95
2021-01-14,16.26
2021-01-13,16.17
2021-01-12,16.8
2021-01-11,16.1
2021-01-08,16.53
2021-01-07,16.05
2021-01-06,16.05
2021-01-05,15.81
2021-01-04,15.48
2020-12-30,15.65
2020-12-29,15.95
2020-12-28,15.77
2020-12-23,15.5
2020-12-22,15.51
2020-12-21,15.42
2020-12-18,15.86
2020-12-17,16.06
2020-12-16,15.82
2020-12-15,15.56
2020-12-14,15.32
2020-12-11,15.5
2020-12-10,15.69
2020-12-09,15.26
2020-12-08,15.05
2020-12-07,14.97
2020-12-04,14.74
2020-12-03,14.7
2020-12-02,14.88
2020-12-01,14.68
2020-11-30,13.98
2020-11-27,14.32
2020-11-26,14.42
2020-11-25,14.49
2020-11-24,14.75
2020-11-23,14.66
2020-11-20,14.4
2020-11-19,14.73
2020-11-18,14.84
2020-11-17,15.46
2020-11-16,15.36
2020-11-13,15.11
2020-11-12,14.62
2020-11-11,14.9
2020-11-10,15.21
2020-11-09,14.22
2020-11-06,13.25
2020-11-05,13.33
2020-11-04,12.82
2020-11-03,12.78
2020-10-30,12.18
2020-10-29,12.89
2020-10-28,13.37
2020-10-27,13.72
2020-10-26,14.2
2020-10-23,13.89
2020-10-22,13.57
2020-10-21,13.37
2020-10-20,13.38
2020-10-19,13.15
2020-10-16,13.27
2020-10-15,13.44
2020-10-14,13.8
2020-10-13,13.75
2020-10-09,13.57
2020-10-08,13.68
2020-10-07,13.53
2020-10-06,13.34
2020-10-05,12.81
2020-10-02,12.53
2020-10-01,12.7
2020-09-30,12.54
2020-09-29,12.35
2020-09-28,12.48
2020-09-25,12.84
2020-09-24,12.67
2020-09-23,12.44
2020-09-22,12.8
2020-09-21,12.73
2020-09-18,12.79
2020-09-17,13.16
2020-09-16,12.56
2020-09-15,12.89
2020-09-14,12.57
2020-09-11,12.04
2020-09-10,12.31
2020-09-09,12.35
2020-09-08,12.35
2020-09-04,12.6
2020-09-03,12.6
2020-09-02,12.76
2020-09-01,12.65
2020-08-31,12.31
2020-08-28,12.75
2020-08-27,12.68
2020-08-26,12.7
2020-08-25,12.75
2020-08-24,12.86
2020-08-21,12.97
2020-08-20,12.88
2020-08-19,12.85
2020-08-18,13.08
2020-08-17,12.85
2020-08-14,13.26
2020-08-13,13.21
2020-08-12,13.48
2020-08-11,13.41
2020-08-10,13.24
2020-08-07,13.31
2020-08-06,13.26
2020-08-05,13.18
2020-08-04,13.4
2020-08-03,13.71
2020-07-31,13.9
2020-07-30,14.55
2020-07-29,15.15
2020-07-28,15.09
2020-07-27,15.28
2020-07-24,14.93
2020-07-23,14.4
2020-07-22,14.71
2020-07-21,14.68
2020-07-20,14.12
2020-07-17,14.16
2020-07-16,14.05
2020-07-15,14.29
2020-07-14,13.91
2020-07-13,14.0
2020-07-10,14.85
2020-07-09,14.64
2020-07-08,14.71
2020-07-07,14.45
2020-07-06,14.36
2020-07-03,14.14
2020-07-02,14.17
2020-07-01,14.36
2020-06-30,14.14
2020-06-29,14.26
2020-06-26,13.95
2020-06-25,14.18
2020-06-24,13.68
2020-06-23,13.93
2020-06-22,14.11
2020-06-19,13.84
2020-06-18,13.68
2020-06-17,13.77
2020-06-16,13.26
2020-06-15,13.43
2020-06-12,13.57
2020-06-10,13.96
2020-06-09,14.32
2020-06-08,14.6
2020-06-05,14.05
2020-06-04,13.38
2020-06-03,13.25
2020-06-02,12.97
2020-06-01,12.6
2020-05-29,12.48
2020-05-28,12.82
2020-05-27,13.38
2020-05-26,12.53
2020-05-25,12.27
2020-05-22,11.74
2020-05-21,11.88
2020-05-20,12.14
2020-05-19,11.94
2020-05-18,12.1
2020-05-15,11.64
2020-05-14,11.74
2020-05-13,11.26
2020-05-12,11.72
2020-05-11,11.94
2020-05-08,12.04
2020-05-07,11.54
2020-05-06,11.83
2020-05-05,11.94
2020-05-04,11.76
2020-04-30,11.34
2020-04-29,11.67
2020-04-28,11.7
2020-04-27,11.61
2020-04-24,11.11
2020-04-23,11.55
2020-04-22,11.62
2020-04-20,11.61
2020-04-17,11.6
2020-04-16,11.45
2020-04-15,11.91
2020-04-14,12.09
2020-04-13,12.1
2020-04-09,12.1
2020-04-08,12.31
2020-04-07,12.41
2020-04-06,11.86
2020-04-03,11.39
2020-04-02,11.99
2020-04-01,11.69
2020-03-31,11.92
2020-03-30,12.55
2020-03-27,12.49
2020-03-26,12.8
2020-03-25,11.65
2020-03-24,11.29
2020-03-23,11.51
2020-03-20,12.05
2020-03-19,11.7
2020-03-18,11.19
2020-03-17,11.69
2020-03-16,11.03
2020-03-13,12.7
2020-03-12,11.58
2020-03-11,13.75
2020-03-10,14.42
2020-03-09,14.67
2020-03-06,15.32
2020-03-05,15.23
2020-03-04,15.31
2020-03-03,14.74
2020-03-02,14.72
2020-02-28,14.54
2020-02-27,14.5
2020-02-26,15.82
2020-02-21,16.25
2020-02-20,16.17
2020-02-19,16.13
2020-02-18,16.18
2020-02-17,16.6
2020-02-14,16.41
2020-02-13,16.27
2020-02-12,16.65
2020-02-11,16.8
2020-02-10,16.73
2020-02-07,16.92
2020-02-06,16.87
2020-02-05,17.25
2020-02-04,17.65
2020-02-03,17.59
2020-01-31,17.85
2020-01-30,18.34
2020-01-29,18.3
2020-01-28,18.8
2020-01-27,18.55
2020-01-24,18.99
2020-01-23,18.65
2020-01-22,19.05
2020-01-21,18.74
2020-01-20,18.8
2020-01-17,18.7
2020-01-16,18.7
2020-01-15,18.76
2020-01-14,19.1
2020-01-13,19.21
2020-01-10,18.89
2020-01-09,18.82
2020-01-08,18.97
2020-01-07,19.06
2020-01-06,19.02
2020-01-03,18.93
2020-01-02,19.2
2019-12-30,18.67
2019-12-27,19.16
2019-12-26,19.22
2019-12-23,18.96
2019-12-20,18.91
2019-12-19,19.17
2019-12-18,19.09
2019-12-17,18.91
2019-12-16,19.08
2019-12-13,19.01
2019-12-12,18.7
2019-12-11,18.45
2019-12-10,18.37
2019-12-09,18.44
2019-12-06,18.45
2019-12-05,18.15
2019-12-04,18.3
2019-12-03,17.87
2019-12-02,17.97
2019-11-29,18.05
2019-11-28,18.01
2019-11-27,17.96
2019-11-26,18.03
2019-11-25,18.2
2019-11-22,18.19
2019-11-21,18.07
2019-11-19,17.67
2019-11-18,17.56
2019-11-14,17.45
2019-11-13,17.37
2019-11-12,17.37
2019-11-11,17.54
2019-11-08,17.3
2019-11-07,17.56
2019-11-06,17.52
2019-11-05,17.71
2019-11-04,17.57
2019-11-01,17.33
2019-10-31,17.38
2019-10-30,17.56
2019-10-29,17.58
2019-10-28,17.54
2019-10-25,17.6
2019-10-24,19.19
2019-10-23,18.68
2019-10-22,18.77
2019-10-21,18.99
2019-10-18,18.67
2019-10-17,18.77
2019-10-16,18.89
2019-10-15,18.89
2019-10-14,18.72
2019-10-11,18.58
2019-10-10,18.42
2019-10-09,18.67
2019-10-08,18.6
2019-10-07,18.87
2019-10-04,19.21
2019-10-03,18.58
2019-10-02,18.86
2019-10-01,19.31
2019-09-30,19.25
2019-09-27,19.45
2019-09-26,19.53
2019-09-25,19.6
2019-09-24,19.35
2019-09-23,19.41
2019-09-20,19.39
2019-09-19,19.35
2019-09-18,19.26
2019-09-17,19.43
2019-09-16,19.15
2019-09-13,19.1
2019-09-12,19.37
2019-09-11,18.91
2019-09-10,18.82
2019-09-09,18.87
2019-09-06,18.72
2019-09-05,18.69
2019-09-04,18.8
2019-09-03,18.52
2019-09-02,18.38
2019-08-30,18.72
2019-08-29,18.55
2019-08-28,18.15
2019-08-27,18.17
2019-08-26,18.09
2019-08-23,18.33
2019-08-22,18.47
2019-08-21,18.8
2019-08-20,18.94
2019-08-19,19.11
2019-08-16,18.9
2019-08-15,18.78
2019-08-14,19.01
2019-08-13,19.38
2019-08-12,19.48
2019-08-09,20.07
2019-08-08,20.17
2019-08-07,20.63
2019-08-06,20.48
2019-08-05,20.16
2019-08-02,20.49
2019-08-01,20.42
2019-07-31,20.13
2019-07-30,20.34
2019-07-29,20.5
2019-07-26,19.8
2019-07-25,19.49
2019-07-24,17.96
2019-07-23,18.03
2019-07-22,17.99
2019-07-19,18.09
2019-07-18,18.25
2019-07-17,17.99
2019-07-16,18.1
2019-07-15,18.25
2019-07-12,18.2
2019-07-11,18.69
2019-07-10,19.02
2019-07-08,18.94
2019-07-05,19.0
2019-07-04,19.0
2019-07-03,18.87
2019-07-02,18.13
2019-07-01,17.81
2019-06-28,17.89
2019-06-27,18.05
2019-06-26,18.1
2019-06-25,18.17
2019-06-24,18.3
2019-06-21,18.45
2019-06-19,18.2
2019-06-18,18.05
2019-06-17,17.8
2019-06-14,17.64
2019-06-13,17.85
2019-06-12,17.68
2019-06-11,17.72
2019-06-10,17.65
2019-06-07,17.61
2019-06-06,17.64
2019-06-05,17.41
2019-06-04,17.35
2019-06-03,17.42
2019-05-31,17.55
2019-05-30,17.43
2019-05-29,17.26
2019-05-28,17.31
2019-05-27,17.22
2019-05-24,17.06
2019-05-23,17.21
2019-05-22,17.21
2019-05-21,17.09
2019-05-20,16.49
2019-05-17,16.49
2019-05-16,16.64
2019-05-15,16.61
2019-05-14,16.94
2019-05-13,17.01
2019-05-10,17.3
2019-05-09,17.49
2019-05-08,17.92
2019-05-07,17.65
2019-05-06,18.06
2019-05-03,17.92
2019-05-02,17.95
2019-04-30,18.47
2019-04-29,18.35
2019-04-26,18.29
2019-04-25,18.31
2019-04-24,17.72
2019-04-23,17.67
2019-04-22,17.5
2019-04-18,17.08
2019-04-17,17.05
2019-04-16,17.53
2019-04-15,17.42
2019-04-12,17.06
2019-04-11,17.25
2019-04-10,17.55
2019-04-09,17.69
2019-04-08,17.35
2019-04-05,17.44
2019-04-04,17.32
2019-04-03,16.84
2019-04-02,16.77
2019-04-01,16.82
2019-03-29,16.83
2019-03-28,16.75
2019-03-27,16.54
2019-03-26,16.99
2019-03-25,16.52
2019-03-22,16.72
2019-03-21,16.98
2019-03-20,17.0
2019-03-19,17.19
2019-03-18,17.31
2019-03-15,16.76
2019-03-14,16.66
2019-03-13,16.9
2019-03-12,17.0
2019-03-11,17.11
2019-03-08,16.59
2019-03-07,16.69
2019-03-06,16.37
2019-03-01,16.83
2019-02-28,17.23
2019-02-27,18.36
2019-02-26,18.49
2019-02-25,18.39
2019-02-22,18.32
2019-02-21,18.32
2019-02-20,18.15
2019-02-19,18.32
2019-02-18,18.19
2019-02-15,18.49
2019-02-14,18.59
2019-02-13,18.39
2019-02-12,18.67
2019-02-11,18.71
2019-02-08,18.22
2019-02-07,18.75
2019-02-06,18.09
2019-02-05,18.64
2019-02-04,18.45
2019-02-01,18.11
2019-01-31,17.51
2019-01-30,17.97
2019-01-29,17.87
2019-01-28,17.95
2019-01-24,17.16
2019-01-23,17.18
2019-01-22,17.54
2019-01-21,18.0
2019-01-18,18.0
2019-01-17,17.85
2019-01-16,17.8
2019-01-15,17.7
2019-01-14,17.54
2019-01-11,17.29
2019-01-10,16.85
2019-01-09,16.38
2019-01-08,16.15
2019-01-07,16.48
2019-01-04,16.55
2019-01-03,16.33
2019-01-02,16.15
2018-12-28,15.38
2018-12-27,15.1
2018-12-26,15.14
2018-12-21,15.17
2018-12-20,15.21
2018-12-19,15.4
2018-12-18,15.88
2018-12-17,16.1
2018-12-14,16.06
2018-12-13,16.32
2018-12-12,15.95
2018-12-11,15.95
2018-12-10,15.89
2018-12-07,16.11
2018-12-06,16.39
2018-12-05,16.54
2018-12-04,16.65
2018-12-03,16.74
2018-11-30,16.92
2018-11-29,16.64
2018-11-28,16.69
2018-11-27,16.54
2018-11-26,16.15
2018-11-23,16.2
2018-11-22,16.5
2018-11-21,16.38
2018-11-19,16.46
2018-11-16,16.5
2018-11-14,16.03
2018-11-13,15.76
2018-11-12,15.95
2018-11-09,16.08
2018-11-08,15.71
2018-11-07,16.35
2018-11-06,16.64
2018-11-05,16.46
2018-11-01,16.37
2018-10-31,16.34
2018-10-30,16.05
2018-10-29,15.43
2018-10-26,15.19
2018-10-25,15.0
2018-10-24,15.89
2018-10-23,16.63
2018-10-22,16.82
2018-10-19,16.86
2018-10-18,16.65
2018-10-17,17.05
2018-10-16,17.41
2018-10-15,16.93
2018-10-11,16.99
2018-10-10,17.2
2018-10-09,17.48
2018-10-08,18.0
2018-10-05,17.65
2018-10-04,17.87
2018-10-03,18.13
2018-10-02,18.25
2018-10-01,18.43
2018-09-28,18.34
2018-09-27,18.48
2018-09-26,18.7
2018-09-25,18.4
2018-09-24,18.39
2018-09-21,18.85
2018-09-20,18.75
2018-09-19,18.79
2018-09-18,18.79
2018-09-17,18.36
2018-09-14,18.23
2018-09-13,18.33
2018-09-12,18.45
2018-09-11,18.19
2018-09-10,18.29
2018-09-06,18.32
2018-09-05,18.14
2018-09-04,18.01
2018-09-03,18.63
2018-08-31,18.85
2018-08-30,19.0
2018-08-29,19.25
2018-08-28,19.1
2018-08-27,19.13
2018-08-24,19.07
2018-08-23,18.94
2018-08-22,18.9
2018-08-21,18.98
2018-08-20,19.15
2018-08-17,19.18
2018-08-16,19.01
2018-08-15,19.42
2018-08-14,19.41
2018-08-13,19.14
2018-08-10,18.91
2018-08-09,19.27
2018-08-08,19.16
2018-08-07,19.17
2018-08-06,19.3
2018-08-03,19.3
2018-08-02,19.29
2018-08-01,19.45
2018-07-31,19.41
2018-07-30,19.7
2018-07-27,19.81
2018-07-26,19.89
2018-07-25,18.9
2018-07-24,18.97
2018-07-23,18.65
2018-07-20,18.79
2018-07-19,18.88
2018-07-18,18.76
2018-07-17,19.17
2018-07-16,18.95
2018-07-13,18.44
2018-07-12,18.24
2018-07-11,17.91
2018-07-10,18.19
2018-07-06,18.09
2018-07-05,18.4
2018-07-04,18.1
2018-07-03,18.09
2018-07-02,18.14
2018-06-29,17.98
2018-06-28,18.01
2018-06-27,17.95
2018-06-26,18.09
2018-06-25,18.22
2018-06-22,18.16
2018-06-21,18.13
2018-06-20,18.54
2018-06-19,18.8
2018-06-18,18.54
2018-06-15,18.72
2018-06-14,18.93
2018-06-13,18.71
2018-06-12,18.88
2018-06-11,18.99
2018-06-08,18.96
2018-06-07,19.08
2018-06-06,19.53
2018-06-05,19.76
2018-06-04,20.04
2018-06-01,19.94
2018-05-30,19.69
2018-05-29,19.59
2018-05-28,19.76
2018-05-25,20.16
2018-05-24,20.33
2018-05-23,20.05
2018-05-22,20.15
2018-05-21,20.3
2018-05-18,20.63
2018-05-17,21.09
2018-05-16,21.51
2018-05-15,21.46
2018-05-14,21.71
2018-05-11,21.85
2018-05-10,21.8
2018-05-09,21.91
2018-05-08,22.44
2018-05-07,22.34
2018-05-04,22.5
2018-05-03,22.6
2018-05-02,22.67
2018-04-30,23.33
2018-04-27,23.18
2018-04-26,23.31
2018-04-25,23.17
2018-04-24,23.31
2018-04-23,23.45
2018-04-20,23.43
2018-04-19,23.5
2018-04-18,23.35
2018-04-17,23.11
2018-04-16,22.98
2018-04-13,23.26
2018-04-12,23.29
2018-04-11,23.85
2018-04-10,23.8
2018-04-09,23.29
2018-04-06,23.25
2018-04-05,24.03
2018-04-04,24.19
2018-04-03,24.2
2018-04-02,23.85
2018-03-29,24.07
2018-03-28,23.82
2018-03-27,23.84
2018-03-26,24.0
2018-03-23,23.92
2018-03-22,24.01
2018-03-21,23.89
2018-03-20,23.69
2018-03-19,23.79
2018-03-16,23.61
2018-03-15,23.88
2018-03-14,24.27
2018-03-13,23.96
2018-03-12,23.98
2018-03-09,23.44
2018-03-08,23.3
2018-03-07,23.07
2018-03-06,22.77
2018-03-05,22.52
2018-03-02,22.58
2018-03-01,22.34
2018-02-28,22.0
2018-02-27,22.22
2018-02-26,22.15
2018-02-23,21.97
2018-02-22,22.42
2018-02-21,22.4
2018-02-20,22.71
2018-02-19,22.34
2018-02-16,22.43
2018-02-15,22.3
2018-02-14,22.24
2018-02-09,21.49
2018-02-08,21.66
2018-02-07,21.62
2018-02-06,21.62
2018-02-05,21.68
2018-02-02,22.01
2018-02-01,22.23
2018-01-31,21.95
2018-01-30,21.87
2018-01-29,21.84
2018-01-26,21.88
2018-01-24,21.89
2018-01-23,21.9
2018-01-22,21.9
2018-01-19,22.0
2018-01-18,21.92
2018-01-17,22.03
2018-01-16,21.9
2018-01-15,21.82
2018-01-12,21.6
2018-01-11,21.85
2018-01-10,21.6
2018-01-09,21.6
2018-01-08,21.66
2018-01-05,21.7
2018-01-04,21.62
2018-01-03,21.74
2018-01-02,21.69
2017-12-28,21.28
2017-12-27,21.4
2017-12-26,21.25
2017-12-22,21.03
2017-12-21,20.97
2017-12-20,20.7
2017-12-19,20.59
2017-12-18,20.91
2017-12-15,20.9
2017-12-14,20.97
2017-12-13,21.05
2017-12-12,21.5
2017-12-11,21.15
2017-12-08,21.02
2017-12-07,20.72
2017-12-06,20.71
2017-12-05,20.55
2017-12-04,20.58
2017-12-01,20.45
2017-11-30,20.56
2017-11-29,20.56
2017-11-28,20.78
2017-11-27,20.74
2017-11-24,20.62
2017-11-23,20.71
2017-11-22,20.83
2017-11-21,20.81
2017-11-17,20.54
2017-11-16,20.42
2017-11-14,20.2
2017-11-13,20.22
2017-11-10,20.21
2017-11-09,20.22
2017-11-08,20.27
2017-11-07,20.2
2017-11-06,20.54
2017-11-03,20.6
2017-11-01,20.74
2017-10-31,20.9
2017-10-30,20.96
2017-10-27,20.91
2017-10-26,21.04
2017-10-25,21.19
2017-10-24,21.32
2017-10-23,21.3
2017-10-20,21.53
2017-10-19,21.83
2017-10-18,21.78
2017-10-16,21.92
2017-10-13,22.13
2017-10-11,21.63
2017-10-10,21.56
2017-10-09,21.07
2017-10-06,21.07
2017-10-05,21.23
2017-10-04,21.2
2017-10-03,21.42
2017-10-02,20.7
2017-09-29,21.04
2017-09-28,21.06
2017-09-27,21.1
2017-09-26,21.18
2017-09-25,21.5
2017-09-22,21.52
2017-09-21,21.36
2017-09-20,21.48
2017-09-19,21.4
2017-09-18,21.2
2017-09-15,21.46
2017-09-14,21.19
2017-09-13,21.18
2017-09-12,21.01
2017-09-11,20.26
2017-09-08,20.1
2017-09-06,20.13
2017-09-05,19.82
2017-09-04,19.73
2017-09-01,19.76
2017-08-31,19.86
2017-08-30,19.88
2017-08-29,19.9
2017-08-28,19.85
2017-08-25,19.85
2017-08-24,19.8
2017-08-23,19.84
2017-08-22,19.75
2017-08-21,19.74
2017-08-18,19.76
2017-08-17,19.79
2017-08-16,19.81
2017-08-15,19.78
2017-08-14,19.71
2017-08-11,19.52
2017-08-10,19.4
2017-08-09,19.42
2017-08-08,19.39
2017-08-07,19.35
2017-08-04,19.26
2017-08-03,19.26
2017-08-02,19.4
2017-08-01,19.24
2017-07-31,19.15
2017-07-28,19.1
2017-07-27,19.11
2017-07-26,18.83
2017-07-25,18.88
2017-07-24,18.82
2017-07-21,18.81
2017-07-20,18.78
2017-07-19,18.82
2017-07-18,18.75
2017-07-17,18.84
2017-07-14,18.75
2017-07-13,18.68
2017-07-12,18.65
2017-07-11,18.52
2017-07-10,18.31
2017-07-07,18.02
2017-07-06,17.78
2017-07-05,18.22
2017-07-04,18.24
2017-07-03,18.28
2017-06-30,18.31
2017-06-29,18.25
2017-06-28,18.3
2017-06-27,18.29
2017-06-26,18.27
2017-06-23,18.24
2017-06-22,18.2
2017-06-21,18.13
2017-06-20,18.07
2017-06-19,17.87
2017-06-16,17.78
2017-06-14,18.18
2017-06-13,18.39
2017-06-12,18.08
2017-06-09,18.11
2017-06-08,18.53
2017-06-07,18.84
2017-06-06,19.07
2017-06-05,18.91
2017-06-02,18.57
2017-06-01,18.55
2017-05-31,18.71
2017-05-30,18.79
2017-05-29,18.88
2017-05-26,19.03
2017-05-25,18.92
2017-05-24,18.86
2017-05-23,18.89
2017-05-22,18.57
2017-05-19,18.62
2017-05-18,18.8
2017-05-17,19.64
2017-05-16,19.82
2017-05-15,19.74
2017-05-12,19.69
2017-05-11,19.53
2017-05-10,19.19
2017-05-09,18.95
2017-05-08,18.89
2017-05-05,18.9
2017-05-04,19.03
2017-05-03,18.56
2017-05-02,18.57
2017-04-28,18.26
2017-04-27,18.2
2017-04-26,18.21
2017-04-25,18.32
2017-04-24,18.03
2017-04-20,17.98
2017-04-19,18.1
2017-04-18,18.16
2017-04-17,18.06
2017-04-13,17.76
2017-04-12,17.67
2017-04-11,17.62
2017-04-10,18.0
2017-04-07,18.05
2017-04-06,17.98
2017-04-05,17.88
2017-04-04,18.11
2017-04-03,18.0
2017-03-31,18.24
2017-03-30,18.27
2017-03-29,18.18
2017-03-28,17.94
2017-03-27,17.79
2017-03-24,17.63
2017-03-23,17.44
2017-03-22,17.31
2017-03-21,17.42
2017-03-20,17.64
2017-03-17,17.21
2017-03-16,17.28
2017-03-15,17.3
2017-03-14,17.1
2017-03-13,17.36
2017-03-10,17.3
2017-03-09,17.3
2017-03-08,17.12
2017-03-07,16.82
2017-03-06,17.25
2017-03-03,17.39
2017-03-02,17.21
2017-03-01,17.91
2017-02-24,17.84
2017-02-23,18.13
2017-02-22,18.28
2017-02-21,18.07
2017-02-20,17.84
2017-02-17,17.9
2017-02-16,17.97
2017-02-15,18.02
2017-02-14,17.38
2017-02-13,17.25
2017-02-10,17.14
2017-02-09,16.89
2017-02-08,16.96
2017-02-07,17.02
2017-02-06,17.07
2017-02-03,17.35
2017-02-02,17.16
2017-02-01,17.32
2017-01-31,17.2
2017-01-30,16.97
2017-01-27,17.32
2017-01-26,17.31
2017-01-24,17.3
2017-01-23,17.34
2017-01-20,17.35
2017-01-19,17.3
2017-01-18,17.26
2017-01-17,17.2
2017-01-16,17.05
2017-01-13,17.11
2017-01-12,16.93
2017-01-11,16.41
2017-01-10,16.34
2017-01-09,16.53
2017-01-06,16.46
2017-01-05,16.6
2017-01-04,16.51
2017-01-03,16.64
2017-01-02,16.31
2016-12-29,16.4
2016-12-28,16.23
2016-12-27,16.11
2016-12-26,16.18
2016-12-23,16.0
2016-12-22,15.82
2016-12-21,16.34
2016-12-20,16.4
2016-12-19,16.3
2016-12-16,16.68
2016-12-15,16.32
2016-12-14,16.16
2016-12-13,16.29
2016-12-12,16.11
2016-12-09,16.64
2016-12-08,16.46
2016-12-07,16.64
2016-12-06,16.75
2016-12-05,16.46
2016-12-02,16.71
2016-12-01,16.63
2016-11-30,17.15
2016-11-29,17.06
2016-11-28,17.55
2016-11-25,17.23
2016-11-24,17.35
2016-11-23,17.64
2016-11-22,17.17
2016-11-21,17.45
2016-11-18,17.32
2016-11-17,17.62
2016-11-16,17.83
2016-11-14,17.3
2016-11-11,17.45
2016-11-10,18.05
2016-11-09,17.93
2016-11-08,18.06
2016-11-07,17.99
2016-11-04,17.72
2016-11-03,17.9
2016-11-01,18.33
2016-10-31,18.83
2016-10-28,19.1
2016-10-27,19.5
2016-10-26,19.54
2016-10-25,19.53
2016-10-24,19.7
2016-10-21,19.75
2016-10-20,19.65
2016-10-19,19.68
2016-10-18,19.65
2016-10-17,19.56
2016-10-14,19.53
2016-10-13,19.23
2016-10-11,19.45
2016-10-10,19.68
2016-10-07,19.65
2016-10-06,19.65
2016-10-05,19.59
2016-10-04,19.54
2016-10-03,19.75
2016-09-30,19.82
2016-09-29,19.72
2016-09-28,19.85
2016-09-27,19.7
2016-09-26,19.62
2016-09-23,19.73
2016-09-22,19.67
2016-09-21,19.46
2016-09-20,19.49
2016-09-19,19.45
2016-09-16,19.43
2016-09-15,19.73
2016-09-14,19.66
2016-09-13,19.42
2016-09-09,19.75
2016-09-08,20.0
2016-09-06,20.0
2016-09-05,19.88
2016-09-02,19.84
2016-09-01,19.67
2016-08-31,19.19
2016-08-30,19.24
2016-08-29,19.24
2016-08-26,19.19
2016-08-25,19.31
2016-08-24,19.58
2016-08-23,19.58
2016-08-22,19.59
2016-08-19,19.85
2016-08-18,19.92
2016-08-17,20.05
2016-08-16,20.0
2016-08-15,19.94
2016-08-12,19.73
2016-08-11,19.5
2016-08-10,19.17
2016-08-09,19.26
2016-08-08,19.25
2016-08-05,19.1
2016-08-04,18.72
2016-08-03,18.64
2016-08-02,18.84
2016-08-01,19.0
2016-07-29,18.8
2016-07-28,19.44
2016-07-27,19.32
2016-07-26,19.35
2016-07-25,19.39
2016-07-22,19.39
2016-07-21,19.2
2016-07-20,19.12
2016-07-19,19.17
2016-07-18,19.06
2016-07-15,18.95
2016-07-14,19.1
2016-07-13,19.1
2016-07-12,19.3
2016-07-11,19.4
2016-07-08,19.4
2016-07-07,19.1
2016-07-06,19.18
2016-07-05,19.29
2016-07-04,19.06
2016-07-01,19.22
2016-06-30,19.05
2016-06-29,19.02
2016-06-28,18.75
2016-06-27,18.71
2016-06-24,18.48
2016-06-23,18.51
2016-06-22,18.32
2016-06-21,18.58
2016-06-20,18.59
2016-06-17,18.61
2016-06-16,18.67
2016-06-15,18.48
2016-06-14,18.57
2016-06-13,18.91
2016-06-10,18.72
2016-06-09,19.16
2016-06-08,19.27
2016-06-07,19.09
2016-06-06,19.42
2016-06-03,19.5
2016-06-02,19.28
2016-06-01,19.34
2016-05-31,19.11
2016-05-30,19.15
2016-05-27,19.3
2016-05-25,18.98
2016-05-24,18.69
2016-05-23,18.44
2016-05-20,18.54
2016-05-19,18.6
2016-05-18,18.4
2016-05-17,18.56
2016-05-16,18.77
2016-05-13,18.76
2016-05-12,19.18
2016-05-11,18.86
2016-05-10,19.09
2016-05-09,18.89
2016-05-06,18.84
2016-05-05,19.14
2016-05-04,19.6
2016-05-03,19.59
2016-05-02,19.51
2016-04-29,19.39
2016-04-28,19.46
2016-04-27,19.36
2016-04-26,19.24
2016-04-25,19.13
2016-04-22,19.16
2016-04-20,19.2
2016-04-19,19.16
2016-04-18,18.96
2016-04-15,18.99
2016-04-14,18.74
2016-04-13,18.39
2016-04-12,18.37
2016-04-11,18.2
2016-04-08,18.57
2016-04-07,18.57
2016-04-06,18.58
2016-04-05,18.79
2016-04-04,18.58
2016-04-01,18.86
2016-03-31,18.82
2016-03-30,19.15
2016-03-29,19.34
2016-03-28,19.3
2016-03-24,19.0
2016-03-23,19.0
2016-03-22,18.74
2016-03-21,18.73
2016-03-18,18.42
2016-03-17,18.73
2016-03-16,18.29
2016-03-15,18.3
2016-03-14,18.04
2016-03-11,18.22
2016-03-10,18.63
2016-03-09,18.65
2016-03-08,19.05
2016-03-07,19.17
2016-03-04,19.11
2016-03-03,18.44
2016-03-02,18.14
2016-03-01,18.25
2016-02-29,17.64
2016-02-26,17.63
2016-02-25,17.71
2016-02-24,18.18
2016-02-23,18.26
2016-02-22,18.59
2016-02-19,18.32
2016-02-18,18.4
2016-02-17,18.26
2016-02-16,17.97
2016-02-15,17.92
2016-02-12,17.92
2016-02-11,17.85
2016-02-10,17.94
2016-02-05,18.14
2016-02-04,18.36
2016-02-03,18.1
2016-02-02,17.98
2016-02-01,18.4
2016-01-29,18.66
2016-01-28,17.89
2016-01-27,17.82
2016-01-26,16.84
2016-01-22,16.85
2016-01-21,16.32
2016-01-20,16.54
2016-01-19,16.75
2016-01-18,16.24
2016-01-15,16.59
2016-01-14,16.85
2016-01-13,16.83
2016-01-12,16.98
2016-01-11,16.8
2016-01-08,17.07
2016-01-07,16.85
2016-01-06,17.31
2016-01-05,17.48
2016-01-04,17.21
2015-12-30,17.85
2015-12-29,18.2
2015-12-28,18.14
2015-12-23,18.2
2015-12-22,17.95
2015-12-21,18.0
2015-12-18,17.8
2015-12-17,18.15
2015-12-16,18.14
2015-12-15,17.85
2015-12-14,18.05
2015-12-11,18.28
2015-12-10,18.3
2015-12-09,18.48
2015-12-08,18.14
2015-12-07,18.6
2015-12-04,18.54
2015-12-03,18.75
2015-12-02,18.44
2015-12-01,18.73
2015-11-30,18.64
2015-11-27,18.57
2015-11-26,18.81
2015-11-25,18.6
2015-11-24,18.94
2015-11-23,19.06
2015-11-19,19.35
2015-11-18,19.17
2015-11-17,19.12
2015-11-16,19.05
2015-11-13,19.1
2015-11-12,18.89
2015-11-11,19.06
2015-11-10,18.65
2015-11-09,18.7
2015-11-06,18.97
2015-11-05,19.46
2015-11-04,19.6
2015-11-03,19.6
2015-10-30,19.09
2015-10-29,19.0
2015-10-28,19.43
2015-10-27,19.81
2015-10-26,19.68
2015-10-23,19.77
2015-10-22,19.66
2015-10-21,19.7
2015-10-20,19.58
2015-10-19,19.47
2015-10-16,19.29
2015-10-15,19.11
2015-10-14,18.4
2015-10-13,18.7
2015-10-09,19.79
2015-10-08,19.68
2015-10-07,20.0
2015-10-06,19.89
2015-10-05,20.35
2015-10-02,20.06
2015-10-01,19.7
2015-09-30,19.42
2015-09-29,19.36
2015-09-28,19.28
2015-09-25,19.3
2015-09-24,19.12
2015-09-23,19.17
2015-09-22,19.4
2015-09-21,19.33
2015-09-18,19.47
2015-09-17,19.49
2015-09-16,19.45
2015-09-15,19.06
2015-09-14,18.86
2015-09-11,18.86
2015-09-10,19.17
2015-09-09,19.21
2015-09-08,19.61
2015-09-04,19.85
2015-09-03,19.63
2015-09-02,19.14
2015-09-01,18.71
2015-08-31,19.09
2015-08-28,19.2
2015-08-27,19.1
2015-08-26,18.85
2015-08-25,18.4
2015-08-24,17.96
2015-08-21,18.13
2015-08-20,18.43
2015-08-19,18.2
2015-08-18,18.78
2015-08-17,18.55
2015-08-14,18.61
2015-08-13,18.75
2015-08-12,18.84
2015-08-11,19.55
2015-08-10,19.57
2015-08-07,19.52
2015-08-06,19.86
2015-08-05,19.95
2015-08-04,19.73
2015-08-03,19.53
2015-07-31,19.46
2015-07-30,18.91
2015-07-29,18.75
2015-07-28,18.79
2015-07-27,18.73
2015-07-24,19.04
2015-07-23,19.29
2015-07-22,19.5
2015-07-21,19.6
2015-07-20,19.68
2015-07-17,19.72
2015-07-16,19.69
2015-07-15,19.69
2015-07-14,19.61
2015-07-13,19.57
2015-07-10,19.5
2015-07-08,19.14
2015-07-07,19.25
2015-07-06,19.2
2015-07-03,19.18
2015-07-02,19.08
2015-07-01,19.1
2015-06-30,19.1
2015-06-29,19.0
2015-06-26,19.18
2015-06-25,18.94
2015-06-24,18.95
2015-06-23,18.98
2015-06-22,18.97
2015-06-19,18.9
2015-06-18,18.8
2015-06-17,18.69
2015-06-16,18.74
2015-06-15,18.42
2015-06-12,18.68
2015-06-11,18.75
2015-06-10,18.8
2015-06-09,18.46
2015-06-08,18.53
2015-06-05,18.65
2015-06-03,18.4
2015-06-02,18.58
2015-06-01,18.53
2015-05-29,18.4
2015-05-28,18.48
2015-05-27,18.47
2015-05-26,18.54
2015-05-25,18.83
2015-05-22,18.78
2015-05-21,18.78
2015-05-20,18.71
2015-05-19,19.26
2015-05-18,19.36
2015-05-15,19.58
2015-05-14,19.44
2015-05-13,19.42
2015-05-12,19.54
2015-05-11,19.82
2015-05-08,19.85
2015-05-07,19.6
2015-05-06,19.7
2015-05-05,19.61
2015-05-04,19.35
2015-04-30,18.94
2015-04-29,18.83
2015-04-28,18.89
2015-04-27,18.8
2015-04-24,18.9
2015-04-23,18.88
2015-04-22,18.95
2015-04-20,18.9
2015-04-17,18.95
2015-04-16,19.1
2015-04-15,19.1
2015-04-14,19.1
2015-04-13,19.47
2015-04-10,19.5
2015-04-09,19.35
2015-04-08,19.45
2015-04-07,19.43
2015-04-06,19.23
2015-04-02,18.86
2015-04-01,18.88
2015-03-31,18.45
2015-03-30,18.64
2015-03-27,18.24
2015-03-26,18.1
2015-03-25,18.43
2015-03-24,18.53
2015-03-23,18.8
2015-03-20,18.64
2015-03-19,18.49
2015-03-18,18.46
2015-03-17,18.22
2015-03-16,18.03
2015-03-13,18.09
2015-03-12,18.06
2015-03-11,18.11
2015-03-10,17.7
2015-03-09,18.28
2015-03-06,18.22
2015-03-05,18.32
2015-03-04,18.23
2015-03-03,18.43
2015-03-02,18.08
2015-02-27,18.34
2015-02-26,18.3
2015-02-25,18.3
2015-02-24,18.54
2015-02-23,18.38
2015-02-20,18.2
2015-02-19,18.24
2015-02-18,18.25
2015-02-13,17.96
2015-02-12,18.1
2015-02-11,17.84
2015-02-10,17.98
2015-02-09,18.16
2015-02-06,17.85
2015-02-05,17.6
2015-02-04,17.33
2015-02-03,17.5
2015-02-02,17.39
2015-01-30,17.63
2015-01-29,17.67
2015-01-28,17.11
2015-01-27,16.95
2015-01-26,17.02
2015-01-23,17.1
2015-01-22,17.22
2015-01-21,17.1
2015-01-20,16.88
2015-01-19,16.64
2015-01-16,16.9
2015-01-15,16.68
2015-01-14,16.67
2015-01-13,16.72
2015-01-12,16.78
2015-01-09,16.47
2015-01-08,16.48
2015-01-07,16.51
2015-01-06,16.11
2015-01-05,15.66
2015-01-02,16.01
2014-12-30,16.35
2014-12-29,16.37
2014-12-26,16.22
2014-12-23,16.37
2014-12-22,16.35
2014-12-19,15.95
2014-12-18,15.82
2014-12-17,15.82
2014-12-16,15.45
2014-12-15,15.43
2014-12-12,15.5
2014-12-11,15.99
2014-12-10,15.8
2014-12-09,15.68
2014-12-08,15.75
2014-12-05,16.0
2014-12-04,15.71
2014-12-03,15.76
2014-12-02,15.7
2014-12-01,16.01
2014-11-28,16.85
2014-11-27,16.56
2014-11-26,16.64
2014-11-25,16.83
2014-11-24,16.87
2014-11-21,17.13
2014-11-19,16.54
2014-11-18,16.18
2014-11-17,15.87
2014-11-14,15.82
2014-11-13,16.0
2014-11-12,16.37
2014-11-11,16.0
2014-11-10,16.32
2014-11-07,16.44
2014-11-06,16.29
2014-11-05,16.35
2014-11-04,16.35
2014-11-03,16.2
2014-10-31,16.4
2014-10-30,15.71
2014-10-29,15.63
2014-10-28,15.62
2014-10-27,15.65
2014-10-24,15.71
2014-10-23,15.2
2014-10-22,15.53
2014-10-21,15.59
2014-10-20,15.91
2014-10-17,16.07
2014-10-16,15.55
2014-10-15,15.77
2014-10-14,16.13
2014-10-13,16.07
2014-10-10,15.71
2014-10-09,16.1
2014-10-08,16.14
2014-10-07,16.44
2014-10-06,16.62
2014-10-03,16.2
2014-10-02,15.97
2014-10-01,15.6
2014-09-30,16.04
2014-09-29,16.16
2014-09-26,16.41
2014-09-25,16.36
2014-09-24,16.5
2014-09-23,16.39
2014-09-22,16.44
2014-09-19,16.4
2014-09-18,16.18
2014-09-17,15.95
2014-09-16,16.23
2014-09-15,16.05
2014-09-12,15.47
2014-09-11,15.8
2014-09-10,15.93
2014-09-09,15.7
2014-09-08,15.76
2014-09-05,16.0
2014-09-04,16.35
2014-09-03,16.23
2014-09-02,15.97
2014-09-01,15.96
2014-08-29,16.3
2014-08-28,16.33
2014-08-27,16.55
2014-08-26,16.55
2014-08-25,16.62
2014-08-22,16.25
2014-08-21,16.31
2014-08-20,16.38
2014-08-19,16.3
2014-08-18,16.14
2014-08-15,15.9
2014-08-14,15.72
2014-08-13,15.69
2014-08-12,15.83
2014-08-11,15.87
2014-08-08,15.7
2014-08-07,15.55
2014-08-06,15.46
2014-08-05,15.33
2014-08-04,15.67
2014-08-01,15.66
2014-07-28,16.46
2014-07-25,16.6
2014-07-24,16.72
2014-07-23,16.47
2014-07-22,16.67
2014-07-21,16.81
2014-07-18,16.63
2014-07-17,16.2
2014-07-16,16.02
2014-07-15,15.71
2014-07-14,15.6
2014-07-11,15.7
2014-07-10,15.67
2014-07-08,16.07
2014-07-07,16.09
2014-07-04,16.32
2014-07-03,16.3
2014-07-02,16.0
2014-07-01,16.03
2014-06-30,15.76
2014-06-27,15.54
2014-06-26,15.68
2014-06-25,15.51
2014-06-24,15.58
2014-06-23,15.65
2014-06-20,16.0
2014-06-18,15.96
2014-06-17,15.55
2014-06-16,15.65
2014-06-13,15.85
2014-06-11,16.08
2014-06-10,16.33
2014-06-09,16.4
2014-06-06,16.3
2014-06-05,16.08
2014-06-04,16.21
2014-06-03,16.35
2014-06-02,16.3
2014-05-30,15.86
2014-05-29,16.15
2014-05-28,16.15
2014-05-27,16.12
2014-05-26,16.65
2014-05-23,16.58
2014-05-22,16.71
2014-05-21,16.5
2014-05-20,16.3
2014-05-19,16.49
2014-05-16,16.55
2014-05-15,16.5
2014-05-14,16.7
2014-05-13,16.6
2014-05-12,16.68
2014-05-09,16.53
2014-05-08,16.3
2014-05-07,16.3
2014-05-06,16.65
2014-05-05,16.5
2014-05-02,16.01
2014-04-30,16.3
2014-04-29,17.16
2014-04-28,17.24
2014-04-25,17.27
2014-04-24,17.4
2014-04-23,17.63
2014-04-22,17.84
2014-04-17,17.39
2014-04-16,17.49
2014-04-15,17.34
2014-04-14,17.37
2014-04-11,17.4
2014-04-10,16.98
2014-04-09,16.8
2014-04-08,16.82
2014-04-07,16.9
2014-04-04,16.9
2014-04-03,17.18
2014-04-02,17.3
2014-04-01,17.1
2014-03-31,16.95
2014-03-28,16.95
2014-03-27,17.05
2014-03-26,16.65
2014-03-25,16.74
2014-03-24,16.76
2014-03-21,16.66
2014-03-20,16.76
2014-03-18,16.79
2014-03-17,16.67
2014-03-14,16.36
2014-03-13,16.6
2014-03-12,16.72
2014-03-11,16.7
2014-03-10,16.69
2014-03-07,16.76
2014-03-06,16.87
2014-03-05,16.8
2014-02-28,16.88
2014-02-27,16.89
2014-02-26,16.78
2014-02-25,16.6
2014-02-24,16.6
2014-02-21,16.58
2014-02-20,16.53
2014-02-19,16.34
2014-02-18,16.15
2014-02-17,16.56
2014-02-14,16.68
2014-02-13,16.33
2014-02-12,16.15
2014-02-11,16.6
2014-02-10,16.14
2014-02-07,16.39
2014-02-06,16.17
2014-02-05,15.44
2014-02-04,15.57
2014-02-03,15.5
2014-01-31,16.09
2014-01-30,15.87
2014-01-29,16.05
2014-01-28,16.1
2014-01-27,16.04
2014-01-24,16.43
2014-01-23,16.55
2014-01-22,17.14
2014-01-21,16.9
2014-01-20,16.7
2014-01-17,16.64
2014-01-16,16.78
2014-01-15,17.0
2014-01-14,17.25
2014-01-13,17.04
2014-01-10,17.2
2014-01-09,17.09
2014-01-08,17.5
2014-01-07,17.33
2014-01-06,16.8
2014-01-03,16.9
2014-01-02,17.39
2013-12-30,17.32
2013-12-27,17.1
2013-12-26,16.94
2013-12-23,17.07
2013-12-20,16.95
2013-12-19,17.03
2013-12-18,16.7
2013-12-17,16.5
2013-12-16,16.51
2013-12-13,16.41
2013-12-12,16.6
2013-12-11,16.87
2013-12-10,16.8
2013-12-09,16.99
2013-12-06,16.74
2013-12-05,16.85
2013-12-04,16.6
2013-12-03,17.16
2013-12-02,17.51
2013-11-08,87.0
2013-11-07,84.96
2013-11-06,83.8
2013-11-05,82.4
2013-11-04,83.5
2013-11-01,84.4
2013-10-31,83.45
2013-10-30,84.13
2013-10-29,84.9
2013-10-28,85.63
2013-10-25,85.51
2013-10-24,85.0
2013-10-23,84.5
2013-10-22,86.8
2013-10-21,86.27
2013-10-18,86.4
2013-10-17,85.99
2013-10-16,84.7
2013-10-15,85.44
2013-10-14,85.29
2013-10-11,84.7
2013-10-10,84.35
2013-10-09,83.46
2013-10-08,83.6
2013-10-07,84.8
2013-10-04,85.49
2013-10-03,84.62
2013-10-02,84.82
2013-10-01,85.32
2013-09-30,84.68
2013-09-27,87.55
2013-09-26,87.76
2013-09-25,86.1
2013-09-24,86.22
2013-09-23,86.64
2013-09-20,86.71
2013-09-19,87.12
2013-09-18,85.46
2013-09-17,84.98
2013-09-16,84.83
2013-09-13,84.49
2013-09-12,84.45
2013-09-11,85.09
2013-09-10,84.25
2013-09-09,82.74
2013-09-06,81.84
2013-09-05,82.0
2013-09-04,81.2
2013-09-03,81.2
2013-09-02,83.5
2013-08-30,83.68
2013-08-29,82.75
2013-08-28,80.35
2013-08-27,81.0
2013-08-26,81.18
2013-08-23,82.27
2013-08-22,83.0
2013-08-21,82.35
2013-08-20,83.0
2013-08-19,86.85
2013-08-16,87.2
2013-08-15,86.65
2013-08-14,85.7
2013-08-13,86.19
2013-08-12,84.85
2013-08-09,85.18
2013-08-08,86.0
2013-08-07,85.16
2013-08-06,85.6
2013-08-05,86.4
2013-08-02,87.01
2013-08-01,87.9
2013-07-31,85.99
2013-07-30,82.07
2013-07-29,81.13
2013-07-26,81.4
2013-07-25,81.04
2013-07-24,81.0
2013-07-23,81.79
2013-07-22,81.2
2013-07-19,80.08
2013-07-18,80.2
2013-07-17,81.12
2013-07-16,81.81
2013-07-15,83.01
2013-07-12,81.97
2013-07-11,81.75
2013-07-10,81.8
2013-07-08,81.11
2013-07-05,81.48
2013-07-04,80.2
2013-07-03,80.35
2013-07-02,81.2
2013-07-01,82.77
2013-06-28,82.58
2013-06-27,79.3
2013-06-26,78.2
2013-06-25,76.19
2013-06-24,76.01
2013-06-21,77.81
2013-06-20,76.25
2013-06-19,77.2
2013-06-18,77.65
2013-06-17,78.05
2013-06-14,76.7
2013-06-13,75.69
2013-06-12,76.21
2013-06-11,76.15
2013-06-10,78.08
2013-06-07,78.0
2013-06-06,79.02
2013-06-05,78.56
2013-06-04,79.55
2013-06-03,80.18
2013-05-31,82.05
2013-05-29,83.13
2013-05-28,84.9
2013-05-27,83.77
2013-05-24,83.85
2013-05-23,84.33
2013-05-22,84.79
2013-05-21,85.49
2013-05-20,85.9
2013-05-17,86.53
2013-05-16,85.62
2013-05-15,86.5
2013-05-14,86.1
2013-05-13,84.73
